numero;titulo;editora;volume;referencia_catalogo;pagina_fonte;url_imagem;status_http;content_type;largura;altura;bytes;sha256;arquivo
1;Magali;Globo;1;https://www.guiadosquadrinhos.com/capas/magali/ma00501;https://www.getback.com.br/Monica/Magali%20Globo/01-10.htm;https://www.getback.com.br/Monica/Magali%20Globo/01-10/01.jpg;200;image/jpeg;140;200;21195;8e9b2f461cc3f0aa417bc44783e76e8ca3b410923421fadec4dc506d6f1de839;backend/src/main/resources/META-INF/resources/capas/magali-globo-v1/001.jpg
2;Magali;Globo;1;https://www.guiadosquadrinhos.com/capas/magali/ma00501;https://www.getback.com.br/Monica/Magali%20Globo/01-10.htm;https://www.getback.com.br/Monica/Magali%20Globo/01-10/02.jpg;200;image/jpeg;140;200;19959;725256469f294eb64b0723c1f282557b4c660add1e178be21a5388da0915dc07;backend/src/main/resources/META-INF/resources/capas/magali-globo-v1/002.jpg
3;Magali;Globo;1;https://www.guiadosquadrinhos.com/capas/magali/ma00501;https://www.getback.com.br/Monica/Magali%20Globo/01-10.htm;https://www.getback.com.br/Monica/Magali%20Globo/01-10/03.jpg;200;image/jpeg;140;200;21382;8d5a59d127438a1403034253ab232cfcf3ee00fddc5d860c5d21aa507639acbe;backend/src/main/resources/META-INF/resources/capas/magali-globo-v1/003.jpg
4;Magali;Globo;1;https://www.guiadosquadrinhos.com/capas/magali/ma00501;https://www.getback.com.br/Monica/Magali%20Globo/01-10.htm;https://www.getback.com.br/Monica/Magali%20Globo/01-10/04.jpg;200;image/jpeg;140;200;21002;0cdc21f9c9fa4a65af665c541742f5b8bdfeb0bc234214737ae3546c37cad331;backend/src/main/resources/META-INF/resources/capas/magali-globo-v1/004.jpg
5;Magali;Globo;1;https://www.guiadosquadrinhos.com/capas/magali/ma00501;https://www.getback.com.br/Monica/Magali%20Globo/01-10.htm;https://www.getback.com.br/Monica/Magali%20Globo/01-10/05.jpg;200;image/jpeg;140;200;20573;7dbc11061ff057d2ccf8a0be70ad1c36f58b86535feab63fb49df4fd329bb9a5;backend/src/main/resources/META-INF/resources/capas/magali-globo-v1/005.jpg
6;Magali;Globo;1;https://www.guiadosquadrinhos.com/capas/magali/ma00501;https://www.getback.com.br/Monica/Magali%20Globo/01-10.htm;https://www.getback.com.br/Monica/Magali%20Globo/01-10/06.jpg;200;image/jpeg;140;200;22160;b1ab8bdedd9f124f2f6eefa17b1f2293e01575a698c16641891f086fd2e84800;backend/src/main/resources/META-INF/resources/capas/magali-globo-v1/006.jpg
7;Magali;Globo;1;https://www.guiadosquadrinhos.com/capas/magali/ma00501;https://www.getback.com.br/Monica/Magali%20Globo/01-10.htm;https://www.getback.com.br/Monica/Magali%20Globo/01-10/07.jpg;200;image/jpeg;140;200;20792;d66f95b67f3e9a72c59f48e48abd45aaba1ed930a1ef27552ff08470b15b21f6;backend/src/main/resources/META-INF/resources/capas/magali-globo-v1/007.jpg
8;Magali;Globo;1;https://www.guiadosquadrinhos.com/capas/magali/ma00501;https://www.getback.com.br/Monica/Magali%20Globo/01-10.htm;https://www.getback.com.br/Monica/Magali%20Globo/01-10/08.jpg;200;image/jpeg;140;200;21427;0e5b8980072b5d423bd8e0d8a5f3a710ff84d4bf15e4537453e921644e4d36bc;backend/src/main/resources/META-INF/resources/capas/magali-globo-v1/008.jpg
9;Magali;Globo;1;https://www.guiadosquadrinhos.com/capas/magali/ma00501;https://www.getback.com.br/Monica/Magali%20Globo/01-10.htm;https://www.getback.com.br/Monica/Magali%20Globo/01-10/09.jpg;200;image/jpeg;140;200;22428;4c300f3fa2dab954c8d4332d505e499313337808facf95dbf0f0be9e40493fe7;backend/src/main/resources/META-INF/resources/capas/magali-globo-v1/009.jpg
10;Magali;Globo;1;https://www.guiadosquadrinhos.com/capas/magali/ma00501;https://www.getback.com.br/Monica/Magali%20Globo/01-10.htm;https://www.getback.com.br/Monica/Magali%20Globo/01-10/10.jpg;200;image/jpeg;140;200;21927;70a58d6aac87e4149917d6f236208288889df1dc525641a98b3d8cb22ebc5456;backend/src/main/resources/META-INF/resources/capas/magali-globo-v1/010.jpg
11;Magali;Globo;1;https://www.guiadosquadrinhos.com/capas/magali/ma00501;https://www.getback.com.br/Monica/Magali%20Globo/11-20.htm;https://www.getback.com.br/Monica/Magali%20Globo/11-20/11.jpg;200;image/jpeg;140;200;24395;2bd5869a0a4faba16dbb080f067c6101a87017fe77b13af89d3f81a28ae9ecb6;backend/src/main/resources/META-INF/resources/capas/magali-globo-v1/011.jpg
12;Magali;Globo;1;https://www.guiadosquadrinhos.com/capas/magali/ma00501;https://www.getback.com.br/Monica/Magali%20Globo/11-20.htm;https://www.getback.com.br/Monica/Magali%20Globo/11-20/12.jpg;200;image/jpeg;140;200;22252;2998ea7f0bda8eaf6f62b6f2a6e4fab21ff5a98da5be220dd9f0dbf8652b6f2f;backend/src/main/resources/META-INF/resources/capas/magali-globo-v1/012.jpg
13;Magali;Globo;1;https://www.guiadosquadrinhos.com/capas/magali/ma00501;https://www.getback.com.br/Monica/Magali%20Globo/11-20.htm;https://www.getback.com.br/Monica/Magali%20Globo/11-20/13.jpg;200;image/jpeg;140;200;22477;0dd732ad264908d3d7a23a37d904f85c490723c9e0c1325081166b04665fe9b9;backend/src/main/resources/META-INF/resources/capas/magali-globo-v1/013.jpg
14;Magali;Globo;1;https://www.guiadosquadrinhos.com/capas/magali/ma00501;https://www.getback.com.br/Monica/Magali%20Globo/11-20.htm;https://www.getback.com.br/Monica/Magali%20Globo/11-20/14.jpg;200;image/jpeg;140;200;19338;6bf656641d673bbd9ef0eaea0dc9d007e33dee0049085d3c753569631fbf15cb;backend/src/main/resources/META-INF/resources/capas/magali-globo-v1/014.jpg
15;Magali;Globo;1;https://www.guiadosquadrinhos.com/capas/magali/ma00501;https://www.getback.com.br/Monica/Magali%20Globo/11-20.htm;https://www.getback.com.br/Monica/Magali%20Globo/11-20/15.jpg;200;image/jpeg;140;200;19707;936d4b0510576ae5388b1aaa51741eb0f122bb0dda891af89f304d1f18a1e750;backend/src/main/resources/META-INF/resources/capas/magali-globo-v1/015.jpg
16;Magali;Globo;1;https://www.guiadosquadrinhos.com/capas/magali/ma00501;https://www.getback.com.br/Monica/Magali%20Globo/11-20.htm;https://www.getback.com.br/Monica/Magali%20Globo/11-20/16.jpg;200;image/jpeg;140;200;21802;c6eac1c4caa327d81c4468c84fd55fbc0433ea5055394efafedb32c7d9032f37;backend/src/main/resources/META-INF/resources/capas/magali-globo-v1/016.jpg
17;Magali;Globo;1;https://www.guiadosquadrinhos.com/capas/magali/ma00501;https://www.getback.com.br/Monica/Magali%20Globo/11-20.htm;https://www.getback.com.br/Monica/Magali%20Globo/11-20/17.jpg;200;image/jpeg;140;200;22222;20fb008c8fcbf1669de491a9fb81a6aa37469a76144e6ddbc3500e7c261c40e2;backend/src/main/resources/META-INF/resources/capas/magali-globo-v1/017.jpg
18;Magali;Globo;1;https://www.guiadosquadrinhos.com/capas/magali/ma00501;https://www.getback.com.br/Monica/Magali%20Globo/11-20.htm;https://www.getback.com.br/Monica/Magali%20Globo/11-20/18.jpg;200;image/jpeg;140;200;21547;b211a8d363b076dd56ce2f888497b73e647a07666923ef57038122e426378b1c;backend/src/main/resources/META-INF/resources/capas/magali-globo-v1/018.jpg
19;Magali;Globo;1;https://www.guiadosquadrinhos.com/capas/magali/ma00501;https://www.getback.com.br/Monica/Magali%20Globo/11-20.htm;https://www.getback.com.br/Monica/Magali%20Globo/11-20/19.jpg;200;image/jpeg;140;200;20846;7d468dee0291d922d6e26a54e0ef98cef72994c8561ad88d57b57c937c599a7c;backend/src/main/resources/META-INF/resources/capas/magali-globo-v1/019.jpg
20;Magali;Globo;1;https://www.guiadosquadrinhos.com/capas/magali/ma00501;https://www.getback.com.br/Monica/Magali%20Globo/11-20.htm;https://www.getback.com.br/Monica/Magali%20Globo/11-20/20.jpg;200;image/jpeg;140;200;22258;cb1650b127ad10d582c523240d06114afd32489b5e2de58c8c6e56b4ee4df8f0;backend/src/main/resources/META-INF/resources/capas/magali-globo-v1/020.jpg
21;Magali;Globo;1;https://www.guiadosquadrinhos.com/capas/magali/ma00501;https://www.getback.com.br/Monica/Magali%20Globo/21-30.htm;https://www.getback.com.br/Monica/Magali%20Globo/21-30/21.jpg;200;image/jpeg;140;200;21138;2792035c02456db299b54d5101cbd9b10c11e4f59c82927abb9b4fcc13618087;backend/src/main/resources/META-INF/resources/capas/magali-globo-v1/021.jpg
22;Magali;Globo;1;https://www.guiadosquadrinhos.com/capas/magali/ma00501;https://www.getback.com.br/Monica/Magali%20Globo/21-30.htm;https://www.getback.com.br/Monica/Magali%20Globo/21-30/22.jpg;200;image/jpeg;140;200;23173;825f8eb123196ab61aa1d2024833cb5781e1b971af9bceb82754d3d63e7b6c66;backend/src/main/resources/META-INF/resources/capas/magali-globo-v1/022.jpg
23;Magali;Globo;1;https://www.guiadosquadrinhos.com/capas/magali/ma00501;https://www.getback.com.br/Monica/Magali%20Globo/21-30.htm;https://www.getback.com.br/Monica/Magali%20Globo/21-30/23.jpg;200;image/jpeg;140;200;24837;020405b7c8fa1b5b85c22befd709e4f93864825717842bb1d3923b34b6f03a2b;backend/src/main/resources/META-INF/resources/capas/magali-globo-v1/023.jpg
24;Magali;Globo;1;https://www.guiadosquadrinhos.com/capas/magali/ma00501;https://www.getback.com.br/Monica/Magali%20Globo/21-30.htm;https://www.getback.com.br/Monica/Magali%20Globo/21-30/24.jpg;200;image/jpeg;140;200;20327;f8cada0648bdf10c1b68a2a0313344375f9766f40f48548e81bdd611cc73e3c0;backend/src/main/resources/META-INF/resources/capas/magali-globo-v1/024.jpg
25;Magali;Globo;1;https://www.guiadosquadrinhos.com/capas/magali/ma00501;https://www.getback.com.br/Monica/Magali%20Globo/21-30.htm;https://www.getback.com.br/Monica/Magali%20Globo/21-30/25.jpg;200;image/jpeg;140;200;21501;9923eaabc991765b13c558e2c5ff978db78733b6a73c3ced412b44cfdd88d486;backend/src/main/resources/META-INF/resources/capas/magali-globo-v1/025.jpg
26;Magali;Globo;1;https://www.guiadosquadrinhos.com/capas/magali/ma00501;https://www.getback.com.br/Monica/Magali%20Globo/21-30.htm;https://www.getback.com.br/Monica/Magali%20Globo/21-30/26.jpg;200;image/jpeg;140;200;24409;adba27f9a1a899503ba46370bee10b31ebc485f77517fc48631b07c5cc532169;backend/src/main/resources/META-INF/resources/capas/magali-globo-v1/026.jpg
27;Magali;Globo;1;https://www.guiadosquadrinhos.com/capas/magali/ma00501;https://www.getback.com.br/Monica/Magali%20Globo/21-30.htm;https://www.getback.com.br/Monica/Magali%20Globo/21-30/27.jpg;200;image/jpeg;140;200;23005;4abeabc09b2fc4b799be91b543c07eae36c190529e2d34675424bd67cf753466;backend/src/main/resources/META-INF/resources/capas/magali-globo-v1/027.jpg
28;Magali;Globo;1;https://www.guiadosquadrinhos.com/capas/magali/ma00501;https://www.getback.com.br/Monica/Magali%20Globo/21-30.htm;https://www.getback.com.br/Monica/Magali%20Globo/21-30/28.jpg;200;image/jpeg;140;200;24505;4cc55df1dafea4c7b385c09757abc150ddb8f4ed2395db2f59c1574687645616;backend/src/main/resources/META-INF/resources/capas/magali-globo-v1/028.jpg
29;Magali;Globo;1;https://www.guiadosquadrinhos.com/capas/magali/ma00501;https://www.getback.com.br/Monica/Magali%20Globo/21-30.htm;https://www.getback.com.br/Monica/Magali%20Globo/21-30/29.jpg;200;image/jpeg;140;200;21329;289a2cb7a0d1fdcb629987e6e9bed877bf725d5168aa640a0d134e07ff9e22ae;backend/src/main/resources/META-INF/resources/capas/magali-globo-v1/029.jpg
30;Magali;Globo;1;https://www.guiadosquadrinhos.com/capas/magali/ma00501;https://www.getback.com.br/Monica/Magali%20Globo/21-30.htm;https://www.getback.com.br/Monica/Magali%20Globo/21-30/30.jpg;200;image/jpeg;140;200;24217;8c051d2160c9f040580bdc99b8a238f4cc65c72fc815efbcd3d819eb0599b296;backend/src/main/resources/META-INF/resources/capas/magali-globo-v1/030.jpg
31;Magali;Globo;1;https://www.guiadosquadrinhos.com/capas/magali/ma00501;https://www.getback.com.br/Monica/Magali%20Globo/31-40.htm;https://www.getback.com.br/Monica/Magali%20Globo/31-40/31.jpg;200;image/jpeg;140;200;22894;54cf2488f3a6ace6bfebdd9c4e3acfc37605a50bb7a82467dc6a64eb4e004677;backend/src/main/resources/META-INF/resources/capas/magali-globo-v1/031.jpg
32;Magali;Globo;1;https://www.guiadosquadrinhos.com/capas/magali/ma00501;https://www.getback.com.br/Monica/Magali%20Globo/31-40.htm;https://www.getback.com.br/Monica/Magali%20Globo/31-40/32.jpg;200;image/jpeg;140;200;22018;1832bb5f6c83b6f627239b2e2311566aa62d1215b79dc8cffe0283bbdce30d64;backend/src/main/resources/META-INF/resources/capas/magali-globo-v1/032.jpg
33;Magali;Globo;1;https://www.guiadosquadrinhos.com/capas/magali/ma00501;https://www.getback.com.br/Monica/Magali%20Globo/31-40.htm;https://www.getback.com.br/Monica/Magali%20Globo/31-40/33.jpg;200;image/jpeg;140;200;22163;c0845aeb737e7d82bbd62919f85f81e98e8bf23a2bd04942620ba6b1555f457a;backend/src/main/resources/META-INF/resources/capas/magali-globo-v1/033.jpg
34;Magali;Globo;1;https://www.guiadosquadrinhos.com/capas/magali/ma00501;https://www.getback.com.br/Monica/Magali%20Globo/31-40.htm;https://www.getback.com.br/Monica/Magali%20Globo/31-40/34.jpg;200;image/jpeg;140;200;22676;6a9059509f49ae4d62fe55dbb4fd8ed39f108ff9f43df1ffba9348d1dc2c896f;backend/src/main/resources/META-INF/resources/capas/magali-globo-v1/034.jpg
35;Magali;Globo;1;https://www.guiadosquadrinhos.com/capas/magali/ma00501;https://www.getback.com.br/Monica/Magali%20Globo/31-40.htm;https://www.getback.com.br/Monica/Magali%20Globo/31-40/35.jpg;200;image/jpeg;140;200;24788;20c6ab024a34cd782fdedf0d693f15bfd7a4cb6a7af9c502f7da9854b6d2c51a;backend/src/main/resources/META-INF/resources/capas/magali-globo-v1/035.jpg
36;Magali;Globo;1;https://www.guiadosquadrinhos.com/capas/magali/ma00501;https://www.getback.com.br/Monica/Magali%20Globo/31-40.htm;https://www.getback.com.br/Monica/Magali%20Globo/31-40/36.jpg;200;image/jpeg;140;200;22070;629924a476e25add156446e9998595c65b8da872bf8995bb107640d130c5c25d;backend/src/main/resources/META-INF/resources/capas/magali-globo-v1/036.jpg
37;Magali;Globo;1;https://www.guiadosquadrinhos.com/capas/magali/ma00501;https://www.getback.com.br/Monica/Magali%20Globo/31-40.htm;https://www.getback.com.br/Monica/Magali%20Globo/31-40/37.jpg;200;image/jpeg;140;200;23271;fd265aa565a3b4ae22a3b8bd9a2614d5213af35a0cca12d4df1a688947c8623d;backend/src/main/resources/META-INF/resources/capas/magali-globo-v1/037.jpg
38;Magali;Globo;1;https://www.guiadosquadrinhos.com/capas/magali/ma00501;https://www.getback.com.br/Monica/Magali%20Globo/31-40.htm;https://www.getback.com.br/Monica/Magali%20Globo/31-40/38.jpg;200;image/jpeg;140;200;20029;340badc4e8eedc31d6dccba6d571e3270dba964e1591042e7e59efcae881312c;backend/src/main/resources/META-INF/resources/capas/magali-globo-v1/038.jpg
39;Magali;Globo;1;https://www.guiadosquadrinhos.com/capas/magali/ma00501;https://www.getback.com.br/Monica/Magali%20Globo/31-40.htm;https://www.getback.com.br/Monica/Magali%20Globo/31-40/39.jpg;200;image/jpeg;140;200;25243;c0c851d779389187742901431b115adb2746826524cc5a1610ece7db47053bb4;backend/src/main/resources/META-INF/resources/capas/magali-globo-v1/039.jpg
40;Magali;Globo;1;https://www.guiadosquadrinhos.com/capas/magali/ma00501;https://www.getback.com.br/Monica/Magali%20Globo/31-40.htm;https://www.getback.com.br/Monica/Magali%20Globo/31-40/40.jpg;200;image/jpeg;140;200;20309;f8ab15f6f515f00d3beeb6dd81327d5b2d4af2a199743593a2933055b56f6d06;backend/src/main/resources/META-INF/resources/capas/magali-globo-v1/040.jpg
41;Magali;Globo;1;https://www.guiadosquadrinhos.com/capas/magali/ma00501;https://www.getback.com.br/Monica/Magali%20Globo/41-50.htm;https://www.getback.com.br/Monica/Magali%20Globo/41-50/41.jpg;200;image/jpeg;140;200;21780;3aa2f705b8368120762a7e0c38f7034f5b335f11f7adec11c5dcaef538272fbd;backend/src/main/resources/META-INF/resources/capas/magali-globo-v1/041.jpg
42;Magali;Globo;1;https://www.guiadosquadrinhos.com/capas/magali/ma00501;https://www.getback.com.br/Monica/Magali%20Globo/41-50.htm;https://www.getback.com.br/Monica/Magali%20Globo/41-50/42.jpg;200;image/jpeg;140;200;23369;9594a17b5b6645c9b62e6421b96b6f910c9db59947c6ff16c93e3fd597e9b41d;backend/src/main/resources/META-INF/resources/capas/magali-globo-v1/042.jpg
43;Magali;Globo;1;https://www.guiadosquadrinhos.com/capas/magali/ma00501;https://www.getback.com.br/Monica/Magali%20Globo/41-50.htm;https://www.getback.com.br/Monica/Magali%20Globo/41-50/43.jpg;200;image/jpeg;140;200;22625;4e5cb1adfa4b50bc0de3812e6d4e25ba3c097b93b20ea358fad9c2d5fbf55b5f;backend/src/main/resources/META-INF/resources/capas/magali-globo-v1/043.jpg
44;Magali;Globo;1;https://www.guiadosquadrinhos.com/capas/magali/ma00501;https://www.getback.com.br/Monica/Magali%20Globo/41-50.htm;https://www.getback.com.br/Monica/Magali%20Globo/41-50/44.jpg;200;image/jpeg;140;200;25878;c0b07918574f4fccb234d4b8570a231d765ddbf4141ad150a7c57d45c6cfb192;backend/src/main/resources/META-INF/resources/capas/magali-globo-v1/044.jpg
45;Magali;Globo;1;https://www.guiadosquadrinhos.com/capas/magali/ma00501;https://www.getback.com.br/Monica/Magali%20Globo/41-50.htm;https://www.getback.com.br/Monica/Magali%20Globo/41-50/45.jpg;200;image/jpeg;140;200;19945;27e3c8b2f9c6852505803656551afdf1ace2251d84f0ab05b72ee2b8b285438b;backend/src/main/resources/META-INF/resources/capas/magali-globo-v1/045.jpg
46;Magali;Globo;1;https://www.guiadosquadrinhos.com/capas/magali/ma00501;https://www.getback.com.br/Monica/Magali%20Globo/41-50.htm;https://www.getback.com.br/Monica/Magali%20Globo/41-50/46.jpg;200;image/jpeg;140;200;20322;2973b7ad0127a23e934169539dbad80fcc387c380159e22763c613a2a072c2a5;backend/src/main/resources/META-INF/resources/capas/magali-globo-v1/046.jpg
47;Magali;Globo;1;https://www.guiadosquadrinhos.com/capas/magali/ma00501;https://www.getback.com.br/Monica/Magali%20Globo/41-50.htm;https://www.getback.com.br/Monica/Magali%20Globo/41-50/47.jpg;200;image/jpeg;140;200;21173;699b13e38be3050bbca293c6dbbfb1c1ce4b026638909729fb948e5c71332a06;backend/src/main/resources/META-INF/resources/capas/magali-globo-v1/047.jpg
48;Magali;Globo;1;https://www.guiadosquadrinhos.com/capas/magali/ma00501;https://www.getback.com.br/Monica/Magali%20Globo/41-50.htm;https://www.getback.com.br/Monica/Magali%20Globo/41-50/48.jpg;200;image/jpeg;140;200;25059;459a9497e8eba500403a5992f18e9094bbc22e96cbbe66ae25002827628dfdd9;backend/src/main/resources/META-INF/resources/capas/magali-globo-v1/048.jpg
49;Magali;Globo;1;https://www.guiadosquadrinhos.com/capas/magali/ma00501;https://www.getback.com.br/Monica/Magali%20Globo/41-50.htm;https://www.getback.com.br/Monica/Magali%20Globo/41-50/49.jpg;200;image/jpeg;140;200;22719;82ff734efae9d00c3882efc8e50e857490994c37c01bf40fea65912fa94bfa1c;backend/src/main/resources/META-INF/resources/capas/magali-globo-v1/049.jpg
50;Magali;Globo;1;https://www.guiadosquadrinhos.com/capas/magali/ma00501;https://www.getback.com.br/Monica/Magali%20Globo/41-50.htm;https://www.getback.com.br/Monica/Magali%20Globo/41-50/50.jpg;200;image/jpeg;140;200;25108;14033600a00f74f83f1b58003340d24b48520723f406f009c5ce4344cea96fd0;backend/src/main/resources/META-INF/resources/capas/magali-globo-v1/050.jpg
51;Magali;Globo;1;https://www.guiadosquadrinhos.com/capas/magali/ma00501;https://www.getback.com.br/Monica/Magali%20Globo/51-60.htm;https://www.getback.com.br/Monica/Magali%20Globo/51-60/51.jpg;200;image/jpeg;140;200;23280;97351c741a3c9e6df57aaf7e9e36f142e4a1e2314f6ce56ddd0e386a06cc378f;backend/src/main/resources/META-INF/resources/capas/magali-globo-v1/051.jpg
52;Magali;Globo;1;https://www.guiadosquadrinhos.com/capas/magali/ma00501;https://www.getback.com.br/Monica/Magali%20Globo/51-60.htm;https://www.getback.com.br/Monica/Magali%20Globo/51-60/52.jpg;200;image/jpeg;140;200;21517;220e1963e3469d081f3b5cbba71241344e206a817166e49c48494575a1035de5;backend/src/main/resources/META-INF/resources/capas/magali-globo-v1/052.jpg
53;Magali;Globo;1;https://www.guiadosquadrinhos.com/capas/magali/ma00501;https://www.getback.com.br/Monica/Magali%20Globo/51-60.htm;https://www.getback.com.br/Monica/Magali%20Globo/51-60/53.jpg;200;image/jpeg;140;200;21264;416fb2b592b5d86f79c330758329a53892eb89853cd9e3af3533ca1c9e54fac2;backend/src/main/resources/META-INF/resources/capas/magali-globo-v1/053.jpg
54;Magali;Globo;1;https://www.guiadosquadrinhos.com/capas/magali/ma00501;https://www.getback.com.br/Monica/Magali%20Globo/51-60.htm;https://www.getback.com.br/Monica/Magali%20Globo/51-60/54.jpg;200;image/jpeg;140;200;21469;7878689102a1e82aaee703d34468f64a1eeb9d223563599f66bb85731ef37c92;backend/src/main/resources/META-INF/resources/capas/magali-globo-v1/054.jpg
55;Magali;Globo;1;https://www.guiadosquadrinhos.com/capas/magali/ma00501;https://www.getback.com.br/Monica/Magali%20Globo/51-60.htm;https://www.getback.com.br/Monica/Magali%20Globo/51-60/55.jpg;200;image/jpeg;140;200;23247;316eedaf2215c137898bb546fda614e5da32830a7dea7e5b75535fbff61ed982;backend/src/main/resources/META-INF/resources/capas/magali-globo-v1/055.jpg
56;Magali;Globo;1;https://www.guiadosquadrinhos.com/capas/magali/ma00501;https://www.getback.com.br/Monica/Magali%20Globo/51-60.htm;https://www.getback.com.br/Monica/Magali%20Globo/51-60/56.jpg;200;image/jpeg;140;200;21296;87d7027cfde58b5cbc4182c4c4321dde878e3b4d6f86103e13f5d6598369ec2d;backend/src/main/resources/META-INF/resources/capas/magali-globo-v1/056.jpg
57;Magali;Globo;1;https://www.guiadosquadrinhos.com/capas/magali/ma00501;https://www.getback.com.br/Monica/Magali%20Globo/51-60.htm;https://www.getback.com.br/Monica/Magali%20Globo/51-60/57.jpg;200;image/jpeg;140;200;23645;523c2e0ba186c313f398980550f59c29bb3ffe3d98c9fd92162dab901b8c169d;backend/src/main/resources/META-INF/resources/capas/magali-globo-v1/057.jpg
58;Magali;Globo;1;https://www.guiadosquadrinhos.com/capas/magali/ma00501;https://www.getback.com.br/Monica/Magali%20Globo/51-60.htm;https://www.getback.com.br/Monica/Magali%20Globo/51-60/58.jpg;200;image/jpeg;140;200;23108;96fdd29222c33af2429d14f33f540744ca2f79256217304442f817d07570cf81;backend/src/main/resources/META-INF/resources/capas/magali-globo-v1/058.jpg
59;Magali;Globo;1;https://www.guiadosquadrinhos.com/capas/magali/ma00501;https://www.getback.com.br/Monica/Magali%20Globo/51-60.htm;https://www.getback.com.br/Monica/Magali%20Globo/51-60/59.jpg;200;image/jpeg;140;200;21783;5ef7b690673831758f3da37cbcfcc2de68ec77b44bd5c329507a2efac5cc00c7;backend/src/main/resources/META-INF/resources/capas/magali-globo-v1/059.jpg
60;Magali;Globo;1;https://www.guiadosquadrinhos.com/capas/magali/ma00501;https://www.getback.com.br/Monica/Magali%20Globo/51-60.htm;https://www.getback.com.br/Monica/Magali%20Globo/51-60/60.jpg;200;image/jpeg;140;200;22302;01b9160397f870f78ef5782392397627212775d14da71701d0089bfa44555936;backend/src/main/resources/META-INF/resources/capas/magali-globo-v1/060.jpg
61;Magali;Globo;1;https://www.guiadosquadrinhos.com/capas/magali/ma00501;https://www.getback.com.br/Monica/Magali%20Globo/61-70.htm;https://www.getback.com.br/Monica/Magali%20Globo/61-70/61.jpg;200;image/jpeg;140;200;23906;111b8ed972ce1c4203da0cd4845f02cc4f1c6d3b7c3f4cb3e5d15b71c476462e;backend/src/main/resources/META-INF/resources/capas/magali-globo-v1/061.jpg
62;Magali;Globo;1;https://www.guiadosquadrinhos.com/capas/magali/ma00501;https://www.getback.com.br/Monica/Magali%20Globo/61-70.htm;https://www.getback.com.br/Monica/Magali%20Globo/61-70/62.jpg;200;image/jpeg;140;200;23568;8d7444fed21c529ba718053687816f4bfeab11d9b569a6dd9022c5f5ebcf2eea;backend/src/main/resources/META-INF/resources/capas/magali-globo-v1/062.jpg
63;Magali;Globo;1;https://www.guiadosquadrinhos.com/capas/magali/ma00501;https://www.getback.com.br/Monica/Magali%20Globo/61-70.htm;https://www.getback.com.br/Monica/Magali%20Globo/61-70/63.jpg;200;image/jpeg;140;200;21630;8974547ed8a3c60cc9d8a1a648c517685c3b6a2c6f0bbca744ff28992ef43f56;backend/src/main/resources/META-INF/resources/capas/magali-globo-v1/063.jpg
64;Magali;Globo;1;https://www.guiadosquadrinhos.com/capas/magali/ma00501;https://www.getback.com.br/Monica/Magali%20Globo/61-70.htm;https://www.getback.com.br/Monica/Magali%20Globo/61-70/64.jpg;200;image/jpeg;140;200;22915;03e79ca8c322738a4764d96dda088aedfd0b51918fd980112ffef38c0b9d34f8;backend/src/main/resources/META-INF/resources/capas/magali-globo-v1/064.jpg
65;Magali;Globo;1;https://www.guiadosquadrinhos.com/capas/magali/ma00501;https://www.getback.com.br/Monica/Magali%20Globo/61-70.htm;https://www.getback.com.br/Monica/Magali%20Globo/61-70/65.jpg;200;image/jpeg;140;200;22067;3e527f4c053ae64a0c49195ee32f5e9298606ba0a284394513736468cf167e50;backend/src/main/resources/META-INF/resources/capas/magali-globo-v1/065.jpg
66;Magali;Globo;1;https://www.guiadosquadrinhos.com/capas/magali/ma00501;https://www.getback.com.br/Monica/Magali%20Globo/61-70.htm;https://www.getback.com.br/Monica/Magali%20Globo/61-70/66.jpg;200;image/jpeg;140;200;23899;7ec00e0dc143e3ab2dbd7e180122e5fca6352ee184b5d98d458d39e5d8a49198;backend/src/main/resources/META-INF/resources/capas/magali-globo-v1/066.jpg
67;Magali;Globo;1;https://www.guiadosquadrinhos.com/capas/magali/ma00501;https://www.getback.com.br/Monica/Magali%20Globo/61-70.htm;https://www.getback.com.br/Monica/Magali%20Globo/61-70/67.jpg;200;image/jpeg;140;200;23044;11eea78a6f4264ca04bb280851e57af648175c971a36b8a3017bf448ae81fcff;backend/src/main/resources/META-INF/resources/capas/magali-globo-v1/067.jpg
68;Magali;Globo;1;https://www.guiadosquadrinhos.com/capas/magali/ma00501;https://www.getback.com.br/Monica/Magali%20Globo/61-70.htm;https://www.getback.com.br/Monica/Magali%20Globo/61-70/68.jpg;200;image/jpeg;140;200;23755;4afed759a64c6692f0bc2c7554eee267c5410deaf4daf1e07d50eac4733cc4bb;backend/src/main/resources/META-INF/resources/capas/magali-globo-v1/068.jpg
69;Magali;Globo;1;https://www.guiadosquadrinhos.com/capas/magali/ma00501;https://www.getback.com.br/Monica/Magali%20Globo/61-70.htm;https://www.getback.com.br/Monica/Magali%20Globo/61-70/69.jpg;200;image/jpeg;140;200;24197;78e0c53815f440989116f7b851cca436459459ea1250fbb789f519c2af5e6a33;backend/src/main/resources/META-INF/resources/capas/magali-globo-v1/069.jpg
70;Magali;Globo;1;https://www.guiadosquadrinhos.com/capas/magali/ma00501;https://www.getback.com.br/Monica/Magali%20Globo/61-70.htm;https://www.getback.com.br/Monica/Magali%20Globo/61-70/70.jpg;200;image/jpeg;140;200;24188;c7926872b8a87157c4c7e70d1d736a1bcf37cf507ccd7d1b151ea6277017636c;backend/src/main/resources/META-INF/resources/capas/magali-globo-v1/070.jpg
71;Magali;Globo;1;https://www.guiadosquadrinhos.com/capas/magali/ma00501;https://www.getback.com.br/Monica/Magali%20Globo/71-80.htm;https://www.getback.com.br/Monica/Magali%20Globo/71-80/71.jpg;200;image/jpeg;140;200;25281;c3e7a4d8cfb057f72775e2364483758461ba1371e62fe21ead73e955997fbafb;backend/src/main/resources/META-INF/resources/capas/magali-globo-v1/071.jpg
72;Magali;Globo;1;https://www.guiadosquadrinhos.com/capas/magali/ma00501;https://www.getback.com.br/Monica/Magali%20Globo/71-80.htm;https://www.getback.com.br/Monica/Magali%20Globo/71-80/72.jpg;200;image/jpeg;140;200;23352;3fd14344015705e2c2f399a8ee3e343aa557e54755cfc0ed564eb0436be92e0c;backend/src/main/resources/META-INF/resources/capas/magali-globo-v1/072.jpg
73;Magali;Globo;1;https://www.guiadosquadrinhos.com/capas/magali/ma00501;https://www.getback.com.br/Monica/Magali%20Globo/71-80.htm;https://www.getback.com.br/Monica/Magali%20Globo/71-80/73.jpg;200;image/jpeg;140;200;24356;34534d761c1727f4fe3aebf946d6e7d01c9d7f48bc8a7502e0c677a39c40aa91;backend/src/main/resources/META-INF/resources/capas/magali-globo-v1/073.jpg
74;Magali;Globo;1;https://www.guiadosquadrinhos.com/capas/magali/ma00501;https://www.getback.com.br/Monica/Magali%20Globo/71-80.htm;https://www.getback.com.br/Monica/Magali%20Globo/71-80/74.jpg;200;image/jpeg;140;200;21873;542cc62da79baf93d8beca1a68f51dfd8074ce1bc6abdd642dd1bb5a54b7e9c5;backend/src/main/resources/META-INF/resources/capas/magali-globo-v1/074.jpg
75;Magali;Globo;1;https://www.guiadosquadrinhos.com/capas/magali/ma00501;https://www.getback.com.br/Monica/Magali%20Globo/71-80.htm;https://www.getback.com.br/Monica/Magali%20Globo/71-80/75.jpg;200;image/jpeg;140;200;22112;82cd250df74e9e5b49bd0237acf84dcb34b02980be364646fc4bf7a58d7561d4;backend/src/main/resources/META-INF/resources/capas/magali-globo-v1/075.jpg
76;Magali;Globo;1;https://www.guiadosquadrinhos.com/capas/magali/ma00501;https://www.getback.com.br/Monica/Magali%20Globo/71-80.htm;https://www.getback.com.br/Monica/Magali%20Globo/71-80/76.jpg;200;image/jpeg;140;200;23275;c90388d012e8204ab3b45b1e147436c370103571d37a8b9d5be1eee37fe25de3;backend/src/main/resources/META-INF/resources/capas/magali-globo-v1/076.jpg
77;Magali;Globo;1;https://www.guiadosquadrinhos.com/capas/magali/ma00501;https://www.getback.com.br/Monica/Magali%20Globo/71-80.htm;https://www.getback.com.br/Monica/Magali%20Globo/71-80/77.jpg;200;image/jpeg;140;200;25069;d99eec3d474949f3ab06ae71f819557eca5c26b1291e4eae06dd2fffd3a29c1e;backend/src/main/resources/META-INF/resources/capas/magali-globo-v1/077.jpg
78;Magali;Globo;1;https://www.guiadosquadrinhos.com/capas/magali/ma00501;https://www.getback.com.br/Monica/Magali%20Globo/71-80.htm;https://www.getback.com.br/Monica/Magali%20Globo/71-80/78.jpg;200;image/jpeg;140;200;22520;b337748a520d792cdb580d60c5317425c0402941093dfe9b3f631d25dad064b8;backend/src/main/resources/META-INF/resources/capas/magali-globo-v1/078.jpg
79;Magali;Globo;1;https://www.guiadosquadrinhos.com/capas/magali/ma00501;https://www.getback.com.br/Monica/Magali%20Globo/71-80.htm;https://www.getback.com.br/Monica/Magali%20Globo/71-80/79.jpg;200;image/jpeg;140;200;25010;85076682d03edaa75ac9b28cd9d8c93cd5899a607f31fd024a4933d822bcc77b;backend/src/main/resources/META-INF/resources/capas/magali-globo-v1/079.jpg
80;Magali;Globo;1;https://www.guiadosquadrinhos.com/capas/magali/ma00501;https://www.getback.com.br/Monica/Magali%20Globo/71-80.htm;https://www.getback.com.br/Monica/Magali%20Globo/71-80/80.jpg;200;image/jpeg;140;200;22582;3095167c2b00a40aa5f47786f0f0e60a74efa525f015841e45b7598d19795e0b;backend/src/main/resources/META-INF/resources/capas/magali-globo-v1/080.jpg
81;Magali;Globo;1;https://www.guiadosquadrinhos.com/capas/magali/ma00501;https://www.getback.com.br/Monica/Magali%20Globo/81-90.htm;https://www.getback.com.br/Monica/Magali%20Globo/81-90/81.jpg;200;image/jpeg;140;200;25619;3059f7e98c242856cf28dd993038ae6c123fd2f22450f864fc9d886c673e2829;backend/src/main/resources/META-INF/resources/capas/magali-globo-v1/081.jpg
82;Magali;Globo;1;https://www.guiadosquadrinhos.com/capas/magali/ma00501;https://www.getback.com.br/Monica/Magali%20Globo/81-90.htm;https://www.getback.com.br/Monica/Magali%20Globo/81-90/82.jpg;200;image/jpeg;140;200;23340;69feb853043efc14ddf0bdc41f3aee4c0f90b5e08d086d78712827340b566e25;backend/src/main/resources/META-INF/resources/capas/magali-globo-v1/082.jpg
83;Magali;Globo;1;https://www.guiadosquadrinhos.com/capas/magali/ma00501;https://www.getback.com.br/Monica/Magali%20Globo/81-90.htm;https://www.getback.com.br/Monica/Magali%20Globo/81-90/83.jpg;200;image/jpeg;140;200;23073;f1f97f4a7b21ee6d8c9c870095fe85660d78dc8a58757aae2fe64cbc7a48fc54;backend/src/main/resources/META-INF/resources/capas/magali-globo-v1/083.jpg
84;Magali;Globo;1;https://www.guiadosquadrinhos.com/capas/magali/ma00501;https://www.getback.com.br/Monica/Magali%20Globo/81-90.htm;https://www.getback.com.br/Monica/Magali%20Globo/81-90/84.jpg;200;image/jpeg;140;200;24067;9c6dd538f2cf2b2ef877dac12f76d8e3b8bb96d475f10ef8935710d958d54eaf;backend/src/main/resources/META-INF/resources/capas/magali-globo-v1/084.jpg
85;Magali;Globo;1;https://www.guiadosquadrinhos.com/capas/magali/ma00501;https://www.getback.com.br/Monica/Magali%20Globo/81-90.htm;https://www.getback.com.br/Monica/Magali%20Globo/81-90/85.jpg;200;image/jpeg;140;200;24282;ee6061c4260d55ba5206cc261764b77db57cdc26fb82e92b00a0fe73bb70ab8a;backend/src/main/resources/META-INF/resources/capas/magali-globo-v1/085.jpg
86;Magali;Globo;1;https://www.guiadosquadrinhos.com/capas/magali/ma00501;https://www.getback.com.br/Monica/Magali%20Globo/81-90.htm;https://www.getback.com.br/Monica/Magali%20Globo/81-90/86.jpg;200;image/jpeg;140;200;21710;041e8430c114a0e21bbcac9cbb117ee6217264fa2122ff1c7403aa13806d08bb;backend/src/main/resources/META-INF/resources/capas/magali-globo-v1/086.jpg
87;Magali;Globo;1;https://www.guiadosquadrinhos.com/capas/magali/ma00501;https://www.getback.com.br/Monica/Magali%20Globo/81-90.htm;https://www.getback.com.br/Monica/Magali%20Globo/81-90/87.jpg;200;image/jpeg;140;200;19640;657b9815dbac93917bd5bfeb219d7663a152287643e98a03018804bc4ff39395;backend/src/main/resources/META-INF/resources/capas/magali-globo-v1/087.jpg
88;Magali;Globo;1;https://www.guiadosquadrinhos.com/capas/magali/ma00501;https://www.getback.com.br/Monica/Magali%20Globo/81-90.htm;https://www.getback.com.br/Monica/Magali%20Globo/81-90/88.jpg;200;image/jpeg;140;200;26049;131074ae6f19e2202df9e2c026a63e522711ce8164b35994ca4ab1708d40662b;backend/src/main/resources/META-INF/resources/capas/magali-globo-v1/088.jpg
89;Magali;Globo;1;https://www.guiadosquadrinhos.com/capas/magali/ma00501;https://www.getback.com.br/Monica/Magali%20Globo/81-90.htm;https://www.getback.com.br/Monica/Magali%20Globo/81-90/89.jpg;200;image/jpeg;140;200;25828;da77bd1b3b951a070a42495821b0277b379226b7909fbc451e37ea147c327982;backend/src/main/resources/META-INF/resources/capas/magali-globo-v1/089.jpg
90;Magali;Globo;1;https://www.guiadosquadrinhos.com/capas/magali/ma00501;https://www.getback.com.br/Monica/Magali%20Globo/81-90.htm;https://www.getback.com.br/Monica/Magali%20Globo/81-90/90.jpg;200;image/jpeg;140;200;26648;6f40b94922060d5001615eff5d7982f62f241a572a73676ec902461df8cfe614;backend/src/main/resources/META-INF/resources/capas/magali-globo-v1/090.jpg
91;Magali;Globo;1;https://www.guiadosquadrinhos.com/capas/magali/ma00501;https://www.getback.com.br/Monica/Magali%20Globo/91-100.htm;https://www.getback.com.br/Monica/Magali%20Globo/91-100/91.jpg;200;image/jpeg;140;200;23092;1b7e4d9c643f1cba75bfda60e9d33990941f3a0bc9ed3d0f38c44fe3116208c5;backend/src/main/resources/META-INF/resources/capas/magali-globo-v1/091.jpg
92;Magali;Globo;1;https://www.guiadosquadrinhos.com/capas/magali/ma00501;https://www.getback.com.br/Monica/Magali%20Globo/91-100.htm;https://www.getback.com.br/Monica/Magali%20Globo/91-100/92.jpg;200;image/jpeg;140;200;21010;f6649c51cb734f7b57656f871d07680f399989fd490d74466b6a8deffabff9b5;backend/src/main/resources/META-INF/resources/capas/magali-globo-v1/092.jpg
93;Magali;Globo;1;https://www.guiadosquadrinhos.com/capas/magali/ma00501;https://www.getback.com.br/Monica/Magali%20Globo/91-100.htm;https://www.getback.com.br/Monica/Magali%20Globo/91-100/93.jpg;200;image/jpeg;140;200;21136;7e9e08d35d4c7700d39dbef6dc767ab3bfc23da42ce75f27dabfeaf98e3ec1d3;backend/src/main/resources/META-INF/resources/capas/magali-globo-v1/093.jpg
94;Magali;Globo;1;https://www.guiadosquadrinhos.com/capas/magali/ma00501;https://www.getback.com.br/Monica/Magali%20Globo/91-100.htm;https://www.getback.com.br/Monica/Magali%20Globo/91-100/94.jpg;200;image/jpeg;140;200;21867;aa9c0735e751ff55df52dd480a72fae2e991623939259ce0860aab1db4218214;backend/src/main/resources/META-INF/resources/capas/magali-globo-v1/094.jpg
95;Magali;Globo;1;https://www.guiadosquadrinhos.com/capas/magali/ma00501;https://www.getback.com.br/Monica/Magali%20Globo/91-100.htm;https://www.getback.com.br/Monica/Magali%20Globo/91-100/95.jpg;200;image/jpeg;140;200;22613;942c27626ebe17c706971c0c31fe3b13e6ff1d1b0d19056adcdce8427db26e03;backend/src/main/resources/META-INF/resources/capas/magali-globo-v1/095.jpg
96;Magali;Globo;1;https://www.guiadosquadrinhos.com/capas/magali/ma00501;https://www.getback.com.br/Monica/Magali%20Globo/91-100.htm;https://www.getback.com.br/Monica/Magali%20Globo/91-100/96.jpg;200;image/jpeg;140;200;22329;5316a7e541c75dc5aaff1b48250cbb2c2432fdd506c369b20551b78cac190108;backend/src/main/resources/META-INF/resources/capas/magali-globo-v1/096.jpg
97;Magali;Globo;1;https://www.guiadosquadrinhos.com/capas/magali/ma00501;https://www.getback.com.br/Monica/Magali%20Globo/91-100.htm;https://www.getback.com.br/Monica/Magali%20Globo/91-100/97.jpg;200;image/jpeg;140;200;23401;15242c94f0f0b1ed9d4cc985e60a184eb4ab7541fdc70af46cae5158a4bc0730;backend/src/main/resources/META-INF/resources/capas/magali-globo-v1/097.jpg
98;Magali;Globo;1;https://www.guiadosquadrinhos.com/capas/magali/ma00501;https://www.getback.com.br/Monica/Magali%20Globo/91-100.htm;https://www.getback.com.br/Monica/Magali%20Globo/91-100/98.jpg;200;image/jpeg;140;200;24246;21b54d0dac154628971e429ac709b8725927e43bfc32b67fcea4b4f4afed38e2;backend/src/main/resources/META-INF/resources/capas/magali-globo-v1/098.jpg
99;Magali;Globo;1;https://www.guiadosquadrinhos.com/capas/magali/ma00501;https://www.getback.com.br/Monica/Magali%20Globo/91-100.htm;https://www.getback.com.br/Monica/Magali%20Globo/91-100/99.jpg;200;image/jpeg;140;200;22379;5256ca5dfd03ad04fb0368a15c3dd2dd87e6ed7e95b8e9f11de93f71f7fa0655;backend/src/main/resources/META-INF/resources/capas/magali-globo-v1/099.jpg
100;Magali;Globo;1;https://www.guiadosquadrinhos.com/capas/magali/ma00501;https://www.getback.com.br/Monica/Magali%20Globo/91-100.htm;https://www.getback.com.br/Monica/Magali%20Globo/91-100/100.jpg;200;image/jpeg;140;200;21430;e40dc738a8e6f5d987eb6143ce23e40ee94aaaa0a68f7e9dca1581bdeacaa3a1;backend/src/main/resources/META-INF/resources/capas/magali-globo-v1/100.jpg
101;Magali;Globo;1;https://www.guiadosquadrinhos.com/capas/magali/ma00501;https://www.getback.com.br/Monica/Magali%20Globo/101-110.htm;https://www.getback.com.br/Monica/Magali%20Globo/101-110/101.jpg;200;image/jpeg;140;200;23357;a6c94803532d82ef45d49ffd966a42a8abdbeaccf349281ca4cc70a91f2d107d;backend/src/main/resources/META-INF/resources/capas/magali-globo-v1/101.jpg
102;Magali;Globo;1;https://www.guiadosquadrinhos.com/capas/magali/ma00501;https://www.getback.com.br/Monica/Magali%20Globo/101-110.htm;https://www.getback.com.br/Monica/Magali%20Globo/101-110/102.jpg;200;image/jpeg;140;200;22835;187bd20dacc3ab56d74f5c4bea737e5566895efe6a1a253b40fc1d77e26cce8b;backend/src/main/resources/META-INF/resources/capas/magali-globo-v1/102.jpg
103;Magali;Globo;1;https://www.guiadosquadrinhos.com/capas/magali/ma00501;https://www.getback.com.br/Monica/Magali%20Globo/101-110.htm;https://www.getback.com.br/Monica/Magali%20Globo/101-110/103.jpg;200;image/jpeg;140;200;22643;25edb7ab6d2191e0600b95f05c816444b1198671efff189be03dbbe6dd8e8097;backend/src/main/resources/META-INF/resources/capas/magali-globo-v1/103.jpg
104;Magali;Globo;1;https://www.guiadosquadrinhos.com/capas/magali/ma00501;https://www.getback.com.br/Monica/Magali%20Globo/101-110.htm;https://www.getback.com.br/Monica/Magali%20Globo/101-110/104.jpg;200;image/jpeg;140;200;24536;e225031cff0643e9815ad2bdf8a9e6bf9bb54fa263deda860a4e9942fdebf839;backend/src/main/resources/META-INF/resources/capas/magali-globo-v1/104.jpg
105;Magali;Globo;1;https://www.guiadosquadrinhos.com/capas/magali/ma00501;https://www.getback.com.br/Monica/Magali%20Globo/101-110.htm;https://www.getback.com.br/Monica/Magali%20Globo/101-110/105.jpg;200;image/jpeg;140;200;24828;8d308df25c5e94db61a5ddda4ae1bc121ba9d0c0313b5790b17f00b737f3e13b;backend/src/main/resources/META-INF/resources/capas/magali-globo-v1/105.jpg
106;Magali;Globo;1;https://www.guiadosquadrinhos.com/capas/magali/ma00501;https://www.getback.com.br/Monica/Magali%20Globo/101-110.htm;https://www.getback.com.br/Monica/Magali%20Globo/101-110/106.jpg;200;image/jpeg;140;200;23650;b8dc24c87f185aa0c6f852a485a00f00bca72f63876b6d6f07d7c98a71882327;backend/src/main/resources/META-INF/resources/capas/magali-globo-v1/106.jpg
107;Magali;Globo;1;https://www.guiadosquadrinhos.com/capas/magali/ma00501;https://www.getback.com.br/Monica/Magali%20Globo/101-110.htm;https://www.getback.com.br/Monica/Magali%20Globo/101-110/107.jpg;200;image/jpeg;140;200;25478;8ae9a279e1ba8ec36a7f30de4aecb96333e55281c690151bae894da3831d37c0;backend/src/main/resources/META-INF/resources/capas/magali-globo-v1/107.jpg
108;Magali;Globo;1;https://www.guiadosquadrinhos.com/capas/magali/ma00501;https://www.getback.com.br/Monica/Magali%20Globo/101-110.htm;https://www.getback.com.br/Monica/Magali%20Globo/101-110/108.jpg;200;image/jpeg;140;200;25485;cc16a52e3ab40581774bdd11df2bbec60647ee2c0bea95b3a554b9442fad560b;backend/src/main/resources/META-INF/resources/capas/magali-globo-v1/108.jpg
109;Magali;Globo;1;https://www.guiadosquadrinhos.com/capas/magali/ma00501;https://www.getback.com.br/Monica/Magali%20Globo/101-110.htm;https://www.getback.com.br/Monica/Magali%20Globo/101-110/109.jpg;200;image/jpeg;140;200;24648;3d6e73b3810cf60c58ced6d3d5befe0c37aa209d6429b628b6efdaf2c0b83924;backend/src/main/resources/META-INF/resources/capas/magali-globo-v1/109.jpg
110;Magali;Globo;1;https://www.guiadosquadrinhos.com/capas/magali/ma00501;https://www.getback.com.br/Monica/Magali%20Globo/101-110.htm;https://www.getback.com.br/Monica/Magali%20Globo/101-110/110.jpg;200;image/jpeg;140;200;24256;87ab33992224c817d8b39380fa5d503f413e8674fd57cb53ea8a8f7e929cdb0f;backend/src/main/resources/META-INF/resources/capas/magali-globo-v1/110.jpg
111;Magali;Globo;1;https://www.guiadosquadrinhos.com/capas/magali/ma00501;https://www.getback.com.br/Monica/Magali%20Globo/111-120.htm;https://www.getback.com.br/Monica/Magali%20Globo/111-120/111.jpg;200;image/jpeg;140;200;25296;da5394ba82a7eb05114c114f51e3be07b8fa46954283cb7cb112725b11b1c6d5;backend/src/main/resources/META-INF/resources/capas/magali-globo-v1/111.jpg
112;Magali;Globo;1;https://www.guiadosquadrinhos.com/capas/magali/ma00501;https://www.getback.com.br/Monica/Magali%20Globo/111-120.htm;https://www.getback.com.br/Monica/Magali%20Globo/111-120/112.jpg;200;image/jpeg;140;200;23488;cdc5764e8e76fb8593eb3652a4eb86375ca25851f5a3653774a2b6645954b96b;backend/src/main/resources/META-INF/resources/capas/magali-globo-v1/112.jpg
113;Magali;Globo;1;https://www.guiadosquadrinhos.com/capas/magali/ma00501;https://www.getback.com.br/Monica/Magali%20Globo/111-120.htm;https://www.getback.com.br/Monica/Magali%20Globo/111-120/113.jpg;200;image/jpeg;140;200;23986;f703748851313369e01b3e918b25bb9a3c63c84bfd6aa8f9786b0479bbc3f1b5;backend/src/main/resources/META-INF/resources/capas/magali-globo-v1/113.jpg
114;Magali;Globo;1;https://www.guiadosquadrinhos.com/capas/magali/ma00501;https://www.getback.com.br/Monica/Magali%20Globo/111-120.htm;https://www.getback.com.br/Monica/Magali%20Globo/111-120/114.jpg;200;image/jpeg;140;200;22999;3439f79091bdadfdbcd3cd7866b5a8f981c359f2a5959ed434d2c92e0418f389;backend/src/main/resources/META-INF/resources/capas/magali-globo-v1/114.jpg
115;Magali;Globo;1;https://www.guiadosquadrinhos.com/capas/magali/ma00501;https://www.getback.com.br/Monica/Magali%20Globo/111-120.htm;https://www.getback.com.br/Monica/Magali%20Globo/111-120/115.jpg;200;image/jpeg;140;200;24085;a0670d155f6e1e51df9c3ee437d2f79c74bb38b2deba1d1a838ccd42fbc03008;backend/src/main/resources/META-INF/resources/capas/magali-globo-v1/115.jpg
116;Magali;Globo;1;https://www.guiadosquadrinhos.com/capas/magali/ma00501;https://www.getback.com.br/Monica/Magali%20Globo/111-120.htm;https://www.getback.com.br/Monica/Magali%20Globo/111-120/116.jpg;200;image/jpeg;140;200;23731;f29e8301e6777daefbb73e78b4f7614b66e9eb9cd2ab094b29758d649deed6bc;backend/src/main/resources/META-INF/resources/capas/magali-globo-v1/116.jpg
117;Magali;Globo;1;https://www.guiadosquadrinhos.com/capas/magali/ma00501;https://www.getback.com.br/Monica/Magali%20Globo/111-120.htm;https://www.getback.com.br/Monica/Magali%20Globo/111-120/117.jpg;200;image/jpeg;140;200;23769;23030a89dd30d553df601483b72efe6c3a7eae308b0c6fb7ceaa632a7432b3af;backend/src/main/resources/META-INF/resources/capas/magali-globo-v1/117.jpg
118;Magali;Globo;1;https://www.guiadosquadrinhos.com/capas/magali/ma00501;https://www.getback.com.br/Monica/Magali%20Globo/111-120.htm;https://www.getback.com.br/Monica/Magali%20Globo/111-120/118.jpg;200;image/jpeg;140;200;22276;9997838d28f89916359b388b17ec362440f98d2a30880bb5e123b7b5190b81dc;backend/src/main/resources/META-INF/resources/capas/magali-globo-v1/118.jpg
119;Magali;Globo;1;https://www.guiadosquadrinhos.com/capas/magali/ma00501;https://www.getback.com.br/Monica/Magali%20Globo/111-120.htm;https://www.getback.com.br/Monica/Magali%20Globo/111-120/119.jpg;200;image/jpeg;140;200;25174;0267bf5e88cbc72c0d720a0b1cccbca4a89167f5d172164a2c83934ed45551a0;backend/src/main/resources/META-INF/resources/capas/magali-globo-v1/119.jpg
120;Magali;Globo;1;https://www.guiadosquadrinhos.com/capas/magali/ma00501;https://www.getback.com.br/Monica/Magali%20Globo/111-120.htm;https://www.getback.com.br/Monica/Magali%20Globo/111-120/120.jpg;200;image/jpeg;140;200;21503;3cc6e548a9d7313e7b390cd66b18563544bc90f7180fe66e63d89bcc7629a2ab;backend/src/main/resources/META-INF/resources/capas/magali-globo-v1/120.jpg
121;Magali;Globo;1;https://www.guiadosquadrinhos.com/capas/magali/ma00501;https://www.getback.com.br/Monica/Magali%20Globo/121-130.htm;https://www.getback.com.br/Monica/Magali%20Globo/121-130/121.jpg;200;image/jpeg;140;200;24589;4a6166271364cfa3f2840528c0ce7f0c5bb847893458ae38a7c4a8c9ca878600;backend/src/main/resources/META-INF/resources/capas/magali-globo-v1/121.jpg
122;Magali;Globo;1;https://www.guiadosquadrinhos.com/capas/magali/ma00501;https://www.getback.com.br/Monica/Magali%20Globo/121-130.htm;https://www.getback.com.br/Monica/Magali%20Globo/121-130/122.jpg;200;image/jpeg;140;200;24785;25de4c39cee5c3097f7aa976b7869801227ce0e35394cc739fb2d09ebc4b7f97;backend/src/main/resources/META-INF/resources/capas/magali-globo-v1/122.jpg
123;Magali;Globo;1;https://www.guiadosquadrinhos.com/capas/magali/ma00501;https://www.getback.com.br/Monica/Magali%20Globo/121-130.htm;https://www.getback.com.br/Monica/Magali%20Globo/121-130/123.jpg;200;image/jpeg;140;200;21982;2db8dc10cc3704f84e712ad499fb8c034cb5d6615077b01acc563d4f914513c9;backend/src/main/resources/META-INF/resources/capas/magali-globo-v1/123.jpg
124;Magali;Globo;1;https://www.guiadosquadrinhos.com/capas/magali/ma00501;https://www.getback.com.br/Monica/Magali%20Globo/121-130.htm;https://www.getback.com.br/Monica/Magali%20Globo/121-130/124.jpg;200;image/jpeg;140;200;23381;26fb66c31804f515518e40ae2abe184bc8c01c73f2ce8cc6f74e57aad0495acd;backend/src/main/resources/META-INF/resources/capas/magali-globo-v1/124.jpg
125;Magali;Globo;1;https://www.guiadosquadrinhos.com/capas/magali/ma00501;https://www.getback.com.br/Monica/Magali%20Globo/121-130.htm;https://www.getback.com.br/Monica/Magali%20Globo/121-130/125.jpg;200;image/jpeg;140;200;23931;8f599d41c80fbb4124554f7a05d534bd81de76dc650cd3be1b7d0f7a0a21ea36;backend/src/main/resources/META-INF/resources/capas/magali-globo-v1/125.jpg
126;Magali;Globo;1;https://www.guiadosquadrinhos.com/capas/magali/ma00501;https://www.getback.com.br/Monica/Magali%20Globo/121-130.htm;https://www.getback.com.br/Monica/Magali%20Globo/121-130/126.jpg;200;image/jpeg;140;200;22950;620c47a2940562e3eb8af02851cbc8e8d78654d84708d43b4beb043d5a9707cb;backend/src/main/resources/META-INF/resources/capas/magali-globo-v1/126.jpg
127;Magali;Globo;1;https://www.guiadosquadrinhos.com/capas/magali/ma00501;https://www.getback.com.br/Monica/Magali%20Globo/121-130.htm;https://www.getback.com.br/Monica/Magali%20Globo/121-130/127.jpg;200;image/jpeg;140;200;22497;45f5312c19747ce851a985c71761b7639e5937fdd830ff77d24a8563cad75fc8;backend/src/main/resources/META-INF/resources/capas/magali-globo-v1/127.jpg
128;Magali;Globo;1;https://www.guiadosquadrinhos.com/capas/magali/ma00501;https://www.getback.com.br/Monica/Magali%20Globo/121-130.htm;https://www.getback.com.br/Monica/Magali%20Globo/121-130/128.jpg;200;image/jpeg;140;200;26680;26c8d9ca7e83066f45adb1d548a95f3e3e02e380ff62d2b1adda834f3f4c87cb;backend/src/main/resources/META-INF/resources/capas/magali-globo-v1/128.jpg
129;Magali;Globo;1;https://www.guiadosquadrinhos.com/capas/magali/ma00501;https://www.getback.com.br/Monica/Magali%20Globo/121-130.htm;https://www.getback.com.br/Monica/Magali%20Globo/121-130/129.jpg;200;image/jpeg;140;200;23397;17496d5e55522c384b0d56fe79cf8a70e425fd5b569fe119e731c5b6b8c3ceeb;backend/src/main/resources/META-INF/resources/capas/magali-globo-v1/129.jpg
130;Magali;Globo;1;https://www.guiadosquadrinhos.com/capas/magali/ma00501;https://www.getback.com.br/Monica/Magali%20Globo/121-130.htm;https://www.getback.com.br/Monica/Magali%20Globo/121-130/130.jpg;200;image/jpeg;140;200;20897;b025c320e1322aa939babaf87d9ab12081bbd941b785f17bdb37f8c3c9ee5dbc;backend/src/main/resources/META-INF/resources/capas/magali-globo-v1/130.jpg
131;Magali;Globo;1;https://www.guiadosquadrinhos.com/capas/magali/ma00501;https://www.getback.com.br/Monica/Magali%20Globo/131-140.htm;https://www.getback.com.br/Monica/Magali%20Globo/131-140/131.jpg;200;image/jpeg;140;200;25147;227ddd6cafdaf20bcbf68e0dacba882bd208ec2a380e140acaa128a51788c18b;backend/src/main/resources/META-INF/resources/capas/magali-globo-v1/131.jpg
132;Magali;Globo;1;https://www.guiadosquadrinhos.com/capas/magali/ma00501;https://www.getback.com.br/Monica/Magali%20Globo/131-140.htm;https://www.getback.com.br/Monica/Magali%20Globo/131-140/132.jpg;200;image/jpeg;140;200;22824;031abfe279dacbc1c90f51528edc1a63028803bac68af9ee55dacd4afdcaf2ad;backend/src/main/resources/META-INF/resources/capas/magali-globo-v1/132.jpg
133;Magali;Globo;1;https://www.guiadosquadrinhos.com/capas/magali/ma00501;https://www.getback.com.br/Monica/Magali%20Globo/131-140.htm;https://www.getback.com.br/Monica/Magali%20Globo/131-140/133.jpg;200;image/jpeg;140;200;23008;fd9b4260dc627c34e2e244a5f00b649693712c37003472cf0d101d4db182bd8f;backend/src/main/resources/META-INF/resources/capas/magali-globo-v1/133.jpg
134;Magali;Globo;1;https://www.guiadosquadrinhos.com/capas/magali/ma00501;https://www.getback.com.br/Monica/Magali%20Globo/131-140.htm;https://www.getback.com.br/Monica/Magali%20Globo/131-140/134.jpg;200;image/jpeg;140;200;24210;e091572fe7558c579dc1fc48ace681761927038fe38e9b03d307cdc5cd211921;backend/src/main/resources/META-INF/resources/capas/magali-globo-v1/134.jpg
135;Magali;Globo;1;https://www.guiadosquadrinhos.com/capas/magali/ma00501;https://www.getback.com.br/Monica/Magali%20Globo/131-140.htm;https://www.getback.com.br/Monica/Magali%20Globo/131-140/135.jpg;200;image/jpeg;140;200;21320;10c4c209a0073c56338426abf8bc4ad21aa968890fc637415746094df4a9523e;backend/src/main/resources/META-INF/resources/capas/magali-globo-v1/135.jpg
136;Magali;Globo;1;https://www.guiadosquadrinhos.com/capas/magali/ma00501;https://www.getback.com.br/Monica/Magali%20Globo/131-140.htm;https://www.getback.com.br/Monica/Magali%20Globo/131-140/136.jpg;200;image/jpeg;140;200;24440;5bc3e07e5d48ef768164e7e890db7f76804d3b3852bab8645f9c1b79b2c64c09;backend/src/main/resources/META-INF/resources/capas/magali-globo-v1/136.jpg
137;Magali;Globo;1;https://www.guiadosquadrinhos.com/capas/magali/ma00501;https://www.getback.com.br/Monica/Magali%20Globo/131-140.htm;https://www.getback.com.br/Monica/Magali%20Globo/131-140/137.jpg;200;image/jpeg;140;200;23934;ed9f3cd4a00b4d41b865cf2f0b1beaf0434e22486e0909c515f410070a1dbc05;backend/src/main/resources/META-INF/resources/capas/magali-globo-v1/137.jpg
138;Magali;Globo;1;https://www.guiadosquadrinhos.com/capas/magali/ma00501;https://www.getback.com.br/Monica/Magali%20Globo/131-140.htm;https://www.getback.com.br/Monica/Magali%20Globo/131-140/138.jpg;200;image/jpeg;140;200;24674;af4ee0cd58bd5a0f0e0202a992d859f529928b5b27be868f32c15c84b1796a16;backend/src/main/resources/META-INF/resources/capas/magali-globo-v1/138.jpg
139;Magali;Globo;1;https://www.guiadosquadrinhos.com/capas/magali/ma00501;https://www.getback.com.br/Monica/Magali%20Globo/131-140.htm;https://www.getback.com.br/Monica/Magali%20Globo/131-140/139.jpg;200;image/jpeg;140;200;25649;14e3b276a135026f013c42c20dc5725bea833fd283e6e83dc2786546a387ce7b;backend/src/main/resources/META-INF/resources/capas/magali-globo-v1/139.jpg
140;Magali;Globo;1;https://www.guiadosquadrinhos.com/capas/magali/ma00501;https://www.getback.com.br/Monica/Magali%20Globo/131-140.htm;https://www.getback.com.br/Monica/Magali%20Globo/131-140/140.jpg;200;image/jpeg;140;200;24024;b601f7b343573de75d6ba41a871d11a105cfc5538971fc7d4b93a94e917c437d;backend/src/main/resources/META-INF/resources/capas/magali-globo-v1/140.jpg
141;Magali;Globo;1;https://www.guiadosquadrinhos.com/capas/magali/ma00501;https://www.getback.com.br/Monica/Magali%20Globo/141-150.htm;https://www.getback.com.br/Monica/Magali%20Globo/141-150/141.jpg;200;image/jpeg;140;200;24026;9453cb61b51fa3e3b6005c97aa150c156d4b3d0a81d0b5fd3fbc58bd520c5678;backend/src/main/resources/META-INF/resources/capas/magali-globo-v1/141.jpg
142;Magali;Globo;1;https://www.guiadosquadrinhos.com/capas/magali/ma00501;https://www.getback.com.br/Monica/Magali%20Globo/141-150.htm;https://www.getback.com.br/Monica/Magali%20Globo/141-150/142.jpg;200;image/jpeg;140;200;23910;afbac81f7abc4f438e1efd668cde136172314c5b56ab24ec28e6043216d4962b;backend/src/main/resources/META-INF/resources/capas/magali-globo-v1/142.jpg
143;Magali;Globo;1;https://www.guiadosquadrinhos.com/capas/magali/ma00501;https://www.getback.com.br/Monica/Magali%20Globo/141-150.htm;https://www.getback.com.br/Monica/Magali%20Globo/141-150/143.jpg;200;image/jpeg;140;200;24755;fc1fcee8436f891ee1e8d20226d3bfb30a3811a612fedcfa3f9f52fb3b1e4a33;backend/src/main/resources/META-INF/resources/capas/magali-globo-v1/143.jpg
144;Magali;Globo;1;https://www.guiadosquadrinhos.com/capas/magali/ma00501;https://www.getback.com.br/Monica/Magali%20Globo/141-150.htm;https://www.getback.com.br/Monica/Magali%20Globo/141-150/144.jpg;200;image/jpeg;140;200;20331;e1f672de4255f0d97090543c7b2d9f5d7eb38edcb914c68a4fab521dcf4a4371;backend/src/main/resources/META-INF/resources/capas/magali-globo-v1/144.jpg
145;Magali;Globo;1;https://www.guiadosquadrinhos.com/capas/magali/ma00501;https://www.getback.com.br/Monica/Magali%20Globo/141-150.htm;https://www.getback.com.br/Monica/Magali%20Globo/141-150/145.jpg;200;image/jpeg;140;200;21426;92ee2daaa1adee09db629d675a8fd590806fc08a954913026d2e10b6879fd415;backend/src/main/resources/META-INF/resources/capas/magali-globo-v1/145.jpg
146;Magali;Globo;1;https://www.guiadosquadrinhos.com/capas/magali/ma00501;https://www.getback.com.br/Monica/Magali%20Globo/141-150.htm;https://www.getback.com.br/Monica/Magali%20Globo/141-150/146.jpg;200;image/jpeg;140;200;22538;ac3fa4a3d0e1ef5d3447a99c1162475720b0c0a3ecbde54ea891fe5fc79daa83;backend/src/main/resources/META-INF/resources/capas/magali-globo-v1/146.jpg
147;Magali;Globo;1;https://www.guiadosquadrinhos.com/capas/magali/ma00501;https://www.getback.com.br/Monica/Magali%20Globo/141-150.htm;https://www.getback.com.br/Monica/Magali%20Globo/141-150/147.jpg;200;image/jpeg;140;200;21420;5d9ce6b571df9bf498a4e87f4c75da5ad1ac3b42f539241622225b4c16643d7a;backend/src/main/resources/META-INF/resources/capas/magali-globo-v1/147.jpg
148;Magali;Globo;1;https://www.guiadosquadrinhos.com/capas/magali/ma00501;https://www.getback.com.br/Monica/Magali%20Globo/141-150.htm;https://www.getback.com.br/Monica/Magali%20Globo/141-150/148.jpg;200;image/jpeg;140;200;22387;644fe7206caf9f4a7863f3d35aa0c681fa927b65f2323c17f4127905202e2267;backend/src/main/resources/META-INF/resources/capas/magali-globo-v1/148.jpg
149;Magali;Globo;1;https://www.guiadosquadrinhos.com/capas/magali/ma00501;https://www.getback.com.br/Monica/Magali%20Globo/141-150.htm;https://www.getback.com.br/Monica/Magali%20Globo/141-150/149.jpg;200;image/jpeg;140;200;23526;c0d3369062222392205cca2846980bc5bb6fb19373b4c65ee74f9c1389bbb5b5;backend/src/main/resources/META-INF/resources/capas/magali-globo-v1/149.jpg
150;Magali;Globo;1;https://www.guiadosquadrinhos.com/capas/magali/ma00501;https://www.getback.com.br/Monica/Magali%20Globo/141-150.htm;https://www.getback.com.br/Monica/Magali%20Globo/141-150/150.jpg;200;image/jpeg;140;200;24006;83d0469b231c8d176dbb2a88c8598085ced366aec59bf00d54de7f429e5c1b4a;backend/src/main/resources/META-INF/resources/capas/magali-globo-v1/150.jpg
151;Magali;Globo;1;https://www.guiadosquadrinhos.com/capas/magali/ma00501;https://www.getback.com.br/Monica/Magali%20Globo/151-160.htm;https://www.getback.com.br/Monica/Magali%20Globo/151-160/151.jpg;200;image/jpeg;140;200;20529;8d8bf24b6833c331ea2f4e629de18444100d58eebd93a300b0c79751e659b00c;backend/src/main/resources/META-INF/resources/capas/magali-globo-v1/151.jpg
152;Magali;Globo;1;https://www.guiadosquadrinhos.com/capas/magali/ma00501;https://www.getback.com.br/Monica/Magali%20Globo/151-160.htm;https://www.getback.com.br/Monica/Magali%20Globo/151-160/152.jpg;200;image/jpeg;140;200;21157;7e6e46ab59734da37a9486e9276557991574aed92741b3dd9c5433e081c14cf6;backend/src/main/resources/META-INF/resources/capas/magali-globo-v1/152.jpg
153;Magali;Globo;1;https://www.guiadosquadrinhos.com/capas/magali/ma00501;https://www.getback.com.br/Monica/Magali%20Globo/151-160.htm;https://www.getback.com.br/Monica/Magali%20Globo/151-160/153.jpg;200;image/jpeg;140;200;20705;f68e8bcfa137b02273b6ed8dafd7f3993656e8149be8fef59c80afba18daabb7;backend/src/main/resources/META-INF/resources/capas/magali-globo-v1/153.jpg
154;Magali;Globo;1;https://www.guiadosquadrinhos.com/capas/magali/ma00501;https://www.getback.com.br/Monica/Magali%20Globo/151-160.htm;https://www.getback.com.br/Monica/Magali%20Globo/151-160/154.jpg;200;image/jpeg;140;200;24681;aa62904b780e6487e295ceeb2f7920d0f40a2b7f3fa3716c8588bfd490b734f6;backend/src/main/resources/META-INF/resources/capas/magali-globo-v1/154.jpg
155;Magali;Globo;1;https://www.guiadosquadrinhos.com/capas/magali/ma00501;https://www.getback.com.br/Monica/Magali%20Globo/151-160.htm;https://www.getback.com.br/Monica/Magali%20Globo/151-160/155.jpg;200;image/jpeg;140;200;22820;1b3b80e9b34276c6e23a66f0419193f3742245ca650a98afaf970d53a9fd9db5;backend/src/main/resources/META-INF/resources/capas/magali-globo-v1/155.jpg
156;Magali;Globo;1;https://www.guiadosquadrinhos.com/capas/magali/ma00501;https://www.getback.com.br/Monica/Magali%20Globo/151-160.htm;https://www.getback.com.br/Monica/Magali%20Globo/151-160/156.jpg;200;image/jpeg;140;200;21521;0dde6d5a34eda1685e79dabdff3391dbc120f95f0b935738cfcead0e02732f4c;backend/src/main/resources/META-INF/resources/capas/magali-globo-v1/156.jpg
157;Magali;Globo;1;https://www.guiadosquadrinhos.com/capas/magali/ma00501;https://www.getback.com.br/Monica/Magali%20Globo/151-160.htm;https://www.getback.com.br/Monica/Magali%20Globo/151-160/157.jpg;200;image/jpeg;140;200;21259;9f0888c982c1e2afa1287a029d369da97ee6f55ca43d2fd080b456091b7a0837;backend/src/main/resources/META-INF/resources/capas/magali-globo-v1/157.jpg
158;Magali;Globo;1;https://www.guiadosquadrinhos.com/capas/magali/ma00501;https://www.getback.com.br/Monica/Magali%20Globo/151-160.htm;https://www.getback.com.br/Monica/Magali%20Globo/151-160/158.jpg;200;image/jpeg;140;200;22015;1009eb1f44b9b58c7fadf3333fc007bbd62381522530e861757cc95ea78a6ab5;backend/src/main/resources/META-INF/resources/capas/magali-globo-v1/158.jpg
159;Magali;Globo;1;https://www.guiadosquadrinhos.com/capas/magali/ma00501;https://www.getback.com.br/Monica/Magali%20Globo/151-160.htm;https://www.getback.com.br/Monica/Magali%20Globo/151-160/159.jpg;200;image/jpeg;140;200;23332;186d526207d075da7c536da61e9ee6506a4d8265e524c9c2887c9fc556e105bf;backend/src/main/resources/META-INF/resources/capas/magali-globo-v1/159.jpg
160;Magali;Globo;1;https://www.guiadosquadrinhos.com/capas/magali/ma00501;https://www.getback.com.br/Monica/Magali%20Globo/151-160.htm;https://www.getback.com.br/Monica/Magali%20Globo/151-160/160.jpg;200;image/jpeg;140;200;21664;278cec0e4fc9e3eda8296b9c20b9339fa6978f8ca0fe4e67b787fd351f2a8b41;backend/src/main/resources/META-INF/resources/capas/magali-globo-v1/160.jpg
161;Magali;Globo;1;https://www.guiadosquadrinhos.com/capas/magali/ma00501;https://www.getback.com.br/Monica/Magali%20Globo/161-170.htm;https://www.getback.com.br/Monica/Magali%20Globo/161-170/161.jpg;200;image/jpeg;140;200;20274;6b9351802eff611c766d61104dc437cf790824d90aa8a13ba709a6b61f79279d;backend/src/main/resources/META-INF/resources/capas/magali-globo-v1/161.jpg
162;Magali;Globo;1;https://www.guiadosquadrinhos.com/capas/magali/ma00501;https://www.getback.com.br/Monica/Magali%20Globo/161-170.htm;https://www.getback.com.br/Monica/Magali%20Globo/161-170/162.jpg;200;image/jpeg;140;200;20556;fdd602f89e3344f987aae909cbd1c8715c03ba42c0a9318a394e11064f2ecccd;backend/src/main/resources/META-INF/resources/capas/magali-globo-v1/162.jpg
163;Magali;Globo;1;https://www.guiadosquadrinhos.com/capas/magali/ma00501;https://www.getback.com.br/Monica/Magali%20Globo/161-170.htm;https://www.getback.com.br/Monica/Magali%20Globo/161-170/163.jpg;200;image/jpeg;140;200;20730;24386e456866ea75e2a52bca795821e4a832f9b9aad5237ce06c68c24ff3228d;backend/src/main/resources/META-INF/resources/capas/magali-globo-v1/163.jpg
164;Magali;Globo;1;https://www.guiadosquadrinhos.com/capas/magali/ma00501;https://www.getback.com.br/Monica/Magali%20Globo/161-170.htm;https://www.getback.com.br/Monica/Magali%20Globo/161-170/164.jpg;200;image/jpeg;140;200;25081;ff7e397e63c51b6cd5f90596d0568b5f6266f33a88a0c21b1c929def3f2b89d8;backend/src/main/resources/META-INF/resources/capas/magali-globo-v1/164.jpg
165;Magali;Globo;1;https://www.guiadosquadrinhos.com/capas/magali/ma00501;https://www.getback.com.br/Monica/Magali%20Globo/161-170.htm;https://www.getback.com.br/Monica/Magali%20Globo/161-170/165.jpg;200;image/jpeg;140;200;24088;cd4817c48e82e897e0b7669d28d3158c7c12fa1c5195dd527072c383bcd0d4a2;backend/src/main/resources/META-INF/resources/capas/magali-globo-v1/165.jpg
166;Magali;Globo;1;https://www.guiadosquadrinhos.com/capas/magali/ma00501;https://www.getback.com.br/Monica/Magali%20Globo/161-170.htm;https://www.getback.com.br/Monica/Magali%20Globo/161-170/166.jpg;200;image/jpeg;140;200;21062;7543e696fb979794144a0257a1de7ab09a5d34c27be87f9d0175752bcde8c290;backend/src/main/resources/META-INF/resources/capas/magali-globo-v1/166.jpg
167;Magali;Globo;1;https://www.guiadosquadrinhos.com/capas/magali/ma00501;https://www.getback.com.br/Monica/Magali%20Globo/161-170.htm;https://www.getback.com.br/Monica/Magali%20Globo/161-170/167.jpg;200;image/jpeg;140;200;22566;d6b68cd94ea30f56a3035d6dd5ff547570cdbe9115ac13a6a2f1553e2849bbc3;backend/src/main/resources/META-INF/resources/capas/magali-globo-v1/167.jpg
168;Magali;Globo;1;https://www.guiadosquadrinhos.com/capas/magali/ma00501;https://www.getback.com.br/Monica/Magali%20Globo/161-170.htm;https://www.getback.com.br/Monica/Magali%20Globo/161-170/168.jpg;200;image/jpeg;140;200;21896;bb555871f0561a6bf9cbfedfaa59a5ad654ed27c994d171ac4eeaf47d87e9120;backend/src/main/resources/META-INF/resources/capas/magali-globo-v1/168.jpg
169;Magali;Globo;1;https://www.guiadosquadrinhos.com/capas/magali/ma00501;https://www.getback.com.br/Monica/Magali%20Globo/161-170.htm;https://www.getback.com.br/Monica/Magali%20Globo/161-170/169.jpg;200;image/jpeg;140;200;23208;466dbbb4ab456f206f1426b75a837c2b2bc6e5043bfc02fc058cf04e31670a96;backend/src/main/resources/META-INF/resources/capas/magali-globo-v1/169.jpg
170;Magali;Globo;1;https://www.guiadosquadrinhos.com/capas/magali/ma00501;https://www.getback.com.br/Monica/Magali%20Globo/161-170.htm;https://www.getback.com.br/Monica/Magali%20Globo/161-170/170.jpg;200;image/jpeg;140;200;23678;86fa03443fcd155da52a73bd0efde766b530143eb64503dcd27575e63321daf9;backend/src/main/resources/META-INF/resources/capas/magali-globo-v1/170.jpg
171;Magali;Globo;1;https://www.guiadosquadrinhos.com/capas/magali/ma00501;https://www.getback.com.br/Monica/Magali%20Globo/171-180.htm;https://www.getback.com.br/Monica/Magali%20Globo/171-180/171.jpg;200;image/jpeg;140;200;21681;d7e80677d4c8353beb9c8ec49fe5238d1aee0ba13fdb901e600fa5245fced554;backend/src/main/resources/META-INF/resources/capas/magali-globo-v1/171.jpg
172;Magali;Globo;1;https://www.guiadosquadrinhos.com/capas/magali/ma00501;https://www.getback.com.br/Monica/Magali%20Globo/171-180.htm;https://www.getback.com.br/Monica/Magali%20Globo/171-180/172.jpg;200;image/jpeg;140;200;23893;6b59560e0f33e773275ef5c72fb54d9a40680452f3d4784e456d4167d87b4317;backend/src/main/resources/META-INF/resources/capas/magali-globo-v1/172.jpg
173;Magali;Globo;1;https://www.guiadosquadrinhos.com/capas/magali/ma00501;https://www.getback.com.br/Monica/Magali%20Globo/171-180.htm;https://www.getback.com.br/Monica/Magali%20Globo/171-180/173.jpg;200;image/jpeg;140;200;21573;3f55e9d14a2b14ffc7e16a45171ea98dd89ef94c721e0988f6351286f0b5de16;backend/src/main/resources/META-INF/resources/capas/magali-globo-v1/173.jpg
174;Magali;Globo;1;https://www.guiadosquadrinhos.com/capas/magali/ma00501;https://www.getback.com.br/Monica/Magali%20Globo/171-180.htm;https://www.getback.com.br/Monica/Magali%20Globo/171-180/174.jpg;200;image/jpeg;140;200;19634;b13d35745bc4f82ad4e25582be68a654a49ed43974fe5d239eb5455b8a55b3fe;backend/src/main/resources/META-INF/resources/capas/magali-globo-v1/174.jpg
175;Magali;Globo;1;https://www.guiadosquadrinhos.com/capas/magali/ma00501;https://www.getback.com.br/Monica/Magali%20Globo/171-180.htm;https://www.getback.com.br/Monica/Magali%20Globo/171-180/175.jpg;200;image/jpeg;140;200;21903;15568d65e50748ebd6fdb5911fa315c4c8ec0ea32d48bd35fff2c91cb3a1d30c;backend/src/main/resources/META-INF/resources/capas/magali-globo-v1/175.jpg
176;Magali;Globo;1;https://www.guiadosquadrinhos.com/capas/magali/ma00501;https://www.getback.com.br/Monica/Magali%20Globo/171-180.htm;https://www.getback.com.br/Monica/Magali%20Globo/171-180/176.jpg;200;image/jpeg;140;200;21179;789157f50599ad0eb0761879218db5f61c00248e2372b0ea5545ac637bd9ea14;backend/src/main/resources/META-INF/resources/capas/magali-globo-v1/176.jpg
177;Magali;Globo;1;https://www.guiadosquadrinhos.com/capas/magali/ma00501;https://www.getback.com.br/Monica/Magali%20Globo/171-180.htm;https://www.getback.com.br/Monica/Magali%20Globo/171-180/177.jpg;200;image/jpeg;140;200;21265;d9918d2d5514f2abba463aed91837b816904f004f07ba953633f284a288371be;backend/src/main/resources/META-INF/resources/capas/magali-globo-v1/177.jpg
178;Magali;Globo;1;https://www.guiadosquadrinhos.com/capas/magali/ma00501;https://www.getback.com.br/Monica/Magali%20Globo/171-180.htm;https://www.getback.com.br/Monica/Magali%20Globo/171-180/178.jpg;200;image/jpeg;140;200;21312;041e8b83be5250325d49f5b5da78e00590bf7560d47be827dfc652518d0fb20b;backend/src/main/resources/META-INF/resources/capas/magali-globo-v1/178.jpg
179;Magali;Globo;1;https://www.guiadosquadrinhos.com/capas/magali/ma00501;https://www.getback.com.br/Monica/Magali%20Globo/171-180.htm;https://www.getback.com.br/Monica/Magali%20Globo/171-180/179.jpg;200;image/jpeg;140;200;19953;19fd2a7ff056ac7c585bda152f5cc94af2e1a7fd26ee956ff253828d22495336;backend/src/main/resources/META-INF/resources/capas/magali-globo-v1/179.jpg
180;Magali;Globo;1;https://www.guiadosquadrinhos.com/capas/magali/ma00501;https://www.getback.com.br/Monica/Magali%20Globo/171-180.htm;https://www.getback.com.br/Monica/Magali%20Globo/171-180/180.jpg;200;image/jpeg;140;200;24269;38a13e5784ac35bac204b1535d1abf3e3ed910bf2661043a4d2bddbd3c1bde5c;backend/src/main/resources/META-INF/resources/capas/magali-globo-v1/180.jpg
181;Magali;Globo;1;https://www.guiadosquadrinhos.com/capas/magali/ma00501;https://www.getback.com.br/Monica/Magali%20Globo/181-190.htm;https://www.getback.com.br/Monica/Magali%20Globo/181-190/181.jpg;200;image/jpeg;140;200;21766;5f62c6d01104d507385c35b8e5eebf29af85dc0d83bf2409904adea85fb5ac5b;backend/src/main/resources/META-INF/resources/capas/magali-globo-v1/181.jpg
182;Magali;Globo;1;https://www.guiadosquadrinhos.com/capas/magali/ma00501;https://www.getback.com.br/Monica/Magali%20Globo/181-190.htm;https://www.getback.com.br/Monica/Magali%20Globo/181-190/182.jpg;200;image/jpeg;140;200;20558;c6a7019295dd6ff52a90c32a51cb97a546af1f85592830947de735caf490b68a;backend/src/main/resources/META-INF/resources/capas/magali-globo-v1/182.jpg
183;Magali;Globo;1;https://www.guiadosquadrinhos.com/capas/magali/ma00501;https://www.getback.com.br/Monica/Magali%20Globo/181-190.htm;https://www.getback.com.br/Monica/Magali%20Globo/181-190/183.jpg;200;image/jpeg;140;200;20276;acd4b12c497590eb80737c29308b6777499af3f1584709e3762031996ed28852;backend/src/main/resources/META-INF/resources/capas/magali-globo-v1/183.jpg
184;Magali;Globo;1;https://www.guiadosquadrinhos.com/capas/magali/ma00501;https://www.getback.com.br/Monica/Magali%20Globo/181-190.htm;https://www.getback.com.br/Monica/Magali%20Globo/181-190/184.jpg;200;image/jpeg;140;200;21963;3b00e883c8ef7b6f17ee2c2e0bd54accb556f5f4d6dccf39de8370cd14afbb1d;backend/src/main/resources/META-INF/resources/capas/magali-globo-v1/184.jpg
185;Magali;Globo;1;https://www.guiadosquadrinhos.com/capas/magali/ma00501;https://www.getback.com.br/Monica/Magali%20Globo/181-190.htm;https://www.getback.com.br/Monica/Magali%20Globo/181-190/185.jpg;200;image/jpeg;140;200;23620;2c82bd96f166e2fc14e1322fef52097c920b4b491d2e7612ed7e2d982993b3c5;backend/src/main/resources/META-INF/resources/capas/magali-globo-v1/185.jpg
186;Magali;Globo;1;https://www.guiadosquadrinhos.com/capas/magali/ma00501;https://www.getback.com.br/Monica/Magali%20Globo/181-190.htm;https://www.getback.com.br/Monica/Magali%20Globo/181-190/186.jpg;200;image/jpeg;140;200;19912;acff98fd78a55c7734a26e789e260d531884e5557b512b78307c5899834576b2;backend/src/main/resources/META-INF/resources/capas/magali-globo-v1/186.jpg
187;Magali;Globo;1;https://www.guiadosquadrinhos.com/capas/magali/ma00501;https://www.getback.com.br/Monica/Magali%20Globo/181-190.htm;https://www.getback.com.br/Monica/Magali%20Globo/181-190/187.jpg;200;image/jpeg;140;200;18754;3bd2ad0cbf8305c639badfc022f748b4f0186339712fbbe094f67269e1be2cd2;backend/src/main/resources/META-INF/resources/capas/magali-globo-v1/187.jpg
188;Magali;Globo;1;https://www.guiadosquadrinhos.com/capas/magali/ma00501;https://www.getback.com.br/Monica/Magali%20Globo/181-190.htm;https://www.getback.com.br/Monica/Magali%20Globo/181-190/188.jpg;200;image/jpeg;140;200;23149;71d036b668d56c496babf51072c39491c20ee5610f0c0e6adce5c13ddb22e6e5;backend/src/main/resources/META-INF/resources/capas/magali-globo-v1/188.jpg
189;Magali;Globo;1;https://www.guiadosquadrinhos.com/capas/magali/ma00501;https://www.getback.com.br/Monica/Magali%20Globo/181-190.htm;https://www.getback.com.br/Monica/Magali%20Globo/181-190/189.jpg;200;image/jpeg;140;200;19386;41c98dfdb3386c806e3607fe4c1003c4f0436b1f1f170a992a131a5f09819d57;backend/src/main/resources/META-INF/resources/capas/magali-globo-v1/189.jpg
190;Magali;Globo;1;https://www.guiadosquadrinhos.com/capas/magali/ma00501;https://www.getback.com.br/Monica/Magali%20Globo/181-190.htm;https://www.getback.com.br/Monica/Magali%20Globo/181-190/190.jpg;200;image/jpeg;140;200;23091;73104c91760cdeff550fde46e5ea3ee5560a19a01a496cfe1029cb3b54dae14b;backend/src/main/resources/META-INF/resources/capas/magali-globo-v1/190.jpg
191;Magali;Globo;1;https://www.guiadosquadrinhos.com/capas/magali/ma00501;https://www.getback.com.br/Monica/Magali%20Globo/191-200.htm;https://www.getback.com.br/Monica/Magali%20Globo/191-200/191.jpg;200;image/jpeg;140;200;20669;68d89eb55e47a16eedfa70c682faa82c511616614c90ebdb8a32f12f300008b2;backend/src/main/resources/META-INF/resources/capas/magali-globo-v1/191.jpg
192;Magali;Globo;1;https://www.guiadosquadrinhos.com/capas/magali/ma00501;https://www.getback.com.br/Monica/Magali%20Globo/191-200.htm;https://www.getback.com.br/Monica/Magali%20Globo/191-200/192.jpg;200;image/jpeg;140;200;23525;f2066b3e69478877a3c4139c8c1e90aa5525abec40db9aa23ac02e2b6d30cb1f;backend/src/main/resources/META-INF/resources/capas/magali-globo-v1/192.jpg
193;Magali;Globo;1;https://www.guiadosquadrinhos.com/capas/magali/ma00501;https://www.getback.com.br/Monica/Magali%20Globo/191-200.htm;https://www.getback.com.br/Monica/Magali%20Globo/191-200/193.jpg;200;image/jpeg;140;200;21915;dbadd7adaf68bd4ce27221b0d3326e41a02c139516eb91aa5712b7da5f0495b3;backend/src/main/resources/META-INF/resources/capas/magali-globo-v1/193.jpg
194;Magali;Globo;1;https://www.guiadosquadrinhos.com/capas/magali/ma00501;https://www.getback.com.br/Monica/Magali%20Globo/191-200.htm;https://www.getback.com.br/Monica/Magali%20Globo/191-200/194.jpg;200;image/jpeg;140;200;24189;e539a9fef0a51f13e2797dc921fa36320f4e3b345940ee3b54b54c549baf83d7;backend/src/main/resources/META-INF/resources/capas/magali-globo-v1/194.jpg
195;Magali;Globo;1;https://www.guiadosquadrinhos.com/capas/magali/ma00501;https://www.getback.com.br/Monica/Magali%20Globo/191-200.htm;https://www.getback.com.br/Monica/Magali%20Globo/191-200/195.jpg;200;image/jpeg;140;200;18644;651126a5ea7b403ab8e37a3e733ca52259014c2e7aebeef53efa29f8c939f6a1;backend/src/main/resources/META-INF/resources/capas/magali-globo-v1/195.jpg
196;Magali;Globo;1;https://www.guiadosquadrinhos.com/capas/magali/ma00501;https://www.getback.com.br/Monica/Magali%20Globo/191-200.htm;https://www.getback.com.br/Monica/Magali%20Globo/191-200/196.jpg;200;image/jpeg;140;200;24175;e946cbe78d2946a0a994962f9ee56cd29e5838277a4eecdf6cbf95ddb7ec28d7;backend/src/main/resources/META-INF/resources/capas/magali-globo-v1/196.jpg
197;Magali;Globo;1;https://www.guiadosquadrinhos.com/capas/magali/ma00501;https://www.getback.com.br/Monica/Magali%20Globo/191-200.htm;https://www.getback.com.br/Monica/Magali%20Globo/191-200/197.jpg;200;image/jpeg;140;200;22419;b285b4318ebe7174e91eaab671a343a0cf6a4a3eef805727b434f9ee0425b876;backend/src/main/resources/META-INF/resources/capas/magali-globo-v1/197.jpg
198;Magali;Globo;1;https://www.guiadosquadrinhos.com/capas/magali/ma00501;https://www.getback.com.br/Monica/Magali%20Globo/191-200.htm;https://www.getback.com.br/Monica/Magali%20Globo/191-200/198.jpg;200;image/jpeg;140;200;22663;7048b534156376550211cc2b59e3b65cb84fef7b78f220f007d0e8966866b580;backend/src/main/resources/META-INF/resources/capas/magali-globo-v1/198.jpg
199;Magali;Globo;1;https://www.guiadosquadrinhos.com/capas/magali/ma00501;https://www.getback.com.br/Monica/Magali%20Globo/191-200.htm;https://www.getback.com.br/Monica/Magali%20Globo/191-200/199.jpg;200;image/jpeg;140;200;23285;958b808e40330ee6d1fb4dfe606567b19cae053c071f00844310065df2770f94;backend/src/main/resources/META-INF/resources/capas/magali-globo-v1/199.jpg
200;Magali;Globo;1;https://www.guiadosquadrinhos.com/capas/magali/ma00501;https://www.getback.com.br/Monica/Magali%20Globo/191-200.htm;https://www.getback.com.br/Monica/Magali%20Globo/191-200/200.jpg;200;image/jpeg;140;200;25809;c42175824419750af1341e8db308e7de6717556cc36c9f14082e361abeaf8ee0;backend/src/main/resources/META-INF/resources/capas/magali-globo-v1/200.jpg
201;Magali;Globo;1;https://www.guiadosquadrinhos.com/capas/magali/ma00501;https://www.getback.com.br/Monica/Magali%20Globo/201-210.htm;https://www.getback.com.br/Monica/Magali%20Globo/201-210/201.jpg;200;image/jpeg;140;200;24169;913df8ffc25f1f7be8b78c650ebb474c3044ae7a3164237f215edbf35b3e7ee2;backend/src/main/resources/META-INF/resources/capas/magali-globo-v1/201.jpg
202;Magali;Globo;1;https://www.guiadosquadrinhos.com/capas/magali/ma00501;https://www.getback.com.br/Monica/Magali%20Globo/201-210.htm;https://www.getback.com.br/Monica/Magali%20Globo/201-210/202.jpg;200;image/jpeg;140;200;20064;f91a3869790b0c974e51009306ab850930cc1ecf65e9a864a582f596edd1b8e6;backend/src/main/resources/META-INF/resources/capas/magali-globo-v1/202.jpg
203;Magali;Globo;1;https://www.guiadosquadrinhos.com/capas/magali/ma00501;https://www.getback.com.br/Monica/Magali%20Globo/201-210.htm;https://www.getback.com.br/Monica/Magali%20Globo/201-210/203.jpg;200;image/jpeg;140;200;22262;bf6421950ea588df332e9a13fc42678ffd3f8147203b5d87f0c220eba98efecd;backend/src/main/resources/META-INF/resources/capas/magali-globo-v1/203.jpg
204;Magali;Globo;1;https://www.guiadosquadrinhos.com/capas/magali/ma00501;https://www.getback.com.br/Monica/Magali%20Globo/201-210.htm;https://www.getback.com.br/Monica/Magali%20Globo/201-210/204.jpg;200;image/jpeg;140;200;22061;e9c1a6e6172daf29e67406db274a09036cce77baaffca639ad41d5b6d9a7da2a;backend/src/main/resources/META-INF/resources/capas/magali-globo-v1/204.jpg
205;Magali;Globo;1;https://www.guiadosquadrinhos.com/capas/magali/ma00501;https://www.getback.com.br/Monica/Magali%20Globo/201-210.htm;https://www.getback.com.br/Monica/Magali%20Globo/201-210/205.jpg;200;image/jpeg;140;200;22190;bf1208e1631c6a1d1544b51013f912894cb0a10b66d4ed46f7fc529919cfee8d;backend/src/main/resources/META-INF/resources/capas/magali-globo-v1/205.jpg
206;Magali;Globo;1;https://www.guiadosquadrinhos.com/capas/magali/ma00501;https://www.getback.com.br/Monica/Magali%20Globo/201-210.htm;https://www.getback.com.br/Monica/Magali%20Globo/201-210/206.jpg;200;image/jpeg;140;200;26467;5d962b4cf3e782a51515825938ceb1746507b0d4873ce46b019bd98a7266e62e;backend/src/main/resources/META-INF/resources/capas/magali-globo-v1/206.jpg
207;Magali;Globo;1;https://www.guiadosquadrinhos.com/capas/magali/ma00501;https://www.getback.com.br/Monica/Magali%20Globo/201-210.htm;https://www.getback.com.br/Monica/Magali%20Globo/201-210/207.jpg;200;image/jpeg;140;200;21495;58c035ba4d728871cda3bcbabfe33b650d823ca497642daa544a76885bfbc874;backend/src/main/resources/META-INF/resources/capas/magali-globo-v1/207.jpg
208;Magali;Globo;1;https://www.guiadosquadrinhos.com/capas/magali/ma00501;https://www.getback.com.br/Monica/Magali%20Globo/201-210.htm;https://www.getback.com.br/Monica/Magali%20Globo/201-210/208.jpg;200;image/jpeg;140;200;22349;7628b92897d5e8a0578c0b0367fb2658af097169701c7c9ff743a113660b089b;backend/src/main/resources/META-INF/resources/capas/magali-globo-v1/208.jpg
209;Magali;Globo;1;https://www.guiadosquadrinhos.com/capas/magali/ma00501;https://www.getback.com.br/Monica/Magali%20Globo/201-210.htm;https://www.getback.com.br/Monica/Magali%20Globo/201-210/209.jpg;200;image/jpeg;140;200;23086;8d9e670aa159792b9a9e884dd7dbefde1374f613e11b0baf8ffd54a40f355d58;backend/src/main/resources/META-INF/resources/capas/magali-globo-v1/209.jpg
210;Magali;Globo;1;https://www.guiadosquadrinhos.com/capas/magali/ma00501;https://www.getback.com.br/Monica/Magali%20Globo/201-210.htm;https://www.getback.com.br/Monica/Magali%20Globo/201-210/210.jpg;200;image/jpeg;140;200;22883;d3d6d9c4c36f81f2d770b25b7f8c4470ecf2ee6dfaf79f2a7a01476831595297;backend/src/main/resources/META-INF/resources/capas/magali-globo-v1/210.jpg
211;Magali;Globo;1;https://www.guiadosquadrinhos.com/capas/magali/ma00501;https://www.getback.com.br/Monica/Magali%20Globo/211-220.htm;https://www.getback.com.br/Monica/Magali%20Globo/211-220/211.jpg;200;image/jpeg;140;200;25380;3479fed5ec40c3511393239a361ef8d0c1eb55ea91381a30a124294135815088;backend/src/main/resources/META-INF/resources/capas/magali-globo-v1/211.jpg
212;Magali;Globo;1;https://www.guiadosquadrinhos.com/capas/magali/ma00501;https://www.getback.com.br/Monica/Magali%20Globo/211-220.htm;https://www.getback.com.br/Monica/Magali%20Globo/211-220/212.jpg;200;image/jpeg;140;200;23275;9eeb1326a870ac2f972bc24216b06115ef9fc41a587d8894958a1f93ed8c9344;backend/src/main/resources/META-INF/resources/capas/magali-globo-v1/212.jpg
213;Magali;Globo;1;https://www.guiadosquadrinhos.com/capas/magali/ma00501;https://www.getback.com.br/Monica/Magali%20Globo/211-220.htm;https://www.getback.com.br/Monica/Magali%20Globo/211-220/213.jpg;200;image/jpeg;140;200;21477;4af1d0fcfe74bcc5b3d7d83d1b5722ef6b5f33b495aaf623a1ce2931249f3678;backend/src/main/resources/META-INF/resources/capas/magali-globo-v1/213.jpg
214;Magali;Globo;1;https://www.guiadosquadrinhos.com/capas/magali/ma00501;https://www.getback.com.br/Monica/Magali%20Globo/211-220.htm;https://www.getback.com.br/Monica/Magali%20Globo/211-220/214.jpg;200;image/jpeg;140;200;21524;43cb46811efddf930183c74eacd80ae9fcf30ea62049630620e9825e7095243a;backend/src/main/resources/META-INF/resources/capas/magali-globo-v1/214.jpg
215;Magali;Globo;1;https://www.guiadosquadrinhos.com/capas/magali/ma00501;https://www.getback.com.br/Monica/Magali%20Globo/211-220.htm;https://www.getback.com.br/Monica/Magali%20Globo/211-220/215.jpg;200;image/jpeg;140;200;22018;e9357d8e0e583b47d35f1cd7a4bf9fd7243e039840445727127d81f6c6143a23;backend/src/main/resources/META-INF/resources/capas/magali-globo-v1/215.jpg
216;Magali;Globo;1;https://www.guiadosquadrinhos.com/capas/magali/ma00501;https://www.getback.com.br/Monica/Magali%20Globo/211-220.htm;https://www.getback.com.br/Monica/Magali%20Globo/211-220/216.jpg;200;image/jpeg;140;200;20695;259b8e5dc823dc8bb8ac8d65422c852e0dca1ddec2360be7042d94d11f56cc91;backend/src/main/resources/META-INF/resources/capas/magali-globo-v1/216.jpg
217;Magali;Globo;1;https://www.guiadosquadrinhos.com/capas/magali/ma00501;https://www.getback.com.br/Monica/Magali%20Globo/211-220.htm;https://www.getback.com.br/Monica/Magali%20Globo/211-220/217.jpg;200;image/jpeg;140;200;21742;3cc23a2fc5bef45051d82506044c299780a0a5874234f460fa899dbb48f9f941;backend/src/main/resources/META-INF/resources/capas/magali-globo-v1/217.jpg
218;Magali;Globo;1;https://www.guiadosquadrinhos.com/capas/magali/ma00501;https://www.getback.com.br/Monica/Magali%20Globo/211-220.htm;https://www.getback.com.br/Monica/Magali%20Globo/211-220/218.jpg;200;image/jpeg;140;200;22589;f2d7bb02f6362d0eacaac6b55fd42aebb84b0c12cfd7f508e49f2f2fe09188bc;backend/src/main/resources/META-INF/resources/capas/magali-globo-v1/218.jpg
219;Magali;Globo;1;https://www.guiadosquadrinhos.com/capas/magali/ma00501;https://www.getback.com.br/Monica/Magali%20Globo/211-220.htm;https://www.getback.com.br/Monica/Magali%20Globo/211-220/219.jpg;200;image/jpeg;140;200;21026;f3b5344803b03035c6bbda33bd51bb8ee76082b70e0bcae4e2ed02a9a6d60458;backend/src/main/resources/META-INF/resources/capas/magali-globo-v1/219.jpg
220;Magali;Globo;1;https://www.guiadosquadrinhos.com/capas/magali/ma00501;https://www.getback.com.br/Monica/Magali%20Globo/211-220.htm;https://www.getback.com.br/Monica/Magali%20Globo/211-220/220.jpg;200;image/jpeg;140;200;21574;164aa2da10f6da2e84888f1e29383e2e76115bde08f2c756b96e9340fe370deb;backend/src/main/resources/META-INF/resources/capas/magali-globo-v1/220.jpg
221;Magali;Globo;1;https://www.guiadosquadrinhos.com/capas/magali/ma00501;https://www.getback.com.br/Monica/Magali%20Globo/221-230.htm;https://www.getback.com.br/Monica/Magali%20Globo/221-230/221.jpg;200;image/jpeg;140;200;21570;d2a72eb084632af2d93b6a73999da2515687dc6ce0a5f767a05a6e7d4fe86f35;backend/src/main/resources/META-INF/resources/capas/magali-globo-v1/221.jpg
222;Magali;Globo;1;https://www.guiadosquadrinhos.com/capas/magali/ma00501;https://www.getback.com.br/Monica/Magali%20Globo/221-230.htm;https://www.getback.com.br/Monica/Magali%20Globo/221-230/222.jpg;200;image/jpeg;140;200;21913;d18bd5e9497cf4fb721a2dcf18d6174c6c6f7f848fde31b0348052578129cbe2;backend/src/main/resources/META-INF/resources/capas/magali-globo-v1/222.jpg
223;Magali;Globo;1;https://www.guiadosquadrinhos.com/capas/magali/ma00501;https://www.getback.com.br/Monica/Magali%20Globo/221-230.htm;https://www.getback.com.br/Monica/Magali%20Globo/221-230/223.jpg;200;image/jpeg;140;200;20438;9e94f732d272a7458607b46017c07dd0bcb695b6ebae724c72db5232b909002e;backend/src/main/resources/META-INF/resources/capas/magali-globo-v1/223.jpg
224;Magali;Globo;1;https://www.guiadosquadrinhos.com/capas/magali/ma00501;https://www.getback.com.br/Monica/Magali%20Globo/221-230.htm;https://www.getback.com.br/Monica/Magali%20Globo/221-230/224.jpg;200;image/jpeg;140;200;22096;5578ca553c00dd5310ece5d677ae1ce228cab3dea1ba5d45b4348be6fa11fde1;backend/src/main/resources/META-INF/resources/capas/magali-globo-v1/224.jpg
225;Magali;Globo;1;https://www.guiadosquadrinhos.com/capas/magali/ma00501;https://www.getback.com.br/Monica/Magali%20Globo/221-230.htm;https://www.getback.com.br/Monica/Magali%20Globo/221-230/225.jpg;200;image/jpeg;140;200;19796;dd320dc8c27d94b449ef4a1c54df314f2919a866447dfbce965c7ba057a8b6eb;backend/src/main/resources/META-INF/resources/capas/magali-globo-v1/225.jpg
226;Magali;Globo;1;https://www.guiadosquadrinhos.com/capas/magali/ma00501;https://www.getback.com.br/Monica/Magali%20Globo/221-230.htm;https://www.getback.com.br/Monica/Magali%20Globo/221-230/226.jpg;200;image/jpeg;140;200;19530;1c6debfb2ad0f649db137b83354b662a436ba6a6061d4d6c1bcf9267d26b1f53;backend/src/main/resources/META-INF/resources/capas/magali-globo-v1/226.jpg
227;Magali;Globo;1;https://www.guiadosquadrinhos.com/capas/magali/ma00501;https://www.getback.com.br/Monica/Magali%20Globo/221-230.htm;https://www.getback.com.br/Monica/Magali%20Globo/221-230/227.jpg;200;image/jpeg;140;200;21417;d1c1739cd11254dddf465e71df4c206604e538e5cf76959ac6c3cb86dd16543e;backend/src/main/resources/META-INF/resources/capas/magali-globo-v1/227.jpg
228;Magali;Globo;1;https://www.guiadosquadrinhos.com/capas/magali/ma00501;https://www.getback.com.br/Monica/Magali%20Globo/221-230.htm;https://www.getback.com.br/Monica/Magali%20Globo/221-230/228.jpg;200;image/jpeg;140;200;22526;6340202bda33cfb44530a70ae1dbc675c1e0400f6dbe4d0de4a87ec481936653;backend/src/main/resources/META-INF/resources/capas/magali-globo-v1/228.jpg
229;Magali;Globo;1;https://www.guiadosquadrinhos.com/capas/magali/ma00501;https://www.getback.com.br/Monica/Magali%20Globo/221-230.htm;https://www.getback.com.br/Monica/Magali%20Globo/221-230/229.jpg;200;image/jpeg;140;200;21264;00bb5da6ad653a9c4e56ad30234f2c91e16f8dd7386accb2ddde07c438507579;backend/src/main/resources/META-INF/resources/capas/magali-globo-v1/229.jpg
230;Magali;Globo;1;https://www.guiadosquadrinhos.com/capas/magali/ma00501;https://www.getback.com.br/Monica/Magali%20Globo/221-230.htm;https://www.getback.com.br/Monica/Magali%20Globo/221-230/230.jpg;200;image/jpeg;140;200;21836;117acf63de56e3d8ff406b6d27e399a36470cf6fb0126c8aa20108d3b6cd9cb4;backend/src/main/resources/META-INF/resources/capas/magali-globo-v1/230.jpg
231;Magali;Globo;1;https://www.guiadosquadrinhos.com/capas/magali/ma00501;https://www.getback.com.br/Monica/Magali%20Globo/231-240.htm;https://www.getback.com.br/Monica/Magali%20Globo/231-240/231.jpg;200;image/jpeg;140;200;22334;44e8b0d0bc08685e99ec18333bd97136e3c13c6266e9c6f51d2d8c07a47abc18;backend/src/main/resources/META-INF/resources/capas/magali-globo-v1/231.jpg
232;Magali;Globo;1;https://www.guiadosquadrinhos.com/capas/magali/ma00501;https://www.getback.com.br/Monica/Magali%20Globo/231-240.htm;https://www.getback.com.br/Monica/Magali%20Globo/231-240/232.jpg;200;image/jpeg;140;200;24526;aff40adec729cc31b454c557cf7aa4ab55bdd216a784db4cbc43ac7dea705e89;backend/src/main/resources/META-INF/resources/capas/magali-globo-v1/232.jpg
233;Magali;Globo;1;https://www.guiadosquadrinhos.com/capas/magali/ma00501;https://www.getback.com.br/Monica/Magali%20Globo/231-240.htm;https://www.getback.com.br/Monica/Magali%20Globo/231-240/233.jpg;200;image/jpeg;140;200;21460;fdfbeae3a6313f86abe8192ff48fb38251c6c8725946dcc6d9583e245ec6fa54;backend/src/main/resources/META-INF/resources/capas/magali-globo-v1/233.jpg
234;Magali;Globo;1;https://www.guiadosquadrinhos.com/capas/magali/ma00501;https://www.getback.com.br/Monica/Magali%20Globo/231-240.htm;https://www.getback.com.br/Monica/Magali%20Globo/231-240/234.jpg;200;image/jpeg;140;200;21950;87f6bfe85e24c499b0ce4822aff068f2ffc77b92ea4d8cdea2887dc4d61f16a7;backend/src/main/resources/META-INF/resources/capas/magali-globo-v1/234.jpg
235;Magali;Globo;1;https://www.guiadosquadrinhos.com/capas/magali/ma00501;https://www.getback.com.br/Monica/Magali%20Globo/231-240.htm;https://www.getback.com.br/Monica/Magali%20Globo/231-240/235.jpg;200;image/jpeg;140;200;20396;be15546b2a68033e5dbfa26dd6c350b3259fc81de875d908677be03b35694d35;backend/src/main/resources/META-INF/resources/capas/magali-globo-v1/235.jpg
236;Magali;Globo;1;https://www.guiadosquadrinhos.com/capas/magali/ma00501;https://www.getback.com.br/Monica/Magali%20Globo/231-240.htm;https://www.getback.com.br/Monica/Magali%20Globo/231-240/236.jpg;200;image/jpeg;140;200;22864;45c8c61aa6b0ef0aaf98ea86486135ceceacfb83647678ee4a7d1968d4a3b4c4;backend/src/main/resources/META-INF/resources/capas/magali-globo-v1/236.jpg
237;Magali;Globo;1;https://www.guiadosquadrinhos.com/capas/magali/ma00501;https://www.getback.com.br/Monica/Magali%20Globo/231-240.htm;https://www.getback.com.br/Monica/Magali%20Globo/231-240/237.jpg;200;image/jpeg;140;200;24097;a04211022f9c114df3236285a75b7b885f73062b14dc781436e7f2d90ef6153b;backend/src/main/resources/META-INF/resources/capas/magali-globo-v1/237.jpg
238;Magali;Globo;1;https://www.guiadosquadrinhos.com/capas/magali/ma00501;https://www.getback.com.br/Monica/Magali%20Globo/231-240.htm;https://www.getback.com.br/Monica/Magali%20Globo/231-240/238.jpg;200;image/jpeg;140;200;22616;f995bb1f8c8b15641ce12f4d8e5ce1946a09991db57512f4f430521a1cfcc595;backend/src/main/resources/META-INF/resources/capas/magali-globo-v1/238.jpg
239;Magali;Globo;1;https://www.guiadosquadrinhos.com/capas/magali/ma00501;https://www.getback.com.br/Monica/Magali%20Globo/231-240.htm;https://www.getback.com.br/Monica/Magali%20Globo/231-240/239.jpg;200;image/jpeg;140;200;18179;f7ad6c3c0e7e674fb617581182626cb6cebe38f9b38e7aace2df34df3c90e38a;backend/src/main/resources/META-INF/resources/capas/magali-globo-v1/239.jpg
240;Magali;Globo;1;https://www.guiadosquadrinhos.com/capas/magali/ma00501;https://www.getback.com.br/Monica/Magali%20Globo/231-240.htm;https://www.getback.com.br/Monica/Magali%20Globo/231-240/240.jpg;200;image/jpeg;140;200;22577;9fa950945fd011ea356b4c8a37ba9786863b04d053e5c23d8fb7f3dd4bbae62d;backend/src/main/resources/META-INF/resources/capas/magali-globo-v1/240.jpg
241;Magali;Globo;1;https://www.guiadosquadrinhos.com/capas/magali/ma00501;https://www.getback.com.br/Monica/Magali%20Globo/241-250.htm;https://www.getback.com.br/Monica/Magali%20Globo/241-250/241.jpg;200;image/jpeg;140;200;20400;734a8773fbc2f86b27e81d4c56fcaf0668854c20806f707a47f4e6de73913a78;backend/src/main/resources/META-INF/resources/capas/magali-globo-v1/241.jpg
242;Magali;Globo;1;https://www.guiadosquadrinhos.com/capas/magali/ma00501;https://www.getback.com.br/Monica/Magali%20Globo/241-250.htm;https://www.getback.com.br/Monica/Magali%20Globo/241-250/242.jpg;200;image/jpeg;140;200;23336;6d96918c980e67a57c866ee82ea52140088ce87407464be7edeba76d51d6ddcc;backend/src/main/resources/META-INF/resources/capas/magali-globo-v1/242.jpg
243;Magali;Globo;1;https://www.guiadosquadrinhos.com/capas/magali/ma00501;https://www.getback.com.br/Monica/Magali%20Globo/241-250.htm;https://www.getback.com.br/Monica/Magali%20Globo/241-250/243.jpg;200;image/jpeg;140;200;21995;5b91b6ce6ee702231f91bdc74c9b81047cbaade7a7fc5bc6a35c137b81a1775a;backend/src/main/resources/META-INF/resources/capas/magali-globo-v1/243.jpg
244;Magali;Globo;1;https://www.guiadosquadrinhos.com/capas/magali/ma00501;https://www.getback.com.br/Monica/Magali%20Globo/241-250.htm;https://www.getback.com.br/Monica/Magali%20Globo/241-250/244.jpg;200;image/jpeg;140;200;21217;978639cd9979f320dfe714c3603e8b8f724f62fdedcdef8c67d0cec165c695c0;backend/src/main/resources/META-INF/resources/capas/magali-globo-v1/244.jpg
245;Magali;Globo;1;https://www.guiadosquadrinhos.com/capas/magali/ma00501;https://www.getback.com.br/Monica/Magali%20Globo/241-250.htm;https://www.getback.com.br/Monica/Magali%20Globo/241-250/245.jpg;200;image/jpeg;140;200;23818;f48cf9b5e5b2d7f852d2c31a243af2378f5ed2965c12d6c4988321c06d69d2fa;backend/src/main/resources/META-INF/resources/capas/magali-globo-v1/245.jpg
246;Magali;Globo;1;https://www.guiadosquadrinhos.com/capas/magali/ma00501;https://www.getback.com.br/Monica/Magali%20Globo/241-250.htm;https://www.getback.com.br/Monica/Magali%20Globo/241-250/246.jpg;200;image/jpeg;140;200;22485;0aada48d81c05ca93eb7689c5279cc6a996d79a2215c164768bab844244ce369;backend/src/main/resources/META-INF/resources/capas/magali-globo-v1/246.jpg
247;Magali;Globo;1;https://www.guiadosquadrinhos.com/capas/magali/ma00501;https://www.getback.com.br/Monica/Magali%20Globo/241-250.htm;https://www.getback.com.br/Monica/Magali%20Globo/241-250/247.jpg;200;image/jpeg;140;200;21470;9f952d8a0199761062f8f063e164d12f8d9ac9a55c121bbbe0852fe18ceec759;backend/src/main/resources/META-INF/resources/capas/magali-globo-v1/247.jpg
248;Magali;Globo;1;https://www.guiadosquadrinhos.com/capas/magali/ma00501;https://www.getback.com.br/Monica/Magali%20Globo/241-250.htm;https://www.getback.com.br/Monica/Magali%20Globo/241-250/248.jpg;200;image/jpeg;140;200;21759;d0e8f6c59fde5b2395f46a2484ef36b0a68fe2a8b5b25c65c406aef10646fd84;backend/src/main/resources/META-INF/resources/capas/magali-globo-v1/248.jpg
249;Magali;Globo;1;https://www.guiadosquadrinhos.com/capas/magali/ma00501;https://www.getback.com.br/Monica/Magali%20Globo/241-250.htm;https://www.getback.com.br/Monica/Magali%20Globo/241-250/249.jpg;200;image/jpeg;140;200;20684;4788434f08bc19dab8179e53d30d6749003e1d7675a1de6ffbe570e3998fbd8b;backend/src/main/resources/META-INF/resources/capas/magali-globo-v1/249.jpg
250;Magali;Globo;1;https://www.guiadosquadrinhos.com/capas/magali/ma00501;https://www.getback.com.br/Monica/Magali%20Globo/241-250.htm;https://www.getback.com.br/Monica/Magali%20Globo/241-250/250.jpg;200;image/jpeg;140;200;22728;ff2a5bd95cc3a80155a2c2df35d187151696117714b8f7f4f9eeb78752461042;backend/src/main/resources/META-INF/resources/capas/magali-globo-v1/250.jpg
251;Magali;Globo;1;https://www.guiadosquadrinhos.com/capas/magali/ma00501;https://www.getback.com.br/Monica/Magali%20Globo/251-260.htm;https://www.getback.com.br/Monica/Magali%20Globo/251-260/251.jpg;200;image/jpeg;140;200;21895;9260abd4fbeec1bdceb9b2a06bfdda6d3dc6f061b508dbb0286d6b2ce2b7e51f;backend/src/main/resources/META-INF/resources/capas/magali-globo-v1/251.jpg
252;Magali;Globo;1;https://www.guiadosquadrinhos.com/capas/magali/ma00501;https://www.getback.com.br/Monica/Magali%20Globo/251-260.htm;https://www.getback.com.br/Monica/Magali%20Globo/251-260/252.jpg;200;image/jpeg;140;200;23009;d258da2e5e95bce2bfa46502c16635b7877b616b7217132a9347d0c483b94490;backend/src/main/resources/META-INF/resources/capas/magali-globo-v1/252.jpg
253;Magali;Globo;1;https://www.guiadosquadrinhos.com/capas/magali/ma00501;https://www.getback.com.br/Monica/Magali%20Globo/251-260.htm;https://www.getback.com.br/Monica/Magali%20Globo/251-260/253.jpg;200;image/jpeg;140;200;24639;31d415b7226b00db3c52df4fdf494ce3e8f3adfc9c2d5bfb97e033cb6aff91a1;backend/src/main/resources/META-INF/resources/capas/magali-globo-v1/253.jpg
254;Magali;Globo;1;https://www.guiadosquadrinhos.com/capas/magali/ma00501;https://www.getback.com.br/Monica/Magali%20Globo/251-260.htm;https://www.getback.com.br/Monica/Magali%20Globo/251-260/254.jpg;200;image/jpeg;140;200;21333;2afed7db72c93a685eb84568e3ce362da4199706232657056d4ea31b9265ff40;backend/src/main/resources/META-INF/resources/capas/magali-globo-v1/254.jpg
255;Magali;Globo;1;https://www.guiadosquadrinhos.com/capas/magali/ma00501;https://www.getback.com.br/Monica/Magali%20Globo/251-260.htm;https://www.getback.com.br/Monica/Magali%20Globo/251-260/255.jpg;200;image/jpeg;140;200;20797;6696f0cd0986551069d388249d258f38fdd3a8af966967004da54a269992dc24;backend/src/main/resources/META-INF/resources/capas/magali-globo-v1/255.jpg
256;Magali;Globo;1;https://www.guiadosquadrinhos.com/capas/magali/ma00501;https://www.getback.com.br/Monica/Magali%20Globo/251-260.htm;https://www.getback.com.br/Monica/Magali%20Globo/251-260/256.jpg;200;image/jpeg;140;200;16969;c8b137c281f3d20596b6530ea5d5e8b7739f4de1b5e2270d98523fe9e5211597;backend/src/main/resources/META-INF/resources/capas/magali-globo-v1/256.jpg
257;Magali;Globo;1;https://www.guiadosquadrinhos.com/capas/magali/ma00501;https://www.getback.com.br/Monica/Magali%20Globo/251-260.htm;https://www.getback.com.br/Monica/Magali%20Globo/251-260/257.jpg;200;image/jpeg;140;200;23365;4eb08aa576e62ef215d006141ae837bcadc9f5361d9caa6096ff9652886dc063;backend/src/main/resources/META-INF/resources/capas/magali-globo-v1/257.jpg
258;Magali;Globo;1;https://www.guiadosquadrinhos.com/capas/magali/ma00501;https://www.getback.com.br/Monica/Magali%20Globo/251-260.htm;https://www.getback.com.br/Monica/Magali%20Globo/251-260/258.jpg;200;image/jpeg;140;200;26399;a43e5f9b6c9de5c3f4d16568cfe9282e04df04f3efed7ac7b494a663e7932c58;backend/src/main/resources/META-INF/resources/capas/magali-globo-v1/258.jpg
259;Magali;Globo;1;https://www.guiadosquadrinhos.com/capas/magali/ma00501;https://www.getback.com.br/Monica/Magali%20Globo/251-260.htm;https://www.getback.com.br/Monica/Magali%20Globo/251-260/259.jpg;200;image/jpeg;140;200;21475;37861e5f056c5fc8c57f072a1a3fe6aebc12fa2e6ec8cd66fb3b7516d6626d38;backend/src/main/resources/META-INF/resources/capas/magali-globo-v1/259.jpg
260;Magali;Globo;1;https://www.guiadosquadrinhos.com/capas/magali/ma00501;https://www.getback.com.br/Monica/Magali%20Globo/251-260.htm;https://www.getback.com.br/Monica/Magali%20Globo/251-260/260.jpg;200;image/jpeg;140;200;23758;41f2c89e8b0142b80a0c56e6dc1b867f48ab23c4f334c6da6a2a828900d45070;backend/src/main/resources/META-INF/resources/capas/magali-globo-v1/260.jpg
261;Magali;Globo;1;https://www.guiadosquadrinhos.com/capas/magali/ma00501;https://www.getback.com.br/Monica/Magali%20Globo/261-270.htm;https://www.getback.com.br/Monica/Magali%20Globo/261-270/261.jpg;200;image/jpeg;140;200;18966;866f3719bb2e1ef9a0825550b99a592a9ee4fa10b09cd4ba3b8940cb2b13bb79;backend/src/main/resources/META-INF/resources/capas/magali-globo-v1/261.jpg
262;Magali;Globo;1;https://www.guiadosquadrinhos.com/capas/magali/ma00501;https://www.getback.com.br/Monica/Magali%20Globo/261-270.htm;https://www.getback.com.br/Monica/Magali%20Globo/261-270/262.jpg;200;image/jpeg;140;200;22032;e95cf9b792ae9746cf662f6577cb25412278481d3678cdaa7b64529a31174a60;backend/src/main/resources/META-INF/resources/capas/magali-globo-v1/262.jpg
263;Magali;Globo;1;https://www.guiadosquadrinhos.com/capas/magali/ma00501;https://www.getback.com.br/Monica/Magali%20Globo/261-270.htm;https://www.getback.com.br/Monica/Magali%20Globo/261-270/263.jpg;200;image/jpeg;140;200;20079;11a2da263f16919004aea9a733cbeefad6050b2f81e381024166b0e23986644b;backend/src/main/resources/META-INF/resources/capas/magali-globo-v1/263.jpg
264;Magali;Globo;1;https://www.guiadosquadrinhos.com/capas/magali/ma00501;https://www.getback.com.br/Monica/Magali%20Globo/261-270.htm;https://www.getback.com.br/Monica/Magali%20Globo/261-270/264.jpg;200;image/jpeg;140;200;17938;eef93e37446d7a41d6e41fcf36b968100c87bbe5f5e04abb5bd9d3aa85ef888b;backend/src/main/resources/META-INF/resources/capas/magali-globo-v1/264.jpg
265;Magali;Globo;1;https://www.guiadosquadrinhos.com/capas/magali/ma00501;https://www.getback.com.br/Monica/Magali%20Globo/261-270.htm;https://www.getback.com.br/Monica/Magali%20Globo/261-270/265.jpg;200;image/jpeg;140;200;21867;b3046583c5672b2c511d44413887abdaa1b42e80367e44f8bb4e7f3205b773e3;backend/src/main/resources/META-INF/resources/capas/magali-globo-v1/265.jpg
266;Magali;Globo;1;https://www.guiadosquadrinhos.com/capas/magali/ma00501;https://www.getback.com.br/Monica/Magali%20Globo/261-270.htm;https://www.getback.com.br/Monica/Magali%20Globo/261-270/266.jpg;200;image/jpeg;140;200;20654;39f071e9aeaa9c1bbbb1a7e8e1d4e8fe2b6bb987dfefe4f81e5697cbffffedad;backend/src/main/resources/META-INF/resources/capas/magali-globo-v1/266.jpg
267;Magali;Globo;1;https://www.guiadosquadrinhos.com/capas/magali/ma00501;https://www.getback.com.br/Monica/Magali%20Globo/261-270.htm;https://www.getback.com.br/Monica/Magali%20Globo/261-270/267.jpg;200;image/jpeg;140;200;19301;4f1f30b491910b0d7c411905baa894d5ee2777d2b5b34066969a9e4963df7d48;backend/src/main/resources/META-INF/resources/capas/magali-globo-v1/267.jpg
268;Magali;Globo;1;https://www.guiadosquadrinhos.com/capas/magali/ma00501;https://www.getback.com.br/Monica/Magali%20Globo/261-270.htm;https://www.getback.com.br/Monica/Magali%20Globo/261-270/268.jpg;200;image/jpeg;140;200;20631;fc18aa26fc06e0e8c01e1c354e37dc0d010f0d61be12161807f9fa540f5c6e61;backend/src/main/resources/META-INF/resources/capas/magali-globo-v1/268.jpg
269;Magali;Globo;1;https://www.guiadosquadrinhos.com/capas/magali/ma00501;https://www.getback.com.br/Monica/Magali%20Globo/261-270.htm;https://www.getback.com.br/Monica/Magali%20Globo/261-270/269.jpg;200;image/jpeg;140;200;20920;8bfc86759c7a2d371c527715c58516a2de1226313bb91a8a597fc85301909f95;backend/src/main/resources/META-INF/resources/capas/magali-globo-v1/269.jpg
270;Magali;Globo;1;https://www.guiadosquadrinhos.com/capas/magali/ma00501;https://www.getback.com.br/Monica/Magali%20Globo/261-270.htm;https://www.getback.com.br/Monica/Magali%20Globo/261-270/270.jpg;200;image/jpeg;140;200;22649;38bb42c6e0f8c6ed1f063432e5779302df8c66c831dd744aaffe0c6c609772a6;backend/src/main/resources/META-INF/resources/capas/magali-globo-v1/270.jpg
271;Magali;Globo;1;https://www.guiadosquadrinhos.com/capas/magali/ma00501;https://www.getback.com.br/Monica/Magali%20Globo/271-280.htm;https://www.getback.com.br/Monica/Magali%20Globo/271-280/271.jpg;200;image/jpeg;140;200;22471;f56796e55916a8419754fe022786ddd62a71e2d40aa2f35f29db900b856ca907;backend/src/main/resources/META-INF/resources/capas/magali-globo-v1/271.jpg
272;Magali;Globo;1;https://www.guiadosquadrinhos.com/capas/magali/ma00501;https://www.getback.com.br/Monica/Magali%20Globo/271-280.htm;https://www.getback.com.br/Monica/Magali%20Globo/271-280/272.jpg;200;image/jpeg;140;200;21747;79a0821d11a90080c8a8664a9631e6b7b360e8003b3b450c534f99d2be989b25;backend/src/main/resources/META-INF/resources/capas/magali-globo-v1/272.jpg
273;Magali;Globo;1;https://www.guiadosquadrinhos.com/capas/magali/ma00501;https://www.getback.com.br/Monica/Magali%20Globo/271-280.htm;https://www.getback.com.br/Monica/Magali%20Globo/271-280/273.jpg;200;image/jpeg;140;200;22144;5ed0a6c608264f934666553970f9b14938f4e5ccf7acb1714285fd77a175bb0d;backend/src/main/resources/META-INF/resources/capas/magali-globo-v1/273.jpg
274;Magali;Globo;1;https://www.guiadosquadrinhos.com/capas/magali/ma00501;https://www.getback.com.br/Monica/Magali%20Globo/271-280.htm;https://www.getback.com.br/Monica/Magali%20Globo/271-280/274.jpg;200;image/jpeg;140;200;20047;d564b2398c46764a003785ddef6967ec6f6fb0624bf6a90f1b4bc068d77ea8af;backend/src/main/resources/META-INF/resources/capas/magali-globo-v1/274.jpg
275;Magali;Globo;1;https://www.guiadosquadrinhos.com/capas/magali/ma00501;https://www.getback.com.br/Monica/Magali%20Globo/271-280.htm;https://www.getback.com.br/Monica/Magali%20Globo/271-280/275.jpg;200;image/jpeg;140;200;20998;bc21474dab15306854f375685e1bd0f1dacc3045467dc55d88d03ed69990fbe5;backend/src/main/resources/META-INF/resources/capas/magali-globo-v1/275.jpg
276;Magali;Globo;1;https://www.guiadosquadrinhos.com/capas/magali/ma00501;https://www.getback.com.br/Monica/Magali%20Globo/271-280.htm;https://www.getback.com.br/Monica/Magali%20Globo/271-280/276.jpg;200;image/jpeg;140;200;21930;670a312557516355c7b9008b9f8f6ad32bdfc6ce4c6efba942c601f3a6fa489f;backend/src/main/resources/META-INF/resources/capas/magali-globo-v1/276.jpg
277;Magali;Globo;1;https://www.guiadosquadrinhos.com/capas/magali/ma00501;https://www.getback.com.br/Monica/Magali%20Globo/271-280.htm;https://www.getback.com.br/Monica/Magali%20Globo/271-280/277.jpg;200;image/jpeg;140;200;22543;be3452bccf5113f677ec9da1d7f4dfdc7a69e66fda4c77883b62944643a86c88;backend/src/main/resources/META-INF/resources/capas/magali-globo-v1/277.jpg
278;Magali;Globo;1;https://www.guiadosquadrinhos.com/capas/magali/ma00501;https://www.getback.com.br/Monica/Magali%20Globo/271-280.htm;https://www.getback.com.br/Monica/Magali%20Globo/271-280/278.jpg;200;image/jpeg;140;200;21429;d4933e95a72321811ebf47e632c92d41a0607458cdc3ee0aa19bbbbacfb946dc;backend/src/main/resources/META-INF/resources/capas/magali-globo-v1/278.jpg
279;Magali;Globo;1;https://www.guiadosquadrinhos.com/capas/magali/ma00501;https://www.getback.com.br/Monica/Magali%20Globo/271-280.htm;https://www.getback.com.br/Monica/Magali%20Globo/271-280/279.jpg;200;image/jpeg;140;200;21074;a6d837cfa39a246b7227a7a9fe0981d897afc12b4886236ee5da68e0569ccd8f;backend/src/main/resources/META-INF/resources/capas/magali-globo-v1/279.jpg
280;Magali;Globo;1;https://www.guiadosquadrinhos.com/capas/magali/ma00501;https://www.getback.com.br/Monica/Magali%20Globo/271-280.htm;https://www.getback.com.br/Monica/Magali%20Globo/271-280/280.jpg;200;image/jpeg;140;200;21963;3772ec6cdb71768a9128eee8428f3acbb5ff3b07cec058958139506ebd6188c9;backend/src/main/resources/META-INF/resources/capas/magali-globo-v1/280.jpg
281;Magali;Globo;1;https://www.guiadosquadrinhos.com/capas/magali/ma00501;https://www.getback.com.br/Monica/Magali%20Globo/281-290.htm;https://www.getback.com.br/Monica/Magali%20Globo/281-290/281.jpg;200;image/jpeg;140;200;23524;290f1653081fdfd1b32adcaa6fa470306fb5c6150d3bcd4a934b7868a66ab245;backend/src/main/resources/META-INF/resources/capas/magali-globo-v1/281.jpg
282;Magali;Globo;1;https://www.guiadosquadrinhos.com/capas/magali/ma00501;https://www.getback.com.br/Monica/Magali%20Globo/281-290.htm;https://www.getback.com.br/Monica/Magali%20Globo/281-290/282.jpg;200;image/jpeg;140;200;23751;2229bef2d90a2aa09782a04f55bd68997a14db674f7f50f55e335f45083f797b;backend/src/main/resources/META-INF/resources/capas/magali-globo-v1/282.jpg
283;Magali;Globo;1;https://www.guiadosquadrinhos.com/capas/magali/ma00501;https://www.getback.com.br/Monica/Magali%20Globo/281-290.htm;https://www.getback.com.br/Monica/Magali%20Globo/281-290/283.jpg;200;image/jpeg;140;200;25107;7ad19e3236f5f65890b7b6a9b1c342afdc115b7f1b755e4e170cdedb102dc12a;backend/src/main/resources/META-INF/resources/capas/magali-globo-v1/283.jpg
284;Magali;Globo;1;https://www.guiadosquadrinhos.com/capas/magali/ma00501;https://www.getback.com.br/Monica/Magali%20Globo/281-290.htm;https://www.getback.com.br/Monica/Magali%20Globo/281-290/284.jpg;200;image/jpeg;140;200;26393;cc3e16fc8c183ed973496eeacaa19bdaf7fefedb4891c4484b0ca1ef799ae5b7;backend/src/main/resources/META-INF/resources/capas/magali-globo-v1/284.jpg
285;Magali;Globo;1;https://www.guiadosquadrinhos.com/capas/magali/ma00501;https://www.getback.com.br/Monica/Magali%20Globo/281-290.htm;https://www.getback.com.br/Monica/Magali%20Globo/281-290/285.jpg;200;image/jpeg;140;200;25910;3d75ab420b1b765e0fe87f744793181793e431fb53e4072ffe36198ea9429a08;backend/src/main/resources/META-INF/resources/capas/magali-globo-v1/285.jpg
286;Magali;Globo;1;https://www.guiadosquadrinhos.com/capas/magali/ma00501;https://www.getback.com.br/Monica/Magali%20Globo/281-290.htm;https://www.getback.com.br/Monica/Magali%20Globo/281-290/286.jpg;200;image/jpeg;140;200;24511;1128a52ea43d946621277e2d336cb7339d5586de550f38c0a575be5b717522a0;backend/src/main/resources/META-INF/resources/capas/magali-globo-v1/286.jpg
287;Magali;Globo;1;https://www.guiadosquadrinhos.com/capas/magali/ma00501;https://www.getback.com.br/Monica/Magali%20Globo/281-290.htm;https://www.getback.com.br/Monica/Magali%20Globo/281-290/287.jpg;200;image/jpeg;140;200;23838;f14ebaec15de8ed54697000a0d472d9138f237ae18f4bf9ed81526d47fb2bbb9;backend/src/main/resources/META-INF/resources/capas/magali-globo-v1/287.jpg
288;Magali;Globo;1;https://www.guiadosquadrinhos.com/capas/magali/ma00501;https://www.getback.com.br/Monica/Magali%20Globo/281-290.htm;https://www.getback.com.br/Monica/Magali%20Globo/281-290/288.jpg;200;image/jpeg;140;200;25061;b56f5c197f684d152f2ca7d004e2be65478768f16e2fab70fc58297bed28d518;backend/src/main/resources/META-INF/resources/capas/magali-globo-v1/288.jpg
289;Magali;Globo;1;https://www.guiadosquadrinhos.com/capas/magali/ma00501;https://www.getback.com.br/Monica/Magali%20Globo/281-290.htm;https://www.getback.com.br/Monica/Magali%20Globo/281-290/289.jpg;200;image/jpeg;140;200;25532;81c52db79b243e16ea6fb2ae2413d4c44f2fddc32eac0769afed24fbd7e180be;backend/src/main/resources/META-INF/resources/capas/magali-globo-v1/289.jpg
290;Magali;Globo;1;https://www.guiadosquadrinhos.com/capas/magali/ma00501;https://www.getback.com.br/Monica/Magali%20Globo/281-290.htm;https://www.getback.com.br/Monica/Magali%20Globo/281-290/290.jpg;200;image/jpeg;140;200;23653;cc8df2c5516606e6c9966a7a408c9f868b292f89c6a9b5f581eae83c56568123;backend/src/main/resources/META-INF/resources/capas/magali-globo-v1/290.jpg
291;Magali;Globo;1;https://www.guiadosquadrinhos.com/capas/magali/ma00501;https://www.getback.com.br/Monica/Magali%20Globo/291-300.htm;https://www.getback.com.br/Monica/Magali%20Globo/291-300/291.jpg;200;image/jpeg;140;200;21997;4310926f402321b61d076bb7af503558ddd7190b62e6b9080e0fd02160fceac0;backend/src/main/resources/META-INF/resources/capas/magali-globo-v1/291.jpg
292;Magali;Globo;1;https://www.guiadosquadrinhos.com/capas/magali/ma00501;https://www.getback.com.br/Monica/Magali%20Globo/291-300.htm;https://www.getback.com.br/Monica/Magali%20Globo/291-300/292.jpg;200;image/jpeg;140;200;24519;0ab985c423fe5901935e01bcd5bc2148595882579f0091b111e60bcec8724dbf;backend/src/main/resources/META-INF/resources/capas/magali-globo-v1/292.jpg
293;Magali;Globo;1;https://www.guiadosquadrinhos.com/capas/magali/ma00501;https://www.getback.com.br/Monica/Magali%20Globo/291-300.htm;https://www.getback.com.br/Monica/Magali%20Globo/291-300/293.jpg;200;image/jpeg;140;200;25485;86a76ebeee3694bcc572134a16beb432a4e859aab58bce3c400d96f67580d1a7;backend/src/main/resources/META-INF/resources/capas/magali-globo-v1/293.jpg
294;Magali;Globo;1;https://www.guiadosquadrinhos.com/capas/magali/ma00501;https://www.getback.com.br/Monica/Magali%20Globo/291-300.htm;https://www.getback.com.br/Monica/Magali%20Globo/291-300/294.jpg;200;image/jpeg;140;200;23858;6e579379a0c2535eae6b0a65445cd6c70d7c41b00792af61d8178f1a03ecedcd;backend/src/main/resources/META-INF/resources/capas/magali-globo-v1/294.jpg
295;Magali;Globo;1;https://www.guiadosquadrinhos.com/capas/magali/ma00501;https://www.getback.com.br/Monica/Magali%20Globo/291-300.htm;https://www.getback.com.br/Monica/Magali%20Globo/291-300/295.jpg;200;image/jpeg;140;200;24895;7c4ef1b6ea1d26b77ddabe42991877a5732422f7f3af1e82a9e0e4f294f73b8d;backend/src/main/resources/META-INF/resources/capas/magali-globo-v1/295.jpg
296;Magali;Globo;1;https://www.guiadosquadrinhos.com/capas/magali/ma00501;https://www.getback.com.br/Monica/Magali%20Globo/291-300.htm;https://www.getback.com.br/Monica/Magali%20Globo/291-300/296.jpg;200;image/jpeg;140;200;23797;f33a0f9156a9b028b51d974ee6f57d78fc43efb5931d59f4bb06f5562abe32c4;backend/src/main/resources/META-INF/resources/capas/magali-globo-v1/296.jpg
297;Magali;Globo;1;https://www.guiadosquadrinhos.com/capas/magali/ma00501;https://www.getback.com.br/Monica/Magali%20Globo/291-300.htm;https://www.getback.com.br/Monica/Magali%20Globo/291-300/297.jpg;200;image/jpeg;140;200;22969;84cd935867a2b7e97747433f8ec4deff09a93dd8050b5d43aa9c430fd5449816;backend/src/main/resources/META-INF/resources/capas/magali-globo-v1/297.jpg
298;Magali;Globo;1;https://www.guiadosquadrinhos.com/capas/magali/ma00501;https://www.getback.com.br/Monica/Magali%20Globo/291-300.htm;https://www.getback.com.br/Monica/Magali%20Globo/291-300/298.jpg;200;image/jpeg;140;200;23929;249dd30e46603200f98a1b0f8f51f0af3eeb094d4a4c44c76912d72f8d99d804;backend/src/main/resources/META-INF/resources/capas/magali-globo-v1/298.jpg
299;Magali;Globo;1;https://www.guiadosquadrinhos.com/capas/magali/ma00501;https://www.getback.com.br/Monica/Magali%20Globo/291-300.htm;https://www.getback.com.br/Monica/Magali%20Globo/291-300/299.jpg;200;image/jpeg;140;200;22612;e73957f5767d5b90be1515122a24fe331c05df4f032c3943a3c1bcd359b3915c;backend/src/main/resources/META-INF/resources/capas/magali-globo-v1/299.jpg
300;Magali;Globo;1;https://www.guiadosquadrinhos.com/capas/magali/ma00501;https://www.getback.com.br/Monica/Magali%20Globo/291-300.htm;https://www.getback.com.br/Monica/Magali%20Globo/291-300/300.jpg;200;image/jpeg;140;200;27669;38162b73412bc924558bd359ab884ce68bf7eb9c3ade125ade58011b565fcfdb;backend/src/main/resources/META-INF/resources/capas/magali-globo-v1/300.jpg
301;Magali;Globo;1;https://www.guiadosquadrinhos.com/capas/magali/ma00501;https://www.getback.com.br/Monica/Magali%20Globo/301-310.htm;https://www.getback.com.br/Monica/Magali%20Globo/301-310/301.jpg;200;image/jpeg;140;200;23630;faf4e85442e3dddf04c1f6011b95f55d5d9e6476769cf8f519e450e9f5b54bbb;backend/src/main/resources/META-INF/resources/capas/magali-globo-v1/301.jpg
302;Magali;Globo;1;https://www.guiadosquadrinhos.com/capas/magali/ma00501;https://www.getback.com.br/Monica/Magali%20Globo/301-310.htm;https://www.getback.com.br/Monica/Magali%20Globo/301-310/302.jpg;200;image/jpeg;140;200;23193;c6f119225994d43680bb2bd381bf42fe502f19fb0e183be565d1c557257ccf6c;backend/src/main/resources/META-INF/resources/capas/magali-globo-v1/302.jpg
303;Magali;Globo;1;https://www.guiadosquadrinhos.com/capas/magali/ma00501;https://www.getback.com.br/Monica/Magali%20Globo/301-310.htm;https://www.getback.com.br/Monica/Magali%20Globo/301-310/303.jpg;200;image/jpeg;140;200;23744;ff4e030de1e57738f48817007b48ed2b439ccfcff4203b23ce172a0724674f4e;backend/src/main/resources/META-INF/resources/capas/magali-globo-v1/303.jpg
304;Magali;Globo;1;https://www.guiadosquadrinhos.com/capas/magali/ma00501;https://www.getback.com.br/Monica/Magali%20Globo/301-310.htm;https://www.getback.com.br/Monica/Magali%20Globo/301-310/304.jpg;200;image/jpeg;140;200;23375;e4c7b1eb57308ff9603f36e7323604a775e6826a82cbbc85fa84e352ec0fd1ba;backend/src/main/resources/META-INF/resources/capas/magali-globo-v1/304.jpg
305;Magali;Globo;1;https://www.guiadosquadrinhos.com/capas/magali/ma00501;https://www.getback.com.br/Monica/Magali%20Globo/301-310.htm;https://www.getback.com.br/Monica/Magali%20Globo/301-310/305.jpg;200;image/jpeg;140;200;22880;f1f4bd6581d7b77e82f2dc401d865b57d125fe1e711b1e86e6ceee8270cf5b48;backend/src/main/resources/META-INF/resources/capas/magali-globo-v1/305.jpg
306;Magali;Globo;1;https://www.guiadosquadrinhos.com/capas/magali/ma00501;https://www.getback.com.br/Monica/Magali%20Globo/301-310.htm;https://www.getback.com.br/Monica/Magali%20Globo/301-310/306.jpg;200;image/jpeg;140;200;22981;1e62e18982d771d53a8bd096dca6622b2198cc004ae3a02e2b120a655ed9e6f7;backend/src/main/resources/META-INF/resources/capas/magali-globo-v1/306.jpg
307;Magali;Globo;1;https://www.guiadosquadrinhos.com/capas/magali/ma00501;https://www.getback.com.br/Monica/Magali%20Globo/301-310.htm;https://www.getback.com.br/Monica/Magali%20Globo/301-310/307.jpg;200;image/jpeg;140;200;23573;cc0f997b14cc15292ad8f17e4c7a5e481fa41954d6c8dea732e3f8fcd3725705;backend/src/main/resources/META-INF/resources/capas/magali-globo-v1/307.jpg
308;Magali;Globo;1;https://www.guiadosquadrinhos.com/capas/magali/ma00501;https://www.getback.com.br/Monica/Magali%20Globo/301-310.htm;https://www.getback.com.br/Monica/Magali%20Globo/301-310/308.jpg;200;image/jpeg;140;200;22988;67dd5f1e84002d50695cb6d03b9950f08ed53c6fa5dfdd2a5403d4ddc40b9956;backend/src/main/resources/META-INF/resources/capas/magali-globo-v1/308.jpg
309;Magali;Globo;1;https://www.guiadosquadrinhos.com/capas/magali/ma00501;https://www.getback.com.br/Monica/Magali%20Globo/301-310.htm;https://www.getback.com.br/Monica/Magali%20Globo/301-310/309.jpg;200;image/jpeg;140;200;24034;71432b5261a82d04d9080b6230776ee0684407de6edf9535f0d4e99431c0fa56;backend/src/main/resources/META-INF/resources/capas/magali-globo-v1/309.jpg
310;Magali;Globo;1;https://www.guiadosquadrinhos.com/capas/magali/ma00501;https://www.getback.com.br/Monica/Magali%20Globo/301-310.htm;https://www.getback.com.br/Monica/Magali%20Globo/301-310/310.jpg;200;image/jpeg;140;200;28564;2c7cc061bbebcac2f05c8c4170fee67900ac6326aa05b41a499ffdbd4803c9d1;backend/src/main/resources/META-INF/resources/capas/magali-globo-v1/310.jpg
311;Magali;Globo;1;https://www.guiadosquadrinhos.com/capas/magali/ma00501;https://www.getback.com.br/Monica/Magali%20Globo/311-320.htm;https://www.getback.com.br/Monica/Magali%20Globo/311-320/311.jpg;200;image/jpeg;140;200;25110;7c0c6e24fb3a1dbe68ffa516b7ff58ce0c30ed3602aef9b27485a3f80e7bafb2;backend/src/main/resources/META-INF/resources/capas/magali-globo-v1/311.jpg
312;Magali;Globo;1;https://www.guiadosquadrinhos.com/capas/magali/ma00501;https://www.getback.com.br/Monica/Magali%20Globo/311-320.htm;https://www.getback.com.br/Monica/Magali%20Globo/311-320/312.jpg;200;image/jpeg;140;200;23620;5662b051b6a1960ee359da2d4fbb32b3abe0f68f11b7e1b1b9c6eead2c221a93;backend/src/main/resources/META-INF/resources/capas/magali-globo-v1/312.jpg
313;Magali;Globo;1;https://www.guiadosquadrinhos.com/capas/magali/ma00501;https://www.getback.com.br/Monica/Magali%20Globo/311-320.htm;https://www.getback.com.br/Monica/Magali%20Globo/311-320/313.jpg;200;image/jpeg;140;200;23615;c5bbc0ef68fb5168e11711454de8b9b29bc9e4604ce14bbad6a6b655a8e40208;backend/src/main/resources/META-INF/resources/capas/magali-globo-v1/313.jpg
314;Magali;Globo;1;https://www.guiadosquadrinhos.com/capas/magali/ma00501;https://www.getback.com.br/Monica/Magali%20Globo/311-320.htm;https://www.getback.com.br/Monica/Magali%20Globo/311-320/314.jpg;200;image/jpeg;140;200;19984;756020a3e808820e501dd059bb99ccdd7c88e78e3d192018d6c6049baea3e7cd;backend/src/main/resources/META-INF/resources/capas/magali-globo-v1/314.jpg
315;Magali;Globo;1;https://www.guiadosquadrinhos.com/capas/magali/ma00501;https://www.getback.com.br/Monica/Magali%20Globo/311-320.htm;https://www.getback.com.br/Monica/Magali%20Globo/311-320/315.jpg;200;image/jpeg;140;200;23500;2c73799a466b1af5d4165909b9e7172648178dea1805ae33d136e19639a3844f;backend/src/main/resources/META-INF/resources/capas/magali-globo-v1/315.jpg
316;Magali;Globo;1;https://www.guiadosquadrinhos.com/capas/magali/ma00501;https://www.getback.com.br/Monica/Magali%20Globo/311-320.htm;https://www.getback.com.br/Monica/Magali%20Globo/311-320/316.jpg;200;image/jpeg;140;200;23148;ee32b5e0bc35591070589219e33b1db35248bd36e9782c4666d70b58b2e6b441;backend/src/main/resources/META-INF/resources/capas/magali-globo-v1/316.jpg
317;Magali;Globo;1;https://www.guiadosquadrinhos.com/capas/magali/ma00501;https://www.getback.com.br/Monica/Magali%20Globo/311-320.htm;https://www.getback.com.br/Monica/Magali%20Globo/311-320/317.jpg;200;image/jpeg;140;200;26007;cd8dc6de7733267ed109b43d1c65f0fe1ec9b35cc530d99bcf5c26f1dc02ebf9;backend/src/main/resources/META-INF/resources/capas/magali-globo-v1/317.jpg
318;Magali;Globo;1;https://www.guiadosquadrinhos.com/capas/magali/ma00501;https://www.getback.com.br/Monica/Magali%20Globo/311-320.htm;https://www.getback.com.br/Monica/Magali%20Globo/311-320/318.jpg;200;image/jpeg;140;200;24181;0e3edac9031b5e3c117ad73ab0c81db459072e1e7b64a992098d6fb47a30b226;backend/src/main/resources/META-INF/resources/capas/magali-globo-v1/318.jpg
319;Magali;Globo;1;https://www.guiadosquadrinhos.com/capas/magali/ma00501;https://www.getback.com.br/Monica/Magali%20Globo/311-320.htm;https://www.getback.com.br/Monica/Magali%20Globo/311-320/319.jpg;200;image/jpeg;140;200;22471;f06e424029bd6636e4fb6486da697f9ff3323cf51df44915de6c6a92cea95945;backend/src/main/resources/META-INF/resources/capas/magali-globo-v1/319.jpg
320;Magali;Globo;1;https://www.guiadosquadrinhos.com/capas/magali/ma00501;https://www.getback.com.br/Monica/Magali%20Globo/311-320.htm;https://www.getback.com.br/Monica/Magali%20Globo/311-320/320.jpg;200;image/jpeg;140;200;23211;c1441b03a70f3981bb62076046457b82b103637b1e4d3c49ffe6563ca2063122;backend/src/main/resources/META-INF/resources/capas/magali-globo-v1/320.jpg
321;Magali;Globo;1;https://www.guiadosquadrinhos.com/capas/magali/ma00501;https://www.getback.com.br/Monica/Magali%20Globo/321-330.htm;https://www.getback.com.br/Monica/Magali%20Globo/321-330/321.jpg;200;image/jpeg;140;200;19320;a3b159e799de2b0c5c57485ea64585761b3661bd994f18317df8e92af68f1438;backend/src/main/resources/META-INF/resources/capas/magali-globo-v1/321.jpg
322;Magali;Globo;1;https://www.guiadosquadrinhos.com/capas/magali/ma00501;https://www.getback.com.br/Monica/Magali%20Globo/321-330.htm;https://www.getback.com.br/Monica/Magali%20Globo/321-330/322.jpg;200;image/jpeg;140;200;25987;0c657a6bab849284899669c2d159a3c4f13732d2cebee106e159b9fbdc765414;backend/src/main/resources/META-INF/resources/capas/magali-globo-v1/322.jpg
323;Magali;Globo;1;https://www.guiadosquadrinhos.com/capas/magali/ma00501;https://www.getback.com.br/Monica/Magali%20Globo/321-330.htm;https://www.getback.com.br/Monica/Magali%20Globo/321-330/323.jpg;200;image/jpeg;140;200;26114;aa6fcfaa5a47dcd7526d4b26d89497d46074550a6265770841a5b44700b7e11b;backend/src/main/resources/META-INF/resources/capas/magali-globo-v1/323.jpg
324;Magali;Globo;1;https://www.guiadosquadrinhos.com/capas/magali/ma00501;https://www.getback.com.br/Monica/Magali%20Globo/321-330.htm;https://www.getback.com.br/Monica/Magali%20Globo/321-330/324.jpg;200;image/jpeg;140;200;24776;c8b7bb3ac677e8ab46e7eb975aa1dfa8310c42b6502cb43fb929d98779b9b9f2;backend/src/main/resources/META-INF/resources/capas/magali-globo-v1/324.jpg
325;Magali;Globo;1;https://www.guiadosquadrinhos.com/capas/magali/ma00501;https://www.getback.com.br/Monica/Magali%20Globo/321-330.htm;https://www.getback.com.br/Monica/Magali%20Globo/321-330/325.jpg;200;image/jpeg;140;200;25484;c14e36889dd1dfe3d04047a09af8e4d524c1432be3c38bdb2f6a52700158c0c0;backend/src/main/resources/META-INF/resources/capas/magali-globo-v1/325.jpg
326;Magali;Globo;1;https://www.guiadosquadrinhos.com/capas/magali/ma00501;https://www.getback.com.br/Monica/Magali%20Globo/321-330.htm;https://www.getback.com.br/Monica/Magali%20Globo/321-330/326.jpg;200;image/jpeg;140;200;25430;fa83d3a7b275b0e39caf38cddecea96eb2c4107e31a6181e834dd990f252887b;backend/src/main/resources/META-INF/resources/capas/magali-globo-v1/326.jpg
327;Magali;Globo;1;https://www.guiadosquadrinhos.com/capas/magali/ma00501;https://www.getback.com.br/Monica/Magali%20Globo/321-330.htm;https://www.getback.com.br/Monica/Magali%20Globo/321-330/327.jpg;200;image/jpeg;140;200;25919;6cf81b28bee216d4072e2b42e8775519e45e9b52ed069852b1cdcb411d4ebe0b;backend/src/main/resources/META-INF/resources/capas/magali-globo-v1/327.jpg
328;Magali;Globo;1;https://www.guiadosquadrinhos.com/capas/magali/ma00501;https://www.getback.com.br/Monica/Magali%20Globo/321-330.htm;https://www.getback.com.br/Monica/Magali%20Globo/321-330/328.jpg;200;image/jpeg;140;200;25619;3b678598784de32cf62d085a3e48cc9ccc50d1a7f9dea147c37d759f80d67012;backend/src/main/resources/META-INF/resources/capas/magali-globo-v1/328.jpg
329;Magali;Globo;1;https://www.guiadosquadrinhos.com/capas/magali/ma00501;https://www.getback.com.br/Monica/Magali%20Globo/321-330.htm;https://www.getback.com.br/Monica/Magali%20Globo/321-330/329.jpg;200;image/jpeg;140;200;23964;8ed8fe93f52cc2febd1f68d9541de9152f02fa1ed0db45f6f20d8b353c8494ed;backend/src/main/resources/META-INF/resources/capas/magali-globo-v1/329.jpg
330;Magali;Globo;1;https://www.guiadosquadrinhos.com/capas/magali/ma00501;https://www.getback.com.br/Monica/Magali%20Globo/321-330.htm;https://www.getback.com.br/Monica/Magali%20Globo/321-330/330.jpg;200;image/jpeg;140;200;27158;76e1f9342ce2af23cbe5969cdb21ac53de569fffc29fba10b3550db79eb726ea;backend/src/main/resources/META-INF/resources/capas/magali-globo-v1/330.jpg
331;Magali;Globo;1;https://www.guiadosquadrinhos.com/capas/magali/ma00501;https://www.getback.com.br/Monica/Magali%20Globo/331-340.htm;https://www.getback.com.br/Monica/Magali%20Globo/331-340/331.jpg;200;image/jpeg;140;200;21435;78f9ff2cd792bf37ebfd28f1579ff89b83476a973da18c7e098b2d824f85bdc4;backend/src/main/resources/META-INF/resources/capas/magali-globo-v1/331.jpg
332;Magali;Globo;1;https://www.guiadosquadrinhos.com/capas/magali/ma00501;https://www.getback.com.br/Monica/Magali%20Globo/331-340.htm;https://www.getback.com.br/Monica/Magali%20Globo/331-340/332.jpg;200;image/jpeg;140;200;25830;70545f779e3de8615f88ad2cc424116a73d50f0319c6f02b883caaa215cadb98;backend/src/main/resources/META-INF/resources/capas/magali-globo-v1/332.jpg
333;Magali;Globo;1;https://www.guiadosquadrinhos.com/capas/magali/ma00501;https://www.getback.com.br/Monica/Magali%20Globo/331-340.htm;https://www.getback.com.br/Monica/Magali%20Globo/331-340/333.jpg;200;image/jpeg;140;200;20317;bd503f186c3a803fb50ebf302482fc22114727fbb7d64099440d49fc1a464260;backend/src/main/resources/META-INF/resources/capas/magali-globo-v1/333.jpg
334;Magali;Globo;1;https://www.guiadosquadrinhos.com/capas/magali/ma00501;https://www.getback.com.br/Monica/Magali%20Globo/331-340.htm;https://www.getback.com.br/Monica/Magali%20Globo/331-340/334.jpg;200;image/jpeg;140;200;21920;661cfea15ac536eb2f832b6aecacd5c6c3e5a9345df7f064f33cee38597f32b7;backend/src/main/resources/META-INF/resources/capas/magali-globo-v1/334.jpg
335;Magali;Globo;1;https://www.guiadosquadrinhos.com/capas/magali/ma00501;https://www.getback.com.br/Monica/Magali%20Globo/331-340.htm;https://www.getback.com.br/Monica/Magali%20Globo/331-340/335.jpg;200;image/jpeg;140;200;24274;4a2c6d46e564520974c5076c23b30b281a3d46143819e3385f9b933f3599cdb9;backend/src/main/resources/META-INF/resources/capas/magali-globo-v1/335.jpg
336;Magali;Globo;1;https://www.guiadosquadrinhos.com/capas/magali/ma00501;https://www.getback.com.br/Monica/Magali%20Globo/331-340.htm;https://www.getback.com.br/Monica/Magali%20Globo/331-340/336.jpg;200;image/jpeg;140;200;26246;cc5cab473b29678e49a503438ac9bb1f34be100005de469e930c90c83f864190;backend/src/main/resources/META-INF/resources/capas/magali-globo-v1/336.jpg
337;Magali;Globo;1;https://www.guiadosquadrinhos.com/capas/magali/ma00501;https://www.getback.com.br/Monica/Magali%20Globo/331-340.htm;https://www.getback.com.br/Monica/Magali%20Globo/331-340/337.jpg;200;image/jpeg;140;200;19944;5347863d87c716b01b03bb53386c20db99799b3b1c961c17b1b0b8410ba822a2;backend/src/main/resources/META-INF/resources/capas/magali-globo-v1/337.jpg
338;Magali;Globo;1;https://www.guiadosquadrinhos.com/capas/magali/ma00501;https://www.getback.com.br/Monica/Magali%20Globo/331-340.htm;https://www.getback.com.br/Monica/Magali%20Globo/331-340/338.jpg;200;image/jpeg;140;200;22302;e82ed6c93bca7c8b4a2aa8f8d9e9e2fe195b683c5db6fe0cc156953a753afdfa;backend/src/main/resources/META-INF/resources/capas/magali-globo-v1/338.jpg
339;Magali;Globo;1;https://www.guiadosquadrinhos.com/capas/magali/ma00501;https://www.getback.com.br/Monica/Magali%20Globo/331-340.htm;https://www.getback.com.br/Monica/Magali%20Globo/331-340/339.jpg;200;image/jpeg;140;200;24303;e2169f9ec75ade79e44108c8196186dba9dac34298709fefcad118135f8f36d3;backend/src/main/resources/META-INF/resources/capas/magali-globo-v1/339.jpg
340;Magali;Globo;1;https://www.guiadosquadrinhos.com/capas/magali/ma00501;https://www.getback.com.br/Monica/Magali%20Globo/331-340.htm;https://www.getback.com.br/Monica/Magali%20Globo/331-340/340.jpg;200;image/jpeg;140;200;22930;27fb71cce243428609c67e9b1a29c2e53bcf7776d756988147bf4dd5011394b2;backend/src/main/resources/META-INF/resources/capas/magali-globo-v1/340.jpg
341;Magali;Globo;1;https://www.guiadosquadrinhos.com/capas/magali/ma00501;https://www.getback.com.br/Monica/Magali%20Globo/341-350.htm;https://www.getback.com.br/Monica/Magali%20Globo/341-350/341.jpg;200;image/jpeg;140;200;24945;f46e344f9e3deb998d60227584b782f70cd3bff522177f321d6a1abb517b98aa;backend/src/main/resources/META-INF/resources/capas/magali-globo-v1/341.jpg
342;Magali;Globo;1;https://www.guiadosquadrinhos.com/capas/magali/ma00501;https://www.getback.com.br/Monica/Magali%20Globo/341-350.htm;https://www.getback.com.br/Monica/Magali%20Globo/341-350/342.jpg;200;image/jpeg;140;200;21247;3ac5c4f8c357045e5fb4525c6b2f54ea9a9d1cf7b3260e361002fe19034ac381;backend/src/main/resources/META-INF/resources/capas/magali-globo-v1/342.jpg
343;Magali;Globo;1;https://www.guiadosquadrinhos.com/capas/magali/ma00501;https://www.getback.com.br/Monica/Magali%20Globo/341-350.htm;https://www.getback.com.br/Monica/Magali%20Globo/341-350/343.jpg;200;image/jpeg;140;200;19863;948a2d12acef7591764dff0f6d075596b8637991ddf0cd12632ca43e7fa611e1;backend/src/main/resources/META-INF/resources/capas/magali-globo-v1/343.jpg
344;Magali;Globo;1;https://www.guiadosquadrinhos.com/capas/magali/ma00501;https://www.getback.com.br/Monica/Magali%20Globo/341-350.htm;https://www.getback.com.br/Monica/Magali%20Globo/341-350/344.jpg;200;image/jpeg;140;200;24654;c0ebfa85a2006d50aab9b98d992655ad9380bc33b61479f493dd5d516158372c;backend/src/main/resources/META-INF/resources/capas/magali-globo-v1/344.jpg
345;Magali;Globo;1;https://www.guiadosquadrinhos.com/capas/magali/ma00501;https://www.getback.com.br/Monica/Magali%20Globo/341-350.htm;https://www.getback.com.br/Monica/Magali%20Globo/341-350/345.jpg;200;image/jpeg;140;200;21222;68f2771f5f3d525308c28b0d8e33abd84a18e3796674fb8c69b63adbe0ff4617;backend/src/main/resources/META-INF/resources/capas/magali-globo-v1/345.jpg
346;Magali;Globo;1;https://www.guiadosquadrinhos.com/capas/magali/ma00501;https://www.getback.com.br/Monica/Magali%20Globo/341-350.htm;https://www.getback.com.br/Monica/Magali%20Globo/341-350/346.jpg;200;image/jpeg;140;200;23371;45e222825758d2212129fed172efe6c03ec81a8857cfc7fc0a2cb380c0ae1e0c;backend/src/main/resources/META-INF/resources/capas/magali-globo-v1/346.jpg
347;Magali;Globo;1;https://www.guiadosquadrinhos.com/capas/magali/ma00501;https://www.getback.com.br/Monica/Magali%20Globo/341-350.htm;https://www.getback.com.br/Monica/Magali%20Globo/341-350/347.jpg;200;image/jpeg;140;200;23047;64d1637c4fdd990e63db810763a3c1f19eb698cc85f37e475f05e801e6ac1d6a;backend/src/main/resources/META-INF/resources/capas/magali-globo-v1/347.jpg
348;Magali;Globo;1;https://www.guiadosquadrinhos.com/capas/magali/ma00501;https://www.getback.com.br/Monica/Magali%20Globo/341-350.htm;https://www.getback.com.br/Monica/Magali%20Globo/341-350/348.jpg;200;image/jpeg;140;200;23152;fffd1f7544662adb57575e11f01daa2d93b56a7b4f9e75ea6fbafe06aeda0a98;backend/src/main/resources/META-INF/resources/capas/magali-globo-v1/348.jpg
349;Magali;Globo;1;https://www.guiadosquadrinhos.com/capas/magali/ma00501;https://www.getback.com.br/Monica/Magali%20Globo/341-350.htm;https://www.getback.com.br/Monica/Magali%20Globo/341-350/349.jpg;200;image/jpeg;140;200;22345;8be9fac6835b2d96e31997d9a2acdb51e8736deec1f25cfd8ae232e98a491661;backend/src/main/resources/META-INF/resources/capas/magali-globo-v1/349.jpg
350;Magali;Globo;1;https://www.guiadosquadrinhos.com/capas/magali/ma00501;https://www.getback.com.br/Monica/Magali%20Globo/341-350.htm;https://www.getback.com.br/Monica/Magali%20Globo/341-350/350.jpg;200;image/jpeg;140;200;23290;065c9f8a150df5b54b9d62e2aedf37f5d503d034b8289eb0cd6aba5fae0c4d75;backend/src/main/resources/META-INF/resources/capas/magali-globo-v1/350.jpg
351;Magali;Globo;1;https://www.guiadosquadrinhos.com/capas/magali/ma00501;https://www.getback.com.br/Monica/Magali%20Globo/351-360.htm;https://www.getback.com.br/Monica/Magali%20Globo/351-360/351.jpg;200;image/jpeg;140;200;24431;35e5b4a26fbe5463ca6cf0a922415d051cbe35a6d69d84d9777b75bd82aef516;backend/src/main/resources/META-INF/resources/capas/magali-globo-v1/351.jpg
352;Magali;Globo;1;https://www.guiadosquadrinhos.com/capas/magali/ma00501;https://www.getback.com.br/Monica/Magali%20Globo/351-360.htm;https://www.getback.com.br/Monica/Magali%20Globo/351-360/352.jpg;200;image/jpeg;140;200;24126;66dbb6336a699fdab59a172d648740206284c487ac358483d3313eec7c4d5a98;backend/src/main/resources/META-INF/resources/capas/magali-globo-v1/352.jpg
353;Magali;Globo;1;https://www.guiadosquadrinhos.com/capas/magali/ma00501;https://www.getback.com.br/Monica/Magali%20Globo/351-360.htm;https://www.getback.com.br/Monica/Magali%20Globo/351-360/353.jpg;200;image/jpeg;140;200;24876;569363e9331e4ac8ce00c63650316edb4f31ecceb5c384dfcf1e6786497a4a72;backend/src/main/resources/META-INF/resources/capas/magali-globo-v1/353.jpg
354;Magali;Globo;1;https://www.guiadosquadrinhos.com/capas/magali/ma00501;https://www.getback.com.br/Monica/Magali%20Globo/351-360.htm;https://www.getback.com.br/Monica/Magali%20Globo/351-360/354.jpg;200;image/jpeg;140;200;23183;7003c56de22d7cff7ab7322f61daba2e4081090e533b335c45e9c0747085f089;backend/src/main/resources/META-INF/resources/capas/magali-globo-v1/354.jpg
355;Magali;Globo;1;https://www.guiadosquadrinhos.com/capas/magali/ma00501;https://www.getback.com.br/Monica/Magali%20Globo/351-360.htm;https://www.getback.com.br/Monica/Magali%20Globo/351-360/355.jpg;200;image/jpeg;140;200;22891;c2e2380a9deb3e041b4cc6520076db3a6f79cb54d6e0ed710c222c9c6f200113;backend/src/main/resources/META-INF/resources/capas/magali-globo-v1/355.jpg
356;Magali;Globo;1;https://www.guiadosquadrinhos.com/capas/magali/ma00501;https://www.getback.com.br/Monica/Magali%20Globo/351-360.htm;https://www.getback.com.br/Monica/Magali%20Globo/351-360/356.jpg;200;image/jpeg;140;200;20780;c13a194fc1d04d45d239fc459d3c7a57143694e7f70fea28ab8399f35c8e9c1f;backend/src/main/resources/META-INF/resources/capas/magali-globo-v1/356.jpg
357;Magali;Globo;1;https://www.guiadosquadrinhos.com/capas/magali/ma00501;https://www.getback.com.br/Monica/Magali%20Globo/351-360.htm;https://www.getback.com.br/Monica/Magali%20Globo/351-360/357.jpg;200;image/jpeg;140;200;21735;14e458774e7ac56e9bfda3e8e7b0930f72e148aca193ac54e151b7c427db6dcd;backend/src/main/resources/META-INF/resources/capas/magali-globo-v1/357.jpg
358;Magali;Globo;1;https://www.guiadosquadrinhos.com/capas/magali/ma00501;https://www.getback.com.br/Monica/Magali%20Globo/351-360.htm;https://www.getback.com.br/Monica/Magali%20Globo/351-360/358.jpg;200;image/jpeg;140;200;23183;ad4fd8319bff78f3e1c52ee626db032e8b2cc95e366ce3f407a392757e664bfb;backend/src/main/resources/META-INF/resources/capas/magali-globo-v1/358.jpg
359;Magali;Globo;1;https://www.guiadosquadrinhos.com/capas/magali/ma00501;https://www.getback.com.br/Monica/Magali%20Globo/351-360.htm;https://www.getback.com.br/Monica/Magali%20Globo/351-360/359.jpg;200;image/jpeg;140;200;21944;4e62f99ee918128b7642c4924ad381caa8ae326b8a9db9678663171e7a3288cb;backend/src/main/resources/META-INF/resources/capas/magali-globo-v1/359.jpg
360;Magali;Globo;1;https://www.guiadosquadrinhos.com/capas/magali/ma00501;https://www.getback.com.br/Monica/Magali%20Globo/351-360.htm;https://www.getback.com.br/Monica/Magali%20Globo/351-360/360.jpg;200;image/jpeg;140;200;25096;fe2263ca9710988809b44d2c2d8cffd884a98d333618cf4f6fe19493be3eb133;backend/src/main/resources/META-INF/resources/capas/magali-globo-v1/360.jpg
361;Magali;Globo;1;https://www.guiadosquadrinhos.com/capas/magali/ma00501;https://www.getback.com.br/Monica/Magali%20Globo/361-370.htm;https://www.getback.com.br/Monica/Magali%20Globo/361-370/361.jpg;200;image/jpeg;140;200;24071;bb822bba82c229ededd44591638244d4be0c4739ca60965c48b12d4490ca2b8a;backend/src/main/resources/META-INF/resources/capas/magali-globo-v1/361.jpg
362;Magali;Globo;1;https://www.guiadosquadrinhos.com/capas/magali/ma00501;https://www.getback.com.br/Monica/Magali%20Globo/361-370.htm;https://www.getback.com.br/Monica/Magali%20Globo/361-370/362.jpg;200;image/jpeg;140;200;21146;dcd342b2f51b0ea88fe9590a709661fb3395400b6a1072b0bf791ee56eacee44;backend/src/main/resources/META-INF/resources/capas/magali-globo-v1/362.jpg
363;Magali;Globo;1;https://www.guiadosquadrinhos.com/capas/magali/ma00501;https://www.getback.com.br/Monica/Magali%20Globo/361-370.htm;https://www.getback.com.br/Monica/Magali%20Globo/361-370/363.jpg;200;image/jpeg;140;200;20804;204726f1cb1e55e32ad7212b06eab3e8ce2ae75345a78c823624ac3b333e4f53;backend/src/main/resources/META-INF/resources/capas/magali-globo-v1/363.jpg
364;Magali;Globo;1;https://www.guiadosquadrinhos.com/capas/magali/ma00501;https://www.getback.com.br/Monica/Magali%20Globo/361-370.htm;https://www.getback.com.br/Monica/Magali%20Globo/361-370/364.jpg;200;image/jpeg;140;200;19753;72f2631c302285ba2b2184449b088461e409c8bbae74d1b5d3bbf12ea4a6093f;backend/src/main/resources/META-INF/resources/capas/magali-globo-v1/364.jpg
365;Magali;Globo;1;https://www.guiadosquadrinhos.com/capas/magali/ma00501;https://www.getback.com.br/Monica/Magali%20Globo/361-370.htm;https://www.getback.com.br/Monica/Magali%20Globo/361-370/365.jpg;200;image/jpeg;140;200;19856;589cfc838137ae3b9001de994ccfff5b09c865e84b6944ca6f674a076b185d5c;backend/src/main/resources/META-INF/resources/capas/magali-globo-v1/365.jpg
366;Magali;Globo;1;https://www.guiadosquadrinhos.com/capas/magali/ma00501;https://www.getback.com.br/Monica/Magali%20Globo/361-370.htm;https://www.getback.com.br/Monica/Magali%20Globo/361-370/366.jpg;200;image/jpeg;140;200;21693;f6b1ac8a8a70965b5ed7dd0f31e44d2fc489012e78948be26ad26eade86d1ec1;backend/src/main/resources/META-INF/resources/capas/magali-globo-v1/366.jpg
367;Magali;Globo;1;https://www.guiadosquadrinhos.com/capas/magali/ma00501;https://www.getback.com.br/Monica/Magali%20Globo/361-370.htm;https://www.getback.com.br/Monica/Magali%20Globo/361-370/367.jpg;200;image/jpeg;140;200;18178;1b9979ad2df03787aae67322295855ddc7ce4ec98ea0c624064f9e06fe916ce8;backend/src/main/resources/META-INF/resources/capas/magali-globo-v1/367.jpg
368;Magali;Globo;1;https://www.guiadosquadrinhos.com/capas/magali/ma00501;https://www.getback.com.br/Monica/Magali%20Globo/361-370.htm;https://www.getback.com.br/Monica/Magali%20Globo/361-370/368.jpg;200;image/jpeg;140;200;23765;5988fd5e6cc8f2b0b7d21338feb9b3cc0b3c54c996964ba736e4bda9cbb07260;backend/src/main/resources/META-INF/resources/capas/magali-globo-v1/368.jpg
369;Magali;Globo;1;https://www.guiadosquadrinhos.com/capas/magali/ma00501;https://www.getback.com.br/Monica/Magali%20Globo/361-370.htm;https://www.getback.com.br/Monica/Magali%20Globo/361-370/369.jpg;200;image/jpeg;140;200;22365;cd351d3985623657207736bdfd954ef37985f9d8357586066c502c6fbe34a18c;backend/src/main/resources/META-INF/resources/capas/magali-globo-v1/369.jpg
370;Magali;Globo;1;https://www.guiadosquadrinhos.com/capas/magali/ma00501;https://www.getback.com.br/Monica/Magali%20Globo/361-370.htm;https://www.getback.com.br/Monica/Magali%20Globo/361-370/370.jpg;200;image/jpeg;140;200;21306;5c1bd54089110aa6f6fc7c110c72f7f04a55d714db57dfb70c1da75055a7411b;backend/src/main/resources/META-INF/resources/capas/magali-globo-v1/370.jpg
371;Magali;Globo;1;https://www.guiadosquadrinhos.com/capas/magali/ma00501;https://www.getback.com.br/Monica/Magali%20Globo/371-380.htm;https://www.getback.com.br/Monica/Magali%20Globo/371-380/371.jpg;200;image/jpeg;140;200;22579;8e146407f52d69739224358ae763d6893ce162185911e053e750bd6ed7eb2183;backend/src/main/resources/META-INF/resources/capas/magali-globo-v1/371.jpg
372;Magali;Globo;1;https://www.guiadosquadrinhos.com/capas/magali/ma00501;https://www.getback.com.br/Monica/Magali%20Globo/371-380.htm;https://www.getback.com.br/Monica/Magali%20Globo/371-380/372.jpg;200;image/jpeg;140;200;19062;7a7511ccc6b7bcf5c165ff25ca5e4802e5944c35ceb0785d491dd6e0a7647395;backend/src/main/resources/META-INF/resources/capas/magali-globo-v1/372.jpg
373;Magali;Globo;1;https://www.guiadosquadrinhos.com/capas/magali/ma00501;https://www.getback.com.br/Monica/Magali%20Globo/371-380.htm;https://www.getback.com.br/Monica/Magali%20Globo/371-380/373.jpg;200;image/jpeg;140;200;19819;559a004fe2d4753755ce2e01cfe9f304b785dd1bc8ae27357bf27297cc1ba67c;backend/src/main/resources/META-INF/resources/capas/magali-globo-v1/373.jpg
374;Magali;Globo;1;https://www.guiadosquadrinhos.com/capas/magali/ma00501;https://www.getback.com.br/Monica/Magali%20Globo/371-380.htm;https://www.getback.com.br/Monica/Magali%20Globo/371-380/374.jpg;200;image/jpeg;140;200;18982;c43543cc489be9d5b05399bcf1313cc78ada582f4c50061fe3c51ba8e4b815e5;backend/src/main/resources/META-INF/resources/capas/magali-globo-v1/374.jpg
375;Magali;Globo;1;https://www.guiadosquadrinhos.com/capas/magali/ma00501;https://www.getback.com.br/Monica/Magali%20Globo/371-380.htm;https://www.getback.com.br/Monica/Magali%20Globo/371-380/375.jpg;200;image/jpeg;140;200;21166;4a03e8e61df6f6ef372626c88e52657448701ebe4d93f3f109af1f3b320d96d1;backend/src/main/resources/META-INF/resources/capas/magali-globo-v1/375.jpg
376;Magali;Globo;1;https://www.guiadosquadrinhos.com/capas/magali/ma00501;https://www.getback.com.br/Monica/Magali%20Globo/371-380.htm;https://www.getback.com.br/Monica/Magali%20Globo/371-380/376.jpg;200;image/jpeg;140;200;19947;f4948ae5de0b5295b6ff8047427c61f6123cc237bffc04efb58dfc61bd3e604d;backend/src/main/resources/META-INF/resources/capas/magali-globo-v1/376.jpg
377;Magali;Globo;1;https://www.guiadosquadrinhos.com/capas/magali/ma00501;https://www.getback.com.br/Monica/Magali%20Globo/371-380.htm;https://www.getback.com.br/Monica/Magali%20Globo/371-380/377.jpg;200;image/jpeg;140;200;20803;cbbe0bd59fb6441ac3665fe307a491d94ace8f26b00706adf51585bbf61bf85b;backend/src/main/resources/META-INF/resources/capas/magali-globo-v1/377.jpg
378;Magali;Globo;1;https://www.guiadosquadrinhos.com/capas/magali/ma00501;https://www.getback.com.br/Monica/Magali%20Globo/371-380.htm;https://www.getback.com.br/Monica/Magali%20Globo/371-380/378.jpg;200;image/jpeg;140;200;22016;0562daab059ae021606ffc999a687885ef13c4c2e4c04e23dd8e4b39fd737b1e;backend/src/main/resources/META-INF/resources/capas/magali-globo-v1/378.jpg
379;Magali;Globo;1;https://www.guiadosquadrinhos.com/capas/magali/ma00501;https://www.getback.com.br/Monica/Magali%20Globo/371-380.htm;https://www.getback.com.br/Monica/Magali%20Globo/371-380/379.jpg;200;image/jpeg;140;200;23846;68c9d915fb4eb0c7f8c07be1d7a04e6826a6d37aa973bb70462c8554b6a95e71;backend/src/main/resources/META-INF/resources/capas/magali-globo-v1/379.jpg
380;Magali;Globo;1;https://www.guiadosquadrinhos.com/capas/magali/ma00501;https://www.getback.com.br/Monica/Magali%20Globo/371-380.htm;https://www.getback.com.br/Monica/Magali%20Globo/371-380/380.jpg;200;image/jpeg;140;200;21547;d5ee48262b0958dd8ed45caebd63dcdefa19de9f0bc3ca34116178dd17a95135;backend/src/main/resources/META-INF/resources/capas/magali-globo-v1/380.jpg
381;Magali;Globo;1;https://www.guiadosquadrinhos.com/capas/magali/ma00501;https://www.getback.com.br/Monica/Magali%20Globo/381-390.htm;https://www.getback.com.br/Monica/Magali%20Globo/381-390/381.jpg;200;image/jpeg;140;200;19813;ad3dba027b90b4830385b3ee0b96e4b8b4d6754cf2d0851e4ed7113ecceed07f;backend/src/main/resources/META-INF/resources/capas/magali-globo-v1/381.jpg
382;Magali;Globo;1;https://www.guiadosquadrinhos.com/capas/magali/ma00501;https://www.getback.com.br/Monica/Magali%20Globo/381-390.htm;https://www.getback.com.br/Monica/Magali%20Globo/381-390/382.jpg;200;image/jpeg;140;200;22204;630e24ef8600fcda68f6e500d4feec67c6fdea4bd5a3175e780f301cdc08c8ed;backend/src/main/resources/META-INF/resources/capas/magali-globo-v1/382.jpg
383;Magali;Globo;1;https://www.guiadosquadrinhos.com/capas/magali/ma00501;https://www.getback.com.br/Monica/Magali%20Globo/381-390.htm;https://www.getback.com.br/Monica/Magali%20Globo/381-390/383.jpg;200;image/jpeg;140;200;22286;ffb84de7fbff6000a8ef8997f3afa329b46771a2541e95dd2ee10da790aba70a;backend/src/main/resources/META-INF/resources/capas/magali-globo-v1/383.jpg
384;Magali;Globo;1;https://www.guiadosquadrinhos.com/capas/magali/ma00501;https://www.getback.com.br/Monica/Magali%20Globo/381-390.htm;https://www.getback.com.br/Monica/Magali%20Globo/381-390/384.jpg;200;image/jpeg;140;200;20034;61a91cb7272ffcb1f7bbd0636afba472d128edb9e7dc99beaf3f59e41d6c8286;backend/src/main/resources/META-INF/resources/capas/magali-globo-v1/384.jpg
385;Magali;Globo;1;https://www.guiadosquadrinhos.com/capas/magali/ma00501;https://www.getback.com.br/Monica/Magali%20Globo/381-390.htm;https://www.getback.com.br/Monica/Magali%20Globo/381-390/385.jpg;200;image/jpeg;140;200;21861;557df3635388ed0c7bc55e2a9cccc2a5e50f954e840e1a8b09ec981c7128720a;backend/src/main/resources/META-INF/resources/capas/magali-globo-v1/385.jpg
386;Magali;Globo;1;https://www.guiadosquadrinhos.com/capas/magali/ma00501;https://www.getback.com.br/Monica/Magali%20Globo/381-390.htm;https://www.getback.com.br/Monica/Magali%20Globo/381-390/386.jpg;200;image/jpeg;140;200;23307;8dc107913a72bd40bfd96d59859eae953f98bd4985868c76947821d5c6dc6df8;backend/src/main/resources/META-INF/resources/capas/magali-globo-v1/386.jpg
387;Magali;Globo;1;https://www.guiadosquadrinhos.com/capas/magali/ma00501;https://www.getback.com.br/Monica/Magali%20Globo/381-390.htm;https://www.getback.com.br/Monica/Magali%20Globo/381-390/387.jpg;200;image/jpeg;140;200;19988;ba6ecee40f65c4e7bd6074e8292e757279be3bec150ebd055dd41c03002e9691;backend/src/main/resources/META-INF/resources/capas/magali-globo-v1/387.jpg
388;Magali;Globo;1;https://www.guiadosquadrinhos.com/capas/magali/ma00501;https://www.getback.com.br/Monica/Magali%20Globo/381-390.htm;https://www.getback.com.br/Monica/Magali%20Globo/381-390/388.jpg;200;image/jpeg;140;200;22372;31603bbcc77dbce5b12a9b1c02dc5ec572bd9287470fe0d0d384cca033c3f15b;backend/src/main/resources/META-INF/resources/capas/magali-globo-v1/388.jpg
389;Magali;Globo;1;https://www.guiadosquadrinhos.com/capas/magali/ma00501;https://www.getback.com.br/Monica/Magali%20Globo/381-390.htm;https://www.getback.com.br/Monica/Magali%20Globo/381-390/389.jpg;200;image/jpeg;140;200;22488;5e4d520f515770cc3f6da214b632593fb33d4fec63c24f4a951ac39f5d8cc9d4;backend/src/main/resources/META-INF/resources/capas/magali-globo-v1/389.jpg
390;Magali;Globo;1;https://www.guiadosquadrinhos.com/capas/magali/ma00501;https://www.getback.com.br/Monica/Magali%20Globo/381-390.htm;https://www.getback.com.br/Monica/Magali%20Globo/381-390/390.jpg;200;image/jpeg;140;200;21881;27052b08dd05ebf5d83b9dceac4db08867a14c50101bfc58090cb2cb5a689ba3;backend/src/main/resources/META-INF/resources/capas/magali-globo-v1/390.jpg
391;Magali;Globo;1;https://www.guiadosquadrinhos.com/capas/magali/ma00501;https://www.getback.com.br/Monica/Magali%20Globo/391-400.htm;https://www.getback.com.br/Monica/Magali%20Globo/391-400/391.jpg;200;image/jpeg;140;200;21187;bef467804a266086b58584d99b2213d18163268da1da674a5d373605bd285609;backend/src/main/resources/META-INF/resources/capas/magali-globo-v1/391.jpg
392;Magali;Globo;1;https://www.guiadosquadrinhos.com/capas/magali/ma00501;https://www.getback.com.br/Monica/Magali%20Globo/391-400.htm;https://www.getback.com.br/Monica/Magali%20Globo/391-400/392.jpg;200;image/jpeg;140;200;21359;0f68dd21c2f0f83e94b8c991cdbb9a06f33ec412cd655c45418aa1354e74ef5c;backend/src/main/resources/META-INF/resources/capas/magali-globo-v1/392.jpg
393;Magali;Globo;1;https://www.guiadosquadrinhos.com/capas/magali/ma00501;https://www.getback.com.br/Monica/Magali%20Globo/391-400.htm;https://www.getback.com.br/Monica/Magali%20Globo/391-400/393.jpg;200;image/jpeg;140;200;20892;e4225108f549cef0d37c41a5f170c7c6d7d86713bfe82e79c2f3f3d22f09c6c9;backend/src/main/resources/META-INF/resources/capas/magali-globo-v1/393.jpg
394;Magali;Globo;1;https://www.guiadosquadrinhos.com/capas/magali/ma00501;https://www.getback.com.br/Monica/Magali%20Globo/391-400.htm;https://www.getback.com.br/Monica/Magali%20Globo/391-400/394.jpg;200;image/jpeg;140;200;20186;142fda891cf0af32317b0e8ca4fbd4b2e77f3b37ed8167f6ccc056661f67d67b;backend/src/main/resources/META-INF/resources/capas/magali-globo-v1/394.jpg
395;Magali;Globo;1;https://www.guiadosquadrinhos.com/capas/magali/ma00501;https://www.getback.com.br/Monica/Magali%20Globo/391-400.htm;https://www.getback.com.br/Monica/Magali%20Globo/391-400/395.jpg;200;image/jpeg;140;200;25000;d4d944cff8857a84a075b7d5ace92472dee3309e1273181d3a838c79657bb058;backend/src/main/resources/META-INF/resources/capas/magali-globo-v1/395.jpg
396;Magali;Globo;1;https://www.guiadosquadrinhos.com/capas/magali/ma00501;https://www.getback.com.br/Monica/Magali%20Globo/391-400.htm;https://www.getback.com.br/Monica/Magali%20Globo/391-400/396.jpg;200;image/jpeg;138;197;25753;8d7b97d3d992416cac31065059f3107f1f52a42b01203ffb7312d87f03669d3c;backend/src/main/resources/META-INF/resources/capas/magali-globo-v1/396.jpg
397;Magali;Globo;1;https://www.guiadosquadrinhos.com/capas/magali/ma00501;https://www.getback.com.br/Monica/Magali%20Globo/391-400.htm;https://www.getback.com.br/Monica/Magali%20Globo/391-400/397.jpg;200;image/jpeg;139;198;28678;61138f606843ff6c8cd118e6882206c46fda941f7cb933558fb2b2f00ed3a2e7;backend/src/main/resources/META-INF/resources/capas/magali-globo-v1/397.jpg
398;Magali;Globo;1;https://www.guiadosquadrinhos.com/capas/magali/ma00501;https://www.getback.com.br/Monica/Magali%20Globo/391-400.htm;https://www.getback.com.br/Monica/Magali%20Globo/391-400/398.jpg;200;image/jpeg;137;196;25363;c8a4cf5ac3bebc737d836a95412288f74da38a9a14c4dc24564baa0fc3d7d5d6;backend/src/main/resources/META-INF/resources/capas/magali-globo-v1/398.jpg
399;Magali;Globo;1;https://www.guiadosquadrinhos.com/capas/magali/ma00501;https://www.getback.com.br/Monica/Magali%20Globo/391-400.htm;https://www.getback.com.br/Monica/Magali%20Globo/391-400/399.jpg;200;image/jpeg;138;197;25742;69aa5cbc4fb331d0d8c2e8dedc6356e9ed5964a7de71cbbd94972d88bcb56610;backend/src/main/resources/META-INF/resources/capas/magali-globo-v1/399.jpg
400;Magali;Globo;1;https://www.guiadosquadrinhos.com/capas/magali/ma00501;https://www.getback.com.br/Monica/Magali%20Globo/391-400.htm;https://www.getback.com.br/Monica/Magali%20Globo/391-400/400.jpg;200;image/jpeg;139;198;25358;f09688ddeaf9596cdb6f9842b7127056bfae94f7ab99fb6eb7683d4d3542fb50;backend/src/main/resources/META-INF/resources/capas/magali-globo-v1/400.jpg
401;Magali;Globo;1;https://www.guiadosquadrinhos.com/capas/magali/ma00501;https://www.getback.com.br/Monica/Magali%20Globo/401-410.htm;https://www.getback.com.br/Monica/Magali%20Globo/401-410/401.jpg;200;image/jpeg;140;200;27124;2bead1b02a38e199b8332537a9f8b0db03ca33a6eb22f4b37756dbaae2e910d9;backend/src/main/resources/META-INF/resources/capas/magali-globo-v1/401.jpg
402;Magali;Globo;1;https://www.guiadosquadrinhos.com/capas/magali/ma00501;https://www.getback.com.br/Monica/Magali%20Globo/401-410.htm;https://www.getback.com.br/Monica/Magali%20Globo/401-410/402.jpg;200;image/jpeg;139;198;25217;1577c0258776be0979681192f389572263bee0a654201a90e5d784d76ce3d634;backend/src/main/resources/META-INF/resources/capas/magali-globo-v1/402.jpg
403;Magali;Globo;1;https://www.guiadosquadrinhos.com/capas/magali/ma00501;https://www.getback.com.br/Monica/Magali%20Globo/401-410.htm;https://www.getback.com.br/Monica/Magali%20Globo/401-410/403.jpg;200;image/jpeg;138;197;21744;7e5fc09bfd23321f4177117683e4bf3fa840728bd7be120bf08005fa32991d26;backend/src/main/resources/META-INF/resources/capas/magali-globo-v1/403.jpg
