numero;titulo;editora;volume;referencia_catalogo;pagina_fonte;url_imagem;status_http;content_type_origem;largura;altura;bytes_origem;sha256_origem;content_type_arquivo;bytes_arquivo;sha256_arquivo;arquivo;observacao
1;Tio Patinhas;Abril;1;https://www.guiadosquadrinhos.com/capas/tio-patinhas/tph0031;https://www.papersera.net/vilaxurupita/tp/tp001_025.htm;https://www.papersera.net/vilaxurupita/tp/br_tp_0001a.gif;200;image/gif;204;331;19023;5ad71a6f3d70bae9f319d72ddbd91104c90bc528b771e87777ce177092194d48;image/jpeg;39630;81032c445b76483bfe7a46c7ce550c4059e8efe676bc1d33d360eedffbdc3486;backend/src/main/resources/META-INF/resources/capas/tio-patinhas-abril-v1/001.jpg;
2;Tio Patinhas;Abril;1;https://www.guiadosquadrinhos.com/capas/tio-patinhas/tph0031;https://www.papersera.net/vilaxurupita/tp/tp001_025.htm;https://www.papersera.net/vilaxurupita/tp/br_tp_0002a.gif;200;image/gif;204;331;23192;0201d705e4bab78a923e486691686c5c983a3cd5155cb44d25d54e08ff863ad7;image/jpeg;43277;a50b19e8af0044bc1bc1ae74bc066a74d21612637fddbe6d61326591bdcb8236;backend/src/main/resources/META-INF/resources/capas/tio-patinhas-abril-v1/002.jpg;
3;Tio Patinhas;Abril;1;https://www.guiadosquadrinhos.com/capas/tio-patinhas/tph0031;https://www.papersera.net/vilaxurupita/tp/tp001_025.htm;https://www.papersera.net/vilaxurupita/tp/br_tp_0003a.gif;200;image/gif;204;331;28176;52c7d5a0b7e4c21d59b770f81ab51e93810f6a65dfc852bf6823a8dcac2c0fe2;image/jpeg;46503;5f07dd6f6b1be55c1dfa06a9df66cc0eb097df3da43f2befbe28a08d9b2e81d4;backend/src/main/resources/META-INF/resources/capas/tio-patinhas-abril-v1/003.jpg;
4;Tio Patinhas;Abril;1;https://www.guiadosquadrinhos.com/capas/tio-patinhas/tph0031;https://www.papersera.net/vilaxurupita/tp/tp001_025.htm;https://www.papersera.net/vilaxurupita/tp/br_tp_0004a.gif;200;image/gif;204;331;26876;21b24b884cc662643f8d5896667e0a274a31f86498fac65a0440678bfc898623;image/jpeg;42747;383aeb7f1b7e3aece19578f878450a6fe74fbeb1bf4142f104062139e8032cf3;backend/src/main/resources/META-INF/resources/capas/tio-patinhas-abril-v1/004.jpg;
5;Tio Patinhas;Abril;1;https://www.guiadosquadrinhos.com/capas/tio-patinhas/tph0031;https://www.papersera.net/vilaxurupita/tp/tp001_025.htm;https://www.papersera.net/vilaxurupita/tp/br_tp_0005a.gif;200;image/gif;204;331;28757;81fd84f394ea66f041f3e1a09341f7b643b89dc4261e6666542703fe9da8dd94;image/jpeg;50849;ebdd5d3bdbd6608034919a0424ee7dd17ad2929704e2d9dbb9a4624396916f7d;backend/src/main/resources/META-INF/resources/capas/tio-patinhas-abril-v1/005.jpg;
6;Tio Patinhas;Abril;1;https://www.guiadosquadrinhos.com/capas/tio-patinhas/tph0031;https://www.papersera.net/vilaxurupita/tp/tp001_025.htm;https://www.papersera.net/vilaxurupita/tp/br_tp_0006a.gif;200;image/gif;204;331;27334;f342d054192f2c28a927c08e6d18cc9e66fdbced9911979d07282ec5bfcb6def;image/jpeg;52621;c6643430300d2b504323fb8641c3552e5fa5ee801545317965fcd7fb8ed7698d;backend/src/main/resources/META-INF/resources/capas/tio-patinhas-abril-v1/006.jpg;
7;Tio Patinhas;Abril;1;https://www.guiadosquadrinhos.com/capas/tio-patinhas/tph0031;https://www.papersera.net/vilaxurupita/tp/tp001_025.htm;https://www.papersera.net/vilaxurupita/tp/br_tp_0007a.gif;200;image/gif;204;331;31796;410fa02f576f2c1ed0bb6a55994b6c89f99aad1e8725a45573731a7afef37acb;image/jpeg;51296;12ceafa30b9203fdfc006bc6b4bcbc3ebbeb64360010adf9926d0711987688b1;backend/src/main/resources/META-INF/resources/capas/tio-patinhas-abril-v1/007.jpg;
8;Tio Patinhas;Abril;1;https://www.guiadosquadrinhos.com/capas/tio-patinhas/tph0031;https://www.papersera.net/vilaxurupita/tp/tp001_025.htm;https://www.papersera.net/vilaxurupita/tp/br_tp_0008a.jpg;200;image/jpeg;204;331;34239;6e9590e109eb6e733f01278f86018eff1306af36c7c54e1995d1ff268d92dca2;image/jpeg;40877;5ab2379c322e35e4138658c01ccf22f9eb66c1aa6e250966753005b75fbef381;backend/src/main/resources/META-INF/resources/capas/tio-patinhas-abril-v1/008.jpg;
9;Tio Patinhas;Abril;1;https://www.guiadosquadrinhos.com/capas/tio-patinhas/tph0031;https://www.papersera.net/vilaxurupita/tp/tp001_025.htm;https://www.papersera.net/vilaxurupita/tp/br_tp_0009a.gif;200;image/gif;406;330;53437;02afb4e45f89bd350de4d07d5d8e128f9048efb886441c32e0da4715c85b1b74;image/jpeg;86470;dde63021a7a28eb55bec776625e0f621f7e2761297b3fb243cf329b62f550008;backend/src/main/resources/META-INF/resources/capas/tio-patinhas-abril-v1/009.jpg;
10;Tio Patinhas;Abril;1;https://www.guiadosquadrinhos.com/capas/tio-patinhas/tph0031;https://www.papersera.net/vilaxurupita/tp/tp001_025.htm;https://www.papersera.net/vilaxurupita/tp/br_tp_0010a.gif;200;image/gif;204;331;30775;9a1680c6dfaab9c0bf99ef11d03f7bfe4dd487318f55a9f3ea92d5714597167e;image/jpeg;52771;a87983a522a6480d2e8c51340aaf2d70e6e5ced1fa175ea59757d921327828db;backend/src/main/resources/META-INF/resources/capas/tio-patinhas-abril-v1/010.jpg;
11;Tio Patinhas;Abril;1;https://www.guiadosquadrinhos.com/capas/tio-patinhas/tph0031;https://www.papersera.net/vilaxurupita/tp/tp001_025.htm;https://www.papersera.net/vilaxurupita/tp/br_tp_0011a.gif;200;image/gif;204;331;27066;b33a9bffd74f19f6ccf0f448521e327a9448b06f0905fa6ec25736580544b7a7;image/jpeg;45694;b54822faba2315c51556cc0fb273b64ffb6ccdd28a08ebcfd910aef1ea9990ad;backend/src/main/resources/META-INF/resources/capas/tio-patinhas-abril-v1/011.jpg;
12;Tio Patinhas;Abril;1;https://www.guiadosquadrinhos.com/capas/tio-patinhas/tph0031;https://www.papersera.net/vilaxurupita/tp/tp001_025.htm;https://www.papersera.net/vilaxurupita/tp/br_tp_0012a.gif;200;image/gif;204;331;30214;c2d69b4c46fed40faf48d4111068211a85625569d6f0e0240cc34e8472e75cd5;image/jpeg;47898;0cc7ca1364677d8a3f82cf2c22c284d47e68b3f7387216c2a9b32f610515b2cb;backend/src/main/resources/META-INF/resources/capas/tio-patinhas-abril-v1/012.jpg;
13;Tio Patinhas;Abril;1;https://www.guiadosquadrinhos.com/capas/tio-patinhas/tph0031;https://www.papersera.net/vilaxurupita/tp/tp001_025.htm;https://www.papersera.net/vilaxurupita/tp/br_tp_0013a.gif;200;image/gif;204;331;21543;1d70daa076ce5df4b6c77a80be3c8ea0c110379c542732e21775686080c1a4a6;image/jpeg;44052;241cf238e975add182001995994dbffaaf3f975b935a48a7b42ef07b58dc1362;backend/src/main/resources/META-INF/resources/capas/tio-patinhas-abril-v1/013.jpg;
14;Tio Patinhas;Abril;1;https://www.guiadosquadrinhos.com/capas/tio-patinhas/tph0031;https://www.papersera.net/vilaxurupita/tp/tp001_025.htm;https://www.papersera.net/vilaxurupita/tp/br_tp_0014a.gif;200;image/gif;204;331;24953;203b4668fd202b302ee49b5d8733bf7528280516d62cf82c32d32930c8d2d487;image/jpeg;45104;ac022a8bc0cb34e7ece5e3513918565441adb2bc9e471d65e424e08fbc419283;backend/src/main/resources/META-INF/resources/capas/tio-patinhas-abril-v1/014.jpg;
15;Tio Patinhas;Abril;1;https://www.guiadosquadrinhos.com/capas/tio-patinhas/tph0031;https://www.papersera.net/vilaxurupita/tp/tp001_025.htm;https://www.papersera.net/vilaxurupita/tp/br_tp_0015a.gif;200;image/gif;204;331;23614;df8bc65dc4302673459e59393d2484cb00d4749bc9b6df8a925968d66810234e;image/jpeg;49579;0647ca53ed88d71d2b9d4b6f7b36d977fa332e84ff6c4bfa951b1796ab9e48f6;backend/src/main/resources/META-INF/resources/capas/tio-patinhas-abril-v1/015.jpg;
16;Tio Patinhas;Abril;1;https://www.guiadosquadrinhos.com/capas/tio-patinhas/tph0031;https://www.papersera.net/vilaxurupita/tp/tp001_025.htm;https://www.papersera.net/vilaxurupita/tp/br_tp_0016a.gif;200;image/gif;204;331;29341;036bbf288dde4bdb7579aa55d11747c2db1ec07b32e8765e1aa2a743480655e7;image/jpeg;45744;da74da3e49f8f2812d38fa15008e4dcd47df65ed9c150b817606514e95dcc28a;backend/src/main/resources/META-INF/resources/capas/tio-patinhas-abril-v1/016.jpg;
17;Tio Patinhas;Abril;1;https://www.guiadosquadrinhos.com/capas/tio-patinhas/tph0031;https://www.papersera.net/vilaxurupita/tp/tp001_025.htm;https://www.papersera.net/vilaxurupita/tp/br_tp_0017a.gif;200;image/gif;204;331;20612;faae78922bbd0d5d7c294311be1f73f660a12e8ed606a04b2dad667131d352cf;image/jpeg;39172;abba0fa0011277d7943f9bf18eb398dd0fb45ac7d4329ce76d2ab745070d9cc1;backend/src/main/resources/META-INF/resources/capas/tio-patinhas-abril-v1/017.jpg;
18;Tio Patinhas;Abril;1;https://www.guiadosquadrinhos.com/capas/tio-patinhas/tph0031;https://www.papersera.net/vilaxurupita/tp/tp001_025.htm;https://www.papersera.net/vilaxurupita/tp/br_tp_0018a.gif;200;image/gif;204;331;25469;30112645c435bbb70c581fb3765d09eb3ec71c5c58dded026381a3788a5dfa1d;image/jpeg;46927;9f77814b1e46d615419e7ead28b2963508684db9907acaf87caee9198934b0fb;backend/src/main/resources/META-INF/resources/capas/tio-patinhas-abril-v1/018.jpg;
19;Tio Patinhas;Abril;1;https://www.guiadosquadrinhos.com/capas/tio-patinhas/tph0031;https://www.papersera.net/vilaxurupita/tp/tp001_025.htm;https://www.papersera.net/vilaxurupita/tp/br_tp_0019a.gif;200;image/gif;204;331;21462;ad39b2544af5d422c8083c45ef8e292bf7cbcca2a24c0a1847af2ec6475e8121;image/jpeg;42206;3f318a64e07ee394562b16dfdbc2450da08e47ee670356854ce1af61cf6082ad;backend/src/main/resources/META-INF/resources/capas/tio-patinhas-abril-v1/019.jpg;
20;Tio Patinhas;Abril;1;https://www.guiadosquadrinhos.com/capas/tio-patinhas/tph0031;https://www.papersera.net/vilaxurupita/tp/tp001_025.htm;https://www.papersera.net/vilaxurupita/tp/br_tp_0020a.gif;200;image/gif;204;331;17394;441342168740706a18d7e241b5c0a3299761e250633aa2cf60f856e6332a95c4;image/jpeg;33749;8d899a01d958e71a5dab032a288974bf2274c1e5015224b4b64d7b15fe64d45d;backend/src/main/resources/META-INF/resources/capas/tio-patinhas-abril-v1/020.jpg;
21;Tio Patinhas;Abril;1;https://www.guiadosquadrinhos.com/capas/tio-patinhas/tph0031;https://www.papersera.net/vilaxurupita/tp/tp001_025.htm;https://www.papersera.net/vilaxurupita/tp/br_tp_0021a.gif;200;image/gif;204;331;36591;1e8990e1f4e530e7a11330474235073657b2b58032d0a30a5a4042ade2c7388f;image/jpeg;51644;b38828f2b92f1feace635c330ab5e54ddad11d40b9299b0db31f212a838a2c0d;backend/src/main/resources/META-INF/resources/capas/tio-patinhas-abril-v1/021.jpg;
22;Tio Patinhas;Abril;1;https://www.guiadosquadrinhos.com/capas/tio-patinhas/tph0031;https://www.papersera.net/vilaxurupita/tp/tp001_025.htm;https://www.papersera.net/vilaxurupita/tp/br_tp_0022a.gif;200;image/gif;204;331;34766;cd66e1e6f5348d679a27c88c37d11ac1a48b16ff6a1ed606e181966ee5da2976;image/jpeg;51207;f1b724849e1960bd8dbea66bb31c00299c8ccfa249553d8cecbbd1d8dad59493;backend/src/main/resources/META-INF/resources/capas/tio-patinhas-abril-v1/022.jpg;
23;Tio Patinhas;Abril;1;https://www.guiadosquadrinhos.com/capas/tio-patinhas/tph0031;https://www.papersera.net/vilaxurupita/tp/tp001_025.htm;https://www.papersera.net/vilaxurupita/tp/br_tp_0023a.gif;200;image/gif;204;331;21179;bc4feda6d87d4b0dfca9754dad86695bf639933452b00bff2ed0ba0d6361daf0;image/jpeg;38184;e1414855198ebe934ad1dd3f4648c2d38db101d45f1324f8ff0e02c1cfd1fcae;backend/src/main/resources/META-INF/resources/capas/tio-patinhas-abril-v1/023.jpg;
24;Tio Patinhas;Abril;1;https://www.guiadosquadrinhos.com/capas/tio-patinhas/tph0031;https://www.papersera.net/vilaxurupita/tp/tp001_025.htm;https://www.papersera.net/vilaxurupita/tp/br_tp_0024a.gif;200;image/gif;204;331;23599;28260b4959c411a34f2cf11fe64cc44c5b4bddf8802c047acd14426b3277402b;image/jpeg;40416;86bf6f36d9ba80995275cf20de85f3feffdb881aa942954a526cca2a0d43585e;backend/src/main/resources/META-INF/resources/capas/tio-patinhas-abril-v1/024.jpg;
25;Tio Patinhas;Abril;1;https://www.guiadosquadrinhos.com/capas/tio-patinhas/tph0031;https://www.papersera.net/vilaxurupita/tp/tp001_025.htm;https://www.papersera.net/vilaxurupita/tp/br_tp_0025a.gif;200;image/gif;204;331;27514;fcf4618813c717cd96cd838ba4cf8f859d66995073687c363ca2bb9a9ef04f2c;image/jpeg;47101;d6f3ebb07f9da8f5ebf6bd067d0bc90e73df4cea20e614e7b10308ec3fa9f1f6;backend/src/main/resources/META-INF/resources/capas/tio-patinhas-abril-v1/025.jpg;
26;Tio Patinhas;Abril;1;https://www.guiadosquadrinhos.com/capas/tio-patinhas/tph0031;https://www.papersera.net/vilaxurupita/tp/tp026_050.htm;https://www.papersera.net/vilaxurupita/tp/br_tp_0026a.gif;200;image/gif;204;331;27125;4f7096bc2a7f819749af5946d962a8482058e04a1a8e30021f80c1b80d37bfb4;image/jpeg;47887;a80fa8f622c3ba23753af39ba737559b4d3ced5c3aac14e4c4db1885efdb563b;backend/src/main/resources/META-INF/resources/capas/tio-patinhas-abril-v1/026.jpg;
27;Tio Patinhas;Abril;1;https://www.guiadosquadrinhos.com/capas/tio-patinhas/tph0031;https://www.papersera.net/vilaxurupita/tp/tp026_050.htm;https://www.papersera.net/vilaxurupita/tp/br_tp_0027a.gif;200;image/gif;204;331;23426;d3fd3cc275928a8318c4a1cf094c2bc9f9659a8ddefddd7f7bf4e9f214115153;image/jpeg;46065;b552720fc9f16060a8a33102adf860cf18e7a3948744d0a55a0b5331e709ad31;backend/src/main/resources/META-INF/resources/capas/tio-patinhas-abril-v1/027.jpg;
28;Tio Patinhas;Abril;1;https://www.guiadosquadrinhos.com/capas/tio-patinhas/tph0031;https://www.papersera.net/vilaxurupita/tp/tp026_050.htm;https://www.papersera.net/vilaxurupita/tp/br_tp_0028a.gif;200;image/gif;204;331;25487;27786a44d96b6a54cd8ff49767940a3e842245dfcb97ac7baf02f70efdcd9ab3;image/jpeg;42985;2710b07c58b8419d707648bc3a7053a661b5dc06cc6effcc4a744464bad60303;backend/src/main/resources/META-INF/resources/capas/tio-patinhas-abril-v1/028.jpg;
29;Tio Patinhas;Abril;1;https://www.guiadosquadrinhos.com/capas/tio-patinhas/tph0031;https://www.papersera.net/vilaxurupita/tp/tp026_050.htm;https://www.papersera.net/vilaxurupita/tp/br_tp_0029a.gif;200;image/gif;204;331;31778;b5d14195af4754711d2a715dcea72bac722264fdff12d1600ec3ca037a8adc6f;image/jpeg;50772;d6e137e1c1cd616dd13ca5ded20ccaf719a650ec74d8fb23348713dd3c74f8be;backend/src/main/resources/META-INF/resources/capas/tio-patinhas-abril-v1/029.jpg;
30;Tio Patinhas;Abril;1;https://www.guiadosquadrinhos.com/capas/tio-patinhas/tph0031;https://www.papersera.net/vilaxurupita/tp/tp026_050.htm;https://www.papersera.net/vilaxurupita/tp/br_tp_0030a.gif;200;image/gif;204;331;31578;1efdb4d4dd866760ea082fe0102cedfa4cda83e8aa42cac30041e513f2f896b7;image/jpeg;46996;8b3395532a0815964ba156b47e2f8b4a31525f36b5beb0aa011f34eb16475801;backend/src/main/resources/META-INF/resources/capas/tio-patinhas-abril-v1/030.jpg;
31;Tio Patinhas;Abril;1;https://www.guiadosquadrinhos.com/capas/tio-patinhas/tph0031;https://www.papersera.net/vilaxurupita/tp/tp026_050.htm;https://www.papersera.net/vilaxurupita/tp/br_tp_0031a.gif;200;image/gif;204;331;25792;f4f243541f358b466ef21887a92e0eceb2ace2f67823649ad46b937e47d8c72e;image/jpeg;46814;166771697e0df2e59b1d2b9fddbc2df64d95e2839b27c749a905f8800f84d494;backend/src/main/resources/META-INF/resources/capas/tio-patinhas-abril-v1/031.jpg;
32;Tio Patinhas;Abril;1;https://www.guiadosquadrinhos.com/capas/tio-patinhas/tph0031;https://www.papersera.net/vilaxurupita/tp/tp026_050.htm;https://www.papersera.net/vilaxurupita/tp/br_tp_0032a.gif;200;image/gif;204;331;25664;8760fad4e8fde6746690bab3cc3623bc40a67bb6bfae16506e0246368a5cc94b;image/jpeg;48192;a0cac54b8853e2a19a11050cfc1f8ef6e0fd8f950e38b2545e9f7b6531a23955;backend/src/main/resources/META-INF/resources/capas/tio-patinhas-abril-v1/032.jpg;
33;Tio Patinhas;Abril;1;https://www.guiadosquadrinhos.com/capas/tio-patinhas/tph0031;https://www.papersera.net/vilaxurupita/tp/tp026_050.htm;https://www.papersera.net/vilaxurupita/tp/br_tp_0033a.gif;200;image/gif;204;331;22985;96f29cc4cfdc7252facc2807ca7051db2e386556127c7cfb1a2dc58fd632d28d;image/jpeg;42954;267d9dfbfe6a6e92984e69a00f638301bd39643e3243bafdbc70a0c984effbfd;backend/src/main/resources/META-INF/resources/capas/tio-patinhas-abril-v1/033.jpg;
34;Tio Patinhas;Abril;1;https://www.guiadosquadrinhos.com/capas/tio-patinhas/tph0031;https://www.papersera.net/vilaxurupita/tp/tp026_050.htm;https://www.papersera.net/vilaxurupita/tp/br_tp_0034a.gif;200;image/gif;204;331;22462;2c48e7a827a16fbd6e2c26e9bb9772f0181e2b283a3cd03b16d9fe26fd966d9e;image/jpeg;46375;750b8820a355064d972171ffb721b784c9c4ff0593da3e08aeeb2d483d26ac18;backend/src/main/resources/META-INF/resources/capas/tio-patinhas-abril-v1/034.jpg;
35;Tio Patinhas;Abril;1;https://www.guiadosquadrinhos.com/capas/tio-patinhas/tph0031;https://www.papersera.net/vilaxurupita/tp/tp026_050.htm;https://www.papersera.net/vilaxurupita/tp/br_tp_0035a.gif;200;image/gif;204;331;22707;4b8659874bf0c9e848ef179cf533a5d7c48e13cbd02e6eeef571d19399e27212;image/jpeg;39675;aeef68600f262bccc9dfe1b420ffc02035f4d7fa0c8ade335343553c9db3ea28;backend/src/main/resources/META-INF/resources/capas/tio-patinhas-abril-v1/035.jpg;
36;Tio Patinhas;Abril;1;https://www.guiadosquadrinhos.com/capas/tio-patinhas/tph0031;https://www.papersera.net/vilaxurupita/tp/tp026_050.htm;https://www.papersera.net/vilaxurupita/tp/br_tp_0036a.gif;200;image/gif;204;331;22656;b13ce86e2cbc763e36bc9cc3253d56985f99154a56b6563d0e1ea3eceff53624;image/jpeg;43838;56d0a367d84e642c092ccac84d76c90f9b22c89811c86170d7099a5c33bee908;backend/src/main/resources/META-INF/resources/capas/tio-patinhas-abril-v1/036.jpg;
37;Tio Patinhas;Abril;1;https://www.guiadosquadrinhos.com/capas/tio-patinhas/tph0031;https://www.papersera.net/vilaxurupita/tp/tp026_050.htm;https://www.papersera.net/vilaxurupita/tp/br_tp_0037a.gif;200;image/gif;204;331;18855;bb1244060319d533e3c350a3d04eb02e67cf4d4bad0de525350dce6155aba15c;image/jpeg;40201;075346adec7ad1637f2c8171e6fec2a3a3b5179a4cdcdeff5c573acb0cd6696e;backend/src/main/resources/META-INF/resources/capas/tio-patinhas-abril-v1/037.jpg;
38;Tio Patinhas;Abril;1;https://www.guiadosquadrinhos.com/capas/tio-patinhas/tph0031;https://www.papersera.net/vilaxurupita/tp/tp026_050.htm;https://www.papersera.net/vilaxurupita/tp/br_tp_0038a.gif;200;image/gif;204;331;24429;922e55cdb3a172f9378d05f139dbd45420237e41f3fc414e848ca4da7b5bf20b;image/jpeg;44538;328637f30436df5d1dfbae5c523cc9dd55470f787d49834a9709734672f5b4ab;backend/src/main/resources/META-INF/resources/capas/tio-patinhas-abril-v1/038.jpg;
39;Tio Patinhas;Abril;1;https://www.guiadosquadrinhos.com/capas/tio-patinhas/tph0031;https://www.papersera.net/vilaxurupita/tp/tp026_050.htm;https://www.papersera.net/vilaxurupita/tp/br_tp_0039a.gif;200;image/gif;204;331;35964;b7cd3925308a82f00df4e6ff6cbf389a6db23d9f221c486760bd4c2de015d95e;image/jpeg;54318;52d1d21e4cfa947041e26355df9af54592bc26abc7262101964eaf361d50bb2d;backend/src/main/resources/META-INF/resources/capas/tio-patinhas-abril-v1/039.jpg;
40;Tio Patinhas;Abril;1;https://www.guiadosquadrinhos.com/capas/tio-patinhas/tph0031;https://www.papersera.net/vilaxurupita/tp/tp026_050.htm;https://www.papersera.net/vilaxurupita/tp/br_tp_0040a.gif;200;image/gif;204;331;29327;6838e9f67ac4ccc53c91105f7c014e6b45446a3ac7bd185e12198a8c712de676;image/jpeg;45795;fd7db3df3f9444111531a9b849a0bcd9c2b39a8eabe957d732e2395b0ed5aa70;backend/src/main/resources/META-INF/resources/capas/tio-patinhas-abril-v1/040.jpg;
41;Tio Patinhas;Abril;1;https://www.guiadosquadrinhos.com/capas/tio-patinhas/tph0031;https://www.papersera.net/vilaxurupita/tp/tp026_050.htm;https://www.papersera.net/vilaxurupita/tp/br_tp_0041a.gif;200;image/gif;204;331;29203;14ccacd293f58ab19aaafaf6d751057bb5476ebae57ad11a2914e1c03c815fd6;image/jpeg;48736;0a723234890cb4979051454aa0cbbd520146564d6c27f4704a9080ffa30a623a;backend/src/main/resources/META-INF/resources/capas/tio-patinhas-abril-v1/041.jpg;
42;Tio Patinhas;Abril;1;https://www.guiadosquadrinhos.com/capas/tio-patinhas/tph0031;https://www.papersera.net/vilaxurupita/tp/tp026_050.htm;https://www.papersera.net/vilaxurupita/tp/br_tp_0042a.gif;200;image/gif;204;331;20779;dcd4a8a000eb6f3d7094e0fce25fa1281f07fa2dfd9bc7900f7d9f3c4c0969f4;image/jpeg;42083;30f2309f30f54a87fe1ac5d3fcfb1f0d0c7caffdf482ff4aa86c408fb282adc1;backend/src/main/resources/META-INF/resources/capas/tio-patinhas-abril-v1/042.jpg;
43;Tio Patinhas;Abril;1;https://www.guiadosquadrinhos.com/capas/tio-patinhas/tph0031;https://www.papersera.net/vilaxurupita/tp/tp026_050.htm;https://www.papersera.net/vilaxurupita/tp/br_tp_0043a.gif;200;image/gif;204;331;27549;a6fe6dd0c359e8924d15d5f330c99172753ce73d682ab2af7d0edba1326164c1;image/jpeg;53869;7435ed27881c9f7b261abb611fd972396a5260bcf57305ccbec7db230981e7bb;backend/src/main/resources/META-INF/resources/capas/tio-patinhas-abril-v1/043.jpg;
44;Tio Patinhas;Abril;1;https://www.guiadosquadrinhos.com/capas/tio-patinhas/tph0031;https://www.papersera.net/vilaxurupita/tp/tp026_050.htm;https://www.papersera.net/vilaxurupita/tp/br_tp_0044a.gif;200;image/gif;204;331;20179;87618493422365987e3189e2b527be1a766a84a0571dda61f4cb140f656baf8c;image/jpeg;39007;7d2e36f45111b5579ea42c3782e56f68ce644d4d73ba5ee62202ec8d28ab7c67;backend/src/main/resources/META-INF/resources/capas/tio-patinhas-abril-v1/044.jpg;
45;Tio Patinhas;Abril;1;https://www.guiadosquadrinhos.com/capas/tio-patinhas/tph0031;https://www.papersera.net/vilaxurupita/tp/tp026_050.htm;https://www.papersera.net/vilaxurupita/tp/br_tp_0045a.gif;200;image/gif;204;331;21181;611cc39fbbaf62f89ab3241d19781dedd5dd4fe0ba9960d8c8a36a66a0aaa147;image/jpeg;41285;6733982bdb907802cad5aea24175ae0b55e2ce879faf747ef1c42aa16996a98e;backend/src/main/resources/META-INF/resources/capas/tio-patinhas-abril-v1/045.jpg;
46;Tio Patinhas;Abril;1;https://www.guiadosquadrinhos.com/capas/tio-patinhas/tph0031;https://www.papersera.net/vilaxurupita/tp/tp026_050.htm;https://www.papersera.net/vilaxurupita/tp/br_tp_0046a.gif;200;image/gif;204;331;22034;39e8c884308f6f43c2749e72c8c0417cbccb1481d76b76b676b3a78b01af3bdd;image/jpeg;43029;c87f354a58d18ea0f80348dc08cefc9c65c669a9706c57445c41c984ee994d2f;backend/src/main/resources/META-INF/resources/capas/tio-patinhas-abril-v1/046.jpg;
47;Tio Patinhas;Abril;1;https://www.guiadosquadrinhos.com/capas/tio-patinhas/tph0031;https://www.papersera.net/vilaxurupita/tp/tp026_050.htm;https://www.papersera.net/vilaxurupita/tp/br_tp_0047a.gif;200;image/gif;204;331;25779;e0a7356e3e5b94406512b8b56d20d729e581d135b6e2e619bcaac14b1cc0803a;image/jpeg;45925;8d737fd7cf1d90dbf8501507638f52c2c24f509d1a747d55863842df2ece2686;backend/src/main/resources/META-INF/resources/capas/tio-patinhas-abril-v1/047.jpg;
48;Tio Patinhas;Abril;1;https://www.guiadosquadrinhos.com/capas/tio-patinhas/tph0031;https://www.papersera.net/vilaxurupita/tp/tp026_050.htm;https://www.papersera.net/vilaxurupita/tp/br_tp_0048a.gif;200;image/gif;204;331;37772;4741912baec3721d9945b56a1500edb25b869bb0494280338623beb971de983e;image/jpeg;56632;f501714c58e0cc642cd18b673dc7b8b226cbbe449c22a57fe066802229a5d956;backend/src/main/resources/META-INF/resources/capas/tio-patinhas-abril-v1/048.jpg;
49;Tio Patinhas;Abril;1;https://www.guiadosquadrinhos.com/capas/tio-patinhas/tph0031;https://www.papersera.net/vilaxurupita/tp/tp026_050.htm;https://www.papersera.net/vilaxurupita/tp/br_tp_0049a.gif;200;image/gif;204;331;39929;f3d8b651eae1708ac24773a0f4960fe75889e33aa5b24a0db46bc14b1a14cb6e;image/jpeg;56074;6b40ac51634f78f0106431713ad37b1d3c0e9f7b7416938aedcd9a35011064a4;backend/src/main/resources/META-INF/resources/capas/tio-patinhas-abril-v1/049.jpg;
50;Tio Patinhas;Abril;1;https://www.guiadosquadrinhos.com/capas/tio-patinhas/tph0031;https://www.papersera.net/vilaxurupita/tp/tp026_050.htm;https://www.papersera.net/vilaxurupita/tp/br_tp_0050a.gif;200;image/gif;204;331;23513;f5bc07202ff82d5b1f50e45f45c8006c674bf68292bc40fa9d5b26123d266317;image/jpeg;47881;2aa254131525386baa476322bafb61fec026a00a65ffe58bb5f2bfbd9d80976b;backend/src/main/resources/META-INF/resources/capas/tio-patinhas-abril-v1/050.jpg;
51;Tio Patinhas;Abril;1;https://www.guiadosquadrinhos.com/capas/tio-patinhas/tph0031;https://www.papersera.net/vilaxurupita/tp/tp051_075.htm;https://www.papersera.net/vilaxurupita/tp/br_tp_0051a.gif;200;image/gif;204;331;29083;4f583ba90ee74aedc1ebee026838bb9f610a1aa15e09f89c5f3eb93dcbdfd893;image/jpeg;51147;b08623ecdb0e84e166fc87eb43875439594a37e522a3b6ffd0bff82086dfbee4;backend/src/main/resources/META-INF/resources/capas/tio-patinhas-abril-v1/051.jpg;
52;Tio Patinhas;Abril;1;https://www.guiadosquadrinhos.com/capas/tio-patinhas/tph0031;https://www.papersera.net/vilaxurupita/tp/tp051_075.htm;https://www.papersera.net/vilaxurupita/tp/br_tp_0052a.gif;200;image/gif;204;331;23001;3f802e8779b04100ab02c8bf5e32fd219efeccd26614e61a42891982328a9934;image/jpeg;43337;c085cb517c5d74729ea4c548dcea2c35627209bd219209efc51d10f83c6d3e4d;backend/src/main/resources/META-INF/resources/capas/tio-patinhas-abril-v1/052.jpg;
53;Tio Patinhas;Abril;1;https://www.guiadosquadrinhos.com/capas/tio-patinhas/tph0031;https://www.papersera.net/vilaxurupita/tp/tp051_075.htm;https://www.papersera.net/vilaxurupita/tp/br_tp_0053a.gif;200;image/gif;204;331;22652;98273d0f34260a4083efcea9324c7dda1b1c2783509129988ff2c8dbc3b81ed4;image/jpeg;48339;8dae6166fb2f13aab4e3d44e1624ee92d6d3e0cf3b8e6658c053a96c8c45e393;backend/src/main/resources/META-INF/resources/capas/tio-patinhas-abril-v1/053.jpg;
54;Tio Patinhas;Abril;1;https://www.guiadosquadrinhos.com/capas/tio-patinhas/tph0031;https://www.papersera.net/vilaxurupita/tp/tp051_075.htm;https://www.papersera.net/vilaxurupita/tp/br_tp_0054a.gif;200;image/gif;204;331;26011;3d7d5094c96fb0874719f230333a4f993a2503fbcf9283875e9799d85e9cba80;image/jpeg;52496;19b3b430a90c9d71a76605f9679ae7b1ef14a55f80cbf77138da3daae0826f25;backend/src/main/resources/META-INF/resources/capas/tio-patinhas-abril-v1/054.jpg;
55;Tio Patinhas;Abril;1;https://www.guiadosquadrinhos.com/capas/tio-patinhas/tph0031;https://www.papersera.net/vilaxurupita/tp/tp051_075.htm;https://www.papersera.net/vilaxurupita/tp/br_tp_0055a.gif;200;image/gif;204;331;26767;171fc8a86f56a6939ce6087f9758075b030dceaf22e6c190ac71cb5315bffdb7;image/jpeg;51911;ca2ce031cdc3d9447876505aecdb1e15e36618ec67c9c5f8c7a43414936a83d9;backend/src/main/resources/META-INF/resources/capas/tio-patinhas-abril-v1/055.jpg;
56;Tio Patinhas;Abril;1;https://www.guiadosquadrinhos.com/capas/tio-patinhas/tph0031;https://www.papersera.net/vilaxurupita/tp/tp051_075.htm;https://www.papersera.net/vilaxurupita/tp/br_tp_0056a.gif;200;image/gif;204;331;25737;fb9c23cc5b7973354d1aae3b7c73bd048fcacd9b6ec7544748170d799e6c0321;image/jpeg;47181;03b4c9320bbf8823dea7f9589235a7e245ecfc3689d6eff865c2d11f247f3d99;backend/src/main/resources/META-INF/resources/capas/tio-patinhas-abril-v1/056.jpg;
57;Tio Patinhas;Abril;1;https://www.guiadosquadrinhos.com/capas/tio-patinhas/tph0031;https://www.papersera.net/vilaxurupita/tp/tp051_075.htm;https://www.papersera.net/vilaxurupita/tp/br_tp_0057a.gif;200;image/gif;204;331;25126;80454ac90885746ce3a33e5983dbba2b9325cb7ca2c6301930c9b005c2ed34ef;image/jpeg;42827;a1c1a6597a2c635f6a9a9461295fd730d67b633b75cae034f213cf4c9239f9a2;backend/src/main/resources/META-INF/resources/capas/tio-patinhas-abril-v1/057.jpg;
58;Tio Patinhas;Abril;1;https://www.guiadosquadrinhos.com/capas/tio-patinhas/tph0031;https://www.papersera.net/vilaxurupita/tp/tp051_075.htm;https://www.papersera.net/vilaxurupita/tp/br_tp_0058a.gif;200;image/gif;204;331;19895;0fe1a8ffb85138da8fe08dc22f484bf3903b8f78828d3f71f148b96bb472fa4d;image/jpeg;39526;c0c1bfb23280fecf3d6afdd7d8b5a713bf96ce6ce572a7ae348e1882344c1b84;backend/src/main/resources/META-INF/resources/capas/tio-patinhas-abril-v1/058.jpg;
59;Tio Patinhas;Abril;1;https://www.guiadosquadrinhos.com/capas/tio-patinhas/tph0031;https://www.papersera.net/vilaxurupita/tp/tp051_075.htm;https://www.papersera.net/vilaxurupita/tp/br_tp_0059a.gif;200;image/gif;204;331;26069;98a700ba7cba1b6cdd78725f8e61953f4a7c71f9b97b4a4945450614a77fb304;image/jpeg;49648;c5cee201ef930360f4870740530e5c18603ceb4b14e642ea6e4c1c8807ded87b;backend/src/main/resources/META-INF/resources/capas/tio-patinhas-abril-v1/059.jpg;
60;Tio Patinhas;Abril;1;https://www.guiadosquadrinhos.com/capas/tio-patinhas/tph0031;https://www.papersera.net/vilaxurupita/tp/tp051_075.htm;https://www.papersera.net/vilaxurupita/tp/br_tp_0060a.gif;200;image/gif;204;331;24623;d3a2e222909d827331b7d299a67df8ccadb1e8f5226641ac0af03e79c537c415;image/jpeg;41946;5e7aa5049d706ffca9e8175f5d48ed15d2ce2f46de5c72ff16d63a368e27e8f0;backend/src/main/resources/META-INF/resources/capas/tio-patinhas-abril-v1/060.jpg;
61;Tio Patinhas;Abril;1;https://www.guiadosquadrinhos.com/capas/tio-patinhas/tph0031;https://www.papersera.net/vilaxurupita/tp/tp051_075.htm;https://www.papersera.net/vilaxurupita/tp/br_tp_0061a.gif;200;image/gif;204;331;24355;636c3e4ed7966608ef3a22a4b7240104b2c722232ff4c323f451c7e4d75e3925;image/jpeg;48360;10db5ad28db0074f5deb8494ac575638bd90219ab01ad376c4dd4283b9ba4b56;backend/src/main/resources/META-INF/resources/capas/tio-patinhas-abril-v1/061.jpg;
62;Tio Patinhas;Abril;1;https://www.guiadosquadrinhos.com/capas/tio-patinhas/tph0031;https://www.papersera.net/vilaxurupita/tp/tp051_075.htm;https://www.papersera.net/vilaxurupita/tp/br_tp_0062a.gif;200;image/gif;204;331;29921;b82c226caf80bca4148c6bd296fdd5d0e85a8f73e19075c5e61427cc8f7b4486;image/jpeg;50610;614b834637029ef4056e1a80e968e1c435e87078d0a726d56b72ea43467a0d19;backend/src/main/resources/META-INF/resources/capas/tio-patinhas-abril-v1/062.jpg;
63;Tio Patinhas;Abril;1;https://www.guiadosquadrinhos.com/capas/tio-patinhas/tph0031;https://www.papersera.net/vilaxurupita/tp/tp051_075.htm;https://www.papersera.net/vilaxurupita/tp/br_tp_0063a.gif;200;image/gif;204;331;20243;451ec062f5b90bb925fccae566b7a87a6f073c98ad01b2e7a3b6d844abb5ef58;image/jpeg;42269;104c25dce33cf10506eef2dd8d7172055de3428728cd013d2ab46815e60f25ac;backend/src/main/resources/META-INF/resources/capas/tio-patinhas-abril-v1/063.jpg;
64;Tio Patinhas;Abril;1;https://www.guiadosquadrinhos.com/capas/tio-patinhas/tph0031;https://www.papersera.net/vilaxurupita/tp/tp051_075.htm;https://www.papersera.net/vilaxurupita/tp/br_tp_0064a.gif;200;image/gif;204;331;21224;0471d066151ddcc34d737259003d7288add9f04546b00b853a556c122553b1e5;image/jpeg;43554;ac2d156447b02ea4332ad8c53c3e82ff6d020157b109a375f934b90cfcc58a64;backend/src/main/resources/META-INF/resources/capas/tio-patinhas-abril-v1/064.jpg;
65;Tio Patinhas;Abril;1;https://www.guiadosquadrinhos.com/capas/tio-patinhas/tph0031;https://www.papersera.net/vilaxurupita/tp/tp051_075.htm;https://www.papersera.net/vilaxurupita/tp/br_tp_0065a.gif;200;image/gif;204;331;18072;13a57772c6b06ce98e2199a9e82d95f7d2c645b44571a265cf78af6f3b08e7da;image/jpeg;39601;e3aa9b4b8a514fa7d398fec42673b58dfbb7fb76554bd50ebe23e5d7d0cd50f6;backend/src/main/resources/META-INF/resources/capas/tio-patinhas-abril-v1/065.jpg;
66;Tio Patinhas;Abril;1;https://www.guiadosquadrinhos.com/capas/tio-patinhas/tph0031;https://www.papersera.net/vilaxurupita/tp/tp051_075.htm;https://www.papersera.net/vilaxurupita/tp/br_tp_0066a.gif;200;image/gif;204;331;22917;6371c3cd422f676dbe1c9799e25b3a25f6be9134e923b9daf477f04eea2a403f;image/jpeg;47129;7035429eca2ee163a8fd59293b8975ac91a3014210046dd3374d3c006c74eeba;backend/src/main/resources/META-INF/resources/capas/tio-patinhas-abril-v1/066.jpg;
67;Tio Patinhas;Abril;1;https://www.guiadosquadrinhos.com/capas/tio-patinhas/tph0031;https://www.papersera.net/vilaxurupita/tp/tp051_075.htm;https://www.papersera.net/vilaxurupita/tp/br_tp_0067a.gif;200;image/gif;204;331;22974;8bc29cd2ee0394f0f9b5faa277084a7e7b0f7665f2452d5ff64584a2c5ca2fe6;image/jpeg;45673;b6bdaf252877feda05051957429266a7dc6a0f87c9efb8810c997ee3f12de83f;backend/src/main/resources/META-INF/resources/capas/tio-patinhas-abril-v1/067.jpg;
68;Tio Patinhas;Abril;1;https://www.guiadosquadrinhos.com/capas/tio-patinhas/tph0031;https://www.papersera.net/vilaxurupita/tp/tp051_075.htm;https://www.papersera.net/vilaxurupita/tp/br_tp_0068a.gif;200;image/gif;204;331;23036;aa4c499edc7e22223c1650b0502455f821f5542637df26816ddb6807fce6ae0f;image/jpeg;52193;5cbcbf4b2dd438135ae059e4a3e72fb85b59a34186bdd2bca4ac3ff40a9c5726;backend/src/main/resources/META-INF/resources/capas/tio-patinhas-abril-v1/068.jpg;
69;Tio Patinhas;Abril;1;https://www.guiadosquadrinhos.com/capas/tio-patinhas/tph0031;https://www.papersera.net/vilaxurupita/tp/tp051_075.htm;https://www.papersera.net/vilaxurupita/tp/br_tp_0069a.gif;200;image/gif;204;331;29839;e4aebaedc0ab68b4a7824f9e4785c79c2d320f396e69ecc9627227c7bf7d346a;image/jpeg;53483;3ad29e54d01204ce4dc4da8d2e010922ec7fd1e266b5a020631451997a2e2058;backend/src/main/resources/META-INF/resources/capas/tio-patinhas-abril-v1/069.jpg;
70;Tio Patinhas;Abril;1;https://www.guiadosquadrinhos.com/capas/tio-patinhas/tph0031;https://www.papersera.net/vilaxurupita/tp/tp051_075.htm;https://www.papersera.net/vilaxurupita/tp/br_tp_0070a.gif;200;image/gif;204;331;23237;ec2523381c75089ac23341f8555b27b26f42f09f562498f42f8a2c5b6dba78ed;image/jpeg;51681;5d0809248a04559d482a81ec924716fb986f30c9b47417e81db20a0149239373;backend/src/main/resources/META-INF/resources/capas/tio-patinhas-abril-v1/070.jpg;
71;Tio Patinhas;Abril;1;https://www.guiadosquadrinhos.com/capas/tio-patinhas/tph0031;https://www.papersera.net/vilaxurupita/tp/tp051_075.htm;https://www.papersera.net/vilaxurupita/tp/br_tp_0071a.gif;200;image/gif;204;331;28132;064752c1c3249392a8058dbdeda2028353c0941027a948ca79154ada4b7f41ac;image/jpeg;51648;202def5a41565b39b736786741583318d77f7bf6e00998690f6c55451e33fa8c;backend/src/main/resources/META-INF/resources/capas/tio-patinhas-abril-v1/071.jpg;
72;Tio Patinhas;Abril;1;https://www.guiadosquadrinhos.com/capas/tio-patinhas/tph0031;https://www.papersera.net/vilaxurupita/tp/tp051_075.htm;https://www.papersera.net/vilaxurupita/tp/br_tp_0072a.gif;200;image/gif;204;331;19677;fa1932b04ffdc373ebf70e02e6fcb0f7efdbaa66fde5a8c97293057b3b12ea7e;image/jpeg;43892;464660fc1457af9e35e33f979c7dc224bcf14074886a2d66821481d9cc0e1172;backend/src/main/resources/META-INF/resources/capas/tio-patinhas-abril-v1/072.jpg;
73;Tio Patinhas;Abril;1;https://www.guiadosquadrinhos.com/capas/tio-patinhas/tph0031;https://www.papersera.net/vilaxurupita/tp/tp051_075.htm;https://www.papersera.net/vilaxurupita/tp/br_tp_0073a.gif;200;image/gif;204;331;19787;ff77160584c6b3ce3a5185a59ae385183382158bd4c13545678c690d21f7ca3f;image/jpeg;43698;85af3983cf9846e005567971d0b063ab77cf1e71a3e494af3ecb3a80d76b473a;backend/src/main/resources/META-INF/resources/capas/tio-patinhas-abril-v1/073.jpg;
74;Tio Patinhas;Abril;1;https://www.guiadosquadrinhos.com/capas/tio-patinhas/tph0031;https://www.papersera.net/vilaxurupita/tp/tp051_075.htm;https://www.papersera.net/vilaxurupita/tp/br_tp_0074a.gif;200;image/gif;204;331;23656;0cb3dd7da0d4ba09be697eb4c4ab738312620d6f9f7dc5361a4df5e3a2748e4a;image/jpeg;44851;a311c88c393def4a8fe53257e932049c57128ecd679ed685f72f5a38fd70c7b9;backend/src/main/resources/META-INF/resources/capas/tio-patinhas-abril-v1/074.jpg;
75;Tio Patinhas;Abril;1;https://www.guiadosquadrinhos.com/capas/tio-patinhas/tph0031;https://www.papersera.net/vilaxurupita/tp/tp051_075.htm;https://www.papersera.net/vilaxurupita/tp/br_tp_0075a.gif;200;image/gif;204;331;25692;50276a6bb4ab478dae4fd0063830e196b90c55228dac669c9560e042ba74dbdf;image/jpeg;50741;e2f3e0844782acf0480afdf8b611543762ea1b1b3a03c9a17c855672977de6d0;backend/src/main/resources/META-INF/resources/capas/tio-patinhas-abril-v1/075.jpg;
76;Tio Patinhas;Abril;1;https://www.guiadosquadrinhos.com/capas/tio-patinhas/tph0031;https://www.papersera.net/vilaxurupita/tp/tp076_100.htm;https://www.papersera.net/vilaxurupita/tp/br_tp_0076a.gif;200;image/gif;204;331;21395;67fdd1e8b060edc013cd5620fd68a72bdbcee6160ffd19e8affdf95f28c635b5;image/jpeg;45903;522b5fdde956d00ae6ca2d7858ac58b2f85b3a1c23259f276d8d59c3b4ae519c;backend/src/main/resources/META-INF/resources/capas/tio-patinhas-abril-v1/076.jpg;
77;Tio Patinhas;Abril;1;https://www.guiadosquadrinhos.com/capas/tio-patinhas/tph0031;https://www.papersera.net/vilaxurupita/tp/tp076_100.htm;https://www.papersera.net/vilaxurupita/tp/br_tp_0077a.gif;200;image/gif;204;331;23663;5ea8693ec6de3244930568ad09b0382c54e270a796fa250a9d4897d0a44fd56e;image/jpeg;46360;8aaa772df7a850e776b2b33d2abadd3516a1b740614dce0484efd858449a7ebe;backend/src/main/resources/META-INF/resources/capas/tio-patinhas-abril-v1/077.jpg;
78;Tio Patinhas;Abril;1;https://www.guiadosquadrinhos.com/capas/tio-patinhas/tph0031;https://www.papersera.net/vilaxurupita/tp/tp076_100.htm;https://www.papersera.net/vilaxurupita/tp/br_tp_0078a.gif;200;image/gif;204;331;21663;4607859418c2e745313d1acceda2b493fbbc1b843467295af1b26f571e1aadce;image/jpeg;42784;154427309c4aa5b48327bcf36661346654f0fe72cb24b42df62944c82ac646e8;backend/src/main/resources/META-INF/resources/capas/tio-patinhas-abril-v1/078.jpg;
79;Tio Patinhas;Abril;1;https://www.guiadosquadrinhos.com/capas/tio-patinhas/tph0031;https://www.papersera.net/vilaxurupita/tp/tp076_100.htm;https://www.papersera.net/vilaxurupita/tp/br_tp_0079a.gif;200;image/gif;204;331;23359;d9b9034111525a133d2032d0dca45b8a3d9535e2dc602531c26703d80e4684c4;image/jpeg;48151;dcadb7d3d5a92f8838b62b5f0bad5dc452bb7f448f35a2807fb39902d9f26920;backend/src/main/resources/META-INF/resources/capas/tio-patinhas-abril-v1/079.jpg;
80;Tio Patinhas;Abril;1;https://www.guiadosquadrinhos.com/capas/tio-patinhas/tph0031;https://www.papersera.net/vilaxurupita/tp/tp076_100.htm;https://www.papersera.net/vilaxurupita/tp/br_tp_0080a.gif;200;image/gif;204;331;20390;23a4dc9568a995493e3f266b999162c8ccfb175ade4ad9725a163d1a8e249a39;image/jpeg;44429;a36aa97ddebcf424d43e0aceb4639e236d90363a46b559d4491dfd605d658ca7;backend/src/main/resources/META-INF/resources/capas/tio-patinhas-abril-v1/080.jpg;
81;Tio Patinhas;Abril;1;https://www.guiadosquadrinhos.com/capas/tio-patinhas/tph0031;https://www.papersera.net/vilaxurupita/tp/tp076_100.htm;https://www.papersera.net/vilaxurupita/tp/br_tp_0081a.gif;200;image/gif;204;331;24681;ce6ba73b90b6767cf16593681cad2ced214a9feed853c5d5b406570f22b1cb30;image/jpeg;51005;fdbfe355c9e1f444a930f40702f54adb64be267a1c33c8cbb7c012b3bb93dae2;backend/src/main/resources/META-INF/resources/capas/tio-patinhas-abril-v1/081.jpg;
82;Tio Patinhas;Abril;1;https://www.guiadosquadrinhos.com/capas/tio-patinhas/tph0031;https://www.papersera.net/vilaxurupita/tp/tp076_100.htm;https://www.papersera.net/vilaxurupita/tp/br_tp_0082a.gif;200;image/gif;204;331;22895;a28a3d91406854e46091cb8a11b49cfa21d699799ee49d34c87ed09bb84e4e45;image/jpeg;46124;490714ceed9df0ea62b41198cd03b03a94c2d4c57dcbd1cd7be292ce92dbbd94;backend/src/main/resources/META-INF/resources/capas/tio-patinhas-abril-v1/082.jpg;
83;Tio Patinhas;Abril;1;https://www.guiadosquadrinhos.com/capas/tio-patinhas/tph0031;https://www.papersera.net/vilaxurupita/tp/tp076_100.htm;https://www.papersera.net/vilaxurupita/tp/br_tp_0083a.gif;200;image/gif;204;331;22685;dc463ba59d4655b94f28c093573b08cdb470d714e76987e097d6ad128971b53b;image/jpeg;45437;42defcbc568761dbab682b030c562102e625e11b84cd75acd801bdc6427e79e2;backend/src/main/resources/META-INF/resources/capas/tio-patinhas-abril-v1/083.jpg;
84;Tio Patinhas;Abril;1;https://www.guiadosquadrinhos.com/capas/tio-patinhas/tph0031;https://www.papersera.net/vilaxurupita/tp/tp076_100.htm;https://www.papersera.net/vilaxurupita/tp/br_tp_0084a.gif;200;image/gif;204;331;16919;831e852c247ff7128050ad03661c4616ba3f0f1038f87e7025afa002cceb2236;image/jpeg;40152;fd0acaebd77375d233bf69440ef7e278dfa62e485a4fe311f37a60af1ada5844;backend/src/main/resources/META-INF/resources/capas/tio-patinhas-abril-v1/084.jpg;
85;Tio Patinhas;Abril;1;https://www.guiadosquadrinhos.com/capas/tio-patinhas/tph0031;https://www.papersera.net/vilaxurupita/tp/tp076_100.htm;https://www.papersera.net/vilaxurupita/tp/br_tp_0085a.gif;200;image/gif;204;331;14838;9554b04c4c71e9fc9c019aec06b73447def74c6847aaeaf823a969554a52a490;image/jpeg;32460;942e2a070312a9877cb544811230356c48fb3a8c61e367b3ae164596a59f2400;backend/src/main/resources/META-INF/resources/capas/tio-patinhas-abril-v1/085.jpg;
86;Tio Patinhas;Abril;1;https://www.guiadosquadrinhos.com/capas/tio-patinhas/tph0031;https://www.papersera.net/vilaxurupita/tp/tp076_100.htm;https://www.papersera.net/vilaxurupita/tp/br_tp_0086a.gif;200;image/gif;204;331;22781;235cbee11f6e2abe20909cacc076e5314a830f40c767c5ae8cf90515604bfe94;image/jpeg;39010;7b398d0dc92d98ebd7087c8ae9b526440273a5d3fcb6acdefc846381eae0a04e;backend/src/main/resources/META-INF/resources/capas/tio-patinhas-abril-v1/086.jpg;
87;Tio Patinhas;Abril;1;https://www.guiadosquadrinhos.com/capas/tio-patinhas/tph0031;https://www.papersera.net/vilaxurupita/tp/tp076_100.htm;https://www.papersera.net/vilaxurupita/tp/br_tp_0087a.gif;200;image/gif;204;331;23693;b3b4dbf4d2f4cadbc381019ae2064bc5234b71089734829592268a12319c6fdc;image/jpeg;50540;4fd18b7c908a3f1fbf6500d68a046efae91f057d30749f0e89ffe9b255b20b27;backend/src/main/resources/META-INF/resources/capas/tio-patinhas-abril-v1/087.jpg;
88;Tio Patinhas;Abril;1;https://www.guiadosquadrinhos.com/capas/tio-patinhas/tph0031;https://www.papersera.net/vilaxurupita/tp/tp076_100.htm;https://www.papersera.net/vilaxurupita/tp/br_tp_0088a.gif;200;image/gif;204;331;26038;a94b30afbc3cc3f26072271b484b2a7180c4d6440959c05cd79850a1def4fbf1;image/jpeg;54867;aa8abf9c9dddbe0e2a66a6450cb7984590719aca4d8786d171ec998c97de97a3;backend/src/main/resources/META-INF/resources/capas/tio-patinhas-abril-v1/088.jpg;
89;Tio Patinhas;Abril;1;https://www.guiadosquadrinhos.com/capas/tio-patinhas/tph0031;https://www.papersera.net/vilaxurupita/tp/tp076_100.htm;https://www.papersera.net/vilaxurupita/tp/br_tp_0089a.gif;200;image/gif;204;331;24270;af4442437332ac237655eadb4d5d88f6b0c4e2e48fcfadb748b5bcbe4d04c8e8;image/jpeg;51857;00ef7e07d73a3304da0b199d5d927cdb3d5bf753bab4a7bd97cd556b241bdac2;backend/src/main/resources/META-INF/resources/capas/tio-patinhas-abril-v1/089.jpg;
90;Tio Patinhas;Abril;1;https://www.guiadosquadrinhos.com/capas/tio-patinhas/tph0031;https://www.papersera.net/vilaxurupita/tp/tp076_100.htm;https://www.papersera.net/vilaxurupita/tp/br_tp_0090a.gif;200;image/gif;204;331;21169;80dd56e77264635e9ddd5e378ae9e83501261c10e03fb933ad8506de5ffbca9f;image/jpeg;47531;ad3ce978f88cbeb48a7e527da8ff5277bce9c4a737ebdd8a827607d56ae8b247;backend/src/main/resources/META-INF/resources/capas/tio-patinhas-abril-v1/090.jpg;
91;Tio Patinhas;Abril;1;https://www.guiadosquadrinhos.com/capas/tio-patinhas/tph0031;https://www.papersera.net/vilaxurupita/tp/tp076_100.htm;https://www.papersera.net/vilaxurupita/tp/br_tp_0091a.gif;200;image/gif;204;331;23439;cb75654adc206d84d03f604b78882d5fa5beda30e1be988691e7dd4ea9602315;image/jpeg;50880;36a72c680c9b30b0af8d9aea963f96a1cc0e54bdc6ce2e2112695d0368685451;backend/src/main/resources/META-INF/resources/capas/tio-patinhas-abril-v1/091.jpg;
92;Tio Patinhas;Abril;1;https://www.guiadosquadrinhos.com/capas/tio-patinhas/tph0031;https://www.papersera.net/vilaxurupita/tp/tp076_100.htm;https://www.papersera.net/vilaxurupita/tp/br_tp_0092a.gif;200;image/gif;204;331;28071;b3e196ac7c6af3cdb48332d9fc7cb48662de358b6ade7f56ea43d4a0a5dcff3e;image/jpeg;51805;d7f18c3d13b01852ce95ed5d8bf0a23a7c05f62eb86885043a4061e7e1e7b336;backend/src/main/resources/META-INF/resources/capas/tio-patinhas-abril-v1/092.jpg;
93;Tio Patinhas;Abril;1;https://www.guiadosquadrinhos.com/capas/tio-patinhas/tph0031;https://www.papersera.net/vilaxurupita/tp/tp076_100.htm;https://www.papersera.net/vilaxurupita/tp/br_tp_0093a.gif;200;image/gif;204;331;27234;9f844620d17fdee07d5159e06e5993b992211b151fd38cdb08f80f163fb02af6;image/jpeg;54252;ddd0f41699a4064c8968b610afeef610ab9e7102d6d5d94591b89cfae138595e;backend/src/main/resources/META-INF/resources/capas/tio-patinhas-abril-v1/093.jpg;
94;Tio Patinhas;Abril;1;https://www.guiadosquadrinhos.com/capas/tio-patinhas/tph0031;https://www.papersera.net/vilaxurupita/tp/tp076_100.htm;https://www.papersera.net/vilaxurupita/tp/br_tp_0094a.gif;200;image/gif;204;331;22575;a91b9997424c0dc145673c422b4d8ad54560520717be08cd9fb7216f892eb9bf;image/jpeg;45814;3ddb3f9f869bf365dc380528e1bcf9b21eeff513a52b5757f2174c2e9759b9fc;backend/src/main/resources/META-INF/resources/capas/tio-patinhas-abril-v1/094.jpg;
95;Tio Patinhas;Abril;1;https://www.guiadosquadrinhos.com/capas/tio-patinhas/tph0031;https://www.papersera.net/vilaxurupita/tp/tp076_100.htm;https://www.papersera.net/vilaxurupita/tp/br_tp_0095a.gif;200;image/gif;204;331;20591;cee5188920e8eac3d96d30eefe05c915c5c2a65876a9b6510696ebd48a924ee4;image/jpeg;46721;5f940b8899db2b2f9bc19936c50a7f7e39f03739daef08ff87142f8afe4dc58b;backend/src/main/resources/META-INF/resources/capas/tio-patinhas-abril-v1/095.jpg;
96;Tio Patinhas;Abril;1;https://www.guiadosquadrinhos.com/capas/tio-patinhas/tph0031;https://www.papersera.net/vilaxurupita/tp/tp076_100.htm;https://www.papersera.net/vilaxurupita/tp/br_tp_0096a.gif;200;image/gif;204;331;23389;54f887827b1e8d99fd0dd83985bafd2c90b831bfefd6cdae8c98aa9d0c828f1a;image/jpeg;45229;5c6408f33999c84125aaf63920858f8231b9438e87ebe4a45621f4e0a8f4db87;backend/src/main/resources/META-INF/resources/capas/tio-patinhas-abril-v1/096.jpg;
97;Tio Patinhas;Abril;1;https://www.guiadosquadrinhos.com/capas/tio-patinhas/tph0031;https://www.papersera.net/vilaxurupita/tp/tp076_100.htm;https://www.papersera.net/vilaxurupita/tp/br_tp_0097a.gif;200;image/gif;204;331;19848;c31040ab88efa68382c17dde551011debceb03f77da5ef0a93697f49413d604b;image/jpeg;43892;5f4f9cf48813c021696c2d47e4b0895697db8dfe33c32809b982785d7856fc5a;backend/src/main/resources/META-INF/resources/capas/tio-patinhas-abril-v1/097.jpg;
98;Tio Patinhas;Abril;1;https://www.guiadosquadrinhos.com/capas/tio-patinhas/tph0031;https://www.papersera.net/vilaxurupita/tp/tp076_100.htm;https://www.papersera.net/vilaxurupita/tp/br_tp_0098a.gif;200;image/gif;204;331;15414;937a56b755113b008ad0ee8a60507906d137fb65a376e1dedb3791f5f825d6a5;image/jpeg;37555;69eb3c38045020a979f25f08b6d7337c906f1409c16538ebb8a4a011c6191de6;backend/src/main/resources/META-INF/resources/capas/tio-patinhas-abril-v1/098.jpg;
99;Tio Patinhas;Abril;1;https://www.guiadosquadrinhos.com/capas/tio-patinhas/tph0031;https://www.papersera.net/vilaxurupita/tp/tp076_100.htm;https://www.papersera.net/vilaxurupita/tp/br_tp_0099a.gif;200;image/gif;204;331;19114;afcd54221f27a0d1c7d30c324ede82318a8764e8b110d2a8c99e654812f1e901;image/jpeg;45431;adda74d0764770b5479e93695ec60c46735a686530faa95c89dd62ada251aac4;backend/src/main/resources/META-INF/resources/capas/tio-patinhas-abril-v1/099.jpg;
100;Tio Patinhas;Abril;1;https://www.guiadosquadrinhos.com/capas/tio-patinhas/tph0031;https://www.papersera.net/vilaxurupita/tp/tp076_100.htm;https://www.papersera.net/vilaxurupita/tp/br_tp_0100a.gif;200;image/gif;204;331;30011;ff00f8fca865725f66c4ca95da4bfb4fa58e75452956c2fabfc372043ff82341;image/jpeg;51845;80d6b4aa1cc1a437354589b45f043acf92706ef73d0de566566c09e867b25196;backend/src/main/resources/META-INF/resources/capas/tio-patinhas-abril-v1/100.jpg;
101;Tio Patinhas;Abril;1;https://www.guiadosquadrinhos.com/capas/tio-patinhas/tph0031;https://www.papersera.net/vilaxurupita/tp/tp101_125.htm;https://www.papersera.net/vilaxurupita/tp/br_tp_0101a.gif;200;image/gif;204;331;21429;84e99310b4b6e9bc14873e14ed0a7eef0e5ed623d502eeaa6b21a069b24bbc7f;image/jpeg;47291;c95e3a6f46f8f1e997b81a311e92f9577d7b89e4442dffd3dab651a5c11aa302;backend/src/main/resources/META-INF/resources/capas/tio-patinhas-abril-v1/101.jpg;
102;Tio Patinhas;Abril;1;https://www.guiadosquadrinhos.com/capas/tio-patinhas/tph0031;https://www.papersera.net/vilaxurupita/tp/tp101_125.htm;https://www.papersera.net/vilaxurupita/tp/br_tp_0102a.gif;200;image/gif;204;331;24602;4fb908b5ece40e24e9c104c6ead63ab3034a0dad903ccbdf96cbbf98735663b0;image/jpeg;47434;4a226b1db116191503b7c39c76972844a0c21fc0d238d87b021e82c96f4a4eb0;backend/src/main/resources/META-INF/resources/capas/tio-patinhas-abril-v1/102.jpg;
103;Tio Patinhas;Abril;1;https://www.guiadosquadrinhos.com/capas/tio-patinhas/tph0031;https://www.papersera.net/vilaxurupita/tp/tp101_125.htm;https://www.papersera.net/vilaxurupita/tp/br_tp_0103a.gif;200;image/gif;204;331;28259;d47cdadb7e0596a4d24d4ee2fdd90bf0ddc1a796faec4520f77de0b09249025d;image/jpeg;46612;a78d63d47ad40cf93734c44279a484a931e7b5f73eb6956cca2aeab1bf9b2727;backend/src/main/resources/META-INF/resources/capas/tio-patinhas-abril-v1/103.jpg;
104;Tio Patinhas;Abril;1;https://www.guiadosquadrinhos.com/capas/tio-patinhas/tph0031;https://www.papersera.net/vilaxurupita/tp/tp101_125.htm;https://www.papersera.net/vilaxurupita/tp/br_tp_0104a.gif;200;image/gif;204;331;24586;b3c4606fd73744d6d073c78056edf21a42d0b855c7b656fd3205c1e7212e6b0b;image/jpeg;47471;b3a6ad28daf5ecd3f5201caf307c953adedddad672863d145b9e18cc7625bdaf;backend/src/main/resources/META-INF/resources/capas/tio-patinhas-abril-v1/104.jpg;
105;Tio Patinhas;Abril;1;https://www.guiadosquadrinhos.com/capas/tio-patinhas/tph0031;https://www.papersera.net/vilaxurupita/tp/tp101_125.htm;https://www.papersera.net/vilaxurupita/tp/br_tp_0105a.gif;200;image/gif;204;331;24962;86812e4af69feaff149f4b46bd4d75ffaed3209393b4837b04aafa6f2c0e2db7;image/jpeg;44845;19848fb910a368ec888e88e7aec57271c3268ae03d10cd25766c6b3bafed8f7e;backend/src/main/resources/META-INF/resources/capas/tio-patinhas-abril-v1/105.jpg;
106;Tio Patinhas;Abril;1;https://www.guiadosquadrinhos.com/capas/tio-patinhas/tph0031;https://www.papersera.net/vilaxurupita/tp/tp101_125.htm;https://www.papersera.net/vilaxurupita/tp/br_tp_0106a.gif;200;image/gif;204;331;32316;682c4d77ba5a77b31f4f7df00c4e3ce398641b0921efb2e9a40b1619eb79c54e;image/jpeg;52983;c42364c3caa2c428eb8fffa0e88a6313d87b5031016a7faad020f1c0899f784d;backend/src/main/resources/META-INF/resources/capas/tio-patinhas-abril-v1/106.jpg;
107;Tio Patinhas;Abril;1;https://www.guiadosquadrinhos.com/capas/tio-patinhas/tph0031;https://www.papersera.net/vilaxurupita/tp/tp101_125.htm;https://www.papersera.net/vilaxurupita/tp/br_tp_0107a.gif;200;image/gif;204;331;22741;b63c846882d2f78dc83feab919cdfa5142c13a537787bd731e8d034bccb107da;image/jpeg;44217;ca2218a570e5d0b6931505c61f1751787f3a4fd567d7e90c75dad8c6c2f9f9a2;backend/src/main/resources/META-INF/resources/capas/tio-patinhas-abril-v1/107.jpg;
108;Tio Patinhas;Abril;1;https://www.guiadosquadrinhos.com/capas/tio-patinhas/tph0031;https://www.papersera.net/vilaxurupita/tp/tp101_125.htm;https://www.papersera.net/vilaxurupita/tp/br_tp_0108a.gif;200;image/gif;204;331;28392;908eefc476423b95e5ba6f25db21d92b7ff820ad0617a3eb4217fe5445c22f5c;image/jpeg;53679;a53c89a7cecba3b1d730425429451c136d2cbcccbc01c934834048c00e5d47f6;backend/src/main/resources/META-INF/resources/capas/tio-patinhas-abril-v1/108.jpg;
109;Tio Patinhas;Abril;1;https://www.guiadosquadrinhos.com/capas/tio-patinhas/tph0031;https://www.papersera.net/vilaxurupita/tp/tp101_125.htm;https://www.papersera.net/vilaxurupita/tp/br_tp_0109a.gif;200;image/gif;204;331;24177;cbaf25b51ca11b2c6b0932984b2b6608b481059a1218f2135198333c96b70616;image/jpeg;44781;d9048cc14edefdf7858faed11d5937ef28a73462a998f78f3951441be56e9155;backend/src/main/resources/META-INF/resources/capas/tio-patinhas-abril-v1/109.jpg;
110;Tio Patinhas;Abril;1;https://www.guiadosquadrinhos.com/capas/tio-patinhas/tph0031;https://www.papersera.net/vilaxurupita/tp/tp101_125.htm;https://www.papersera.net/vilaxurupita/tp/br_tp_0110a.gif;200;image/gif;204;331;23817;6b5e083d4da84f9fe7e6fa0d6348eb2c42cf6cc387745cc5c79865fc3196a384;image/jpeg;45497;f20e578f6280a4312a532ca48ce4c529e0e3dc56ff845d7443e5eb7d5f5d7d03;backend/src/main/resources/META-INF/resources/capas/tio-patinhas-abril-v1/110.jpg;
111;Tio Patinhas;Abril;1;https://www.guiadosquadrinhos.com/capas/tio-patinhas/tph0031;https://www.papersera.net/vilaxurupita/tp/tp101_125.htm;https://www.papersera.net/vilaxurupita/tp/br_tp_0111a.gif;200;image/gif;204;331;30992;1f3fa35b8393ac0a03e281caa839414b6a5e925058dc3bab18b8fd7fdec87b3a;image/jpeg;49328;c826442dde7794a1344de2d201034d08f2f6cf6b189555459a961f09bf344d96;backend/src/main/resources/META-INF/resources/capas/tio-patinhas-abril-v1/111.jpg;
112;Tio Patinhas;Abril;1;https://www.guiadosquadrinhos.com/capas/tio-patinhas/tph0031;https://www.papersera.net/vilaxurupita/tp/tp101_125.htm;https://www.papersera.net/vilaxurupita/tp/br_tp_0112a.gif;200;image/gif;204;331;24102;09c303a267613cc767f5bc96cd10cf85db334f68ab63ca3f568ad6458004e968;image/jpeg;39557;324c04e0ecb3a31ce302006103e076a4002bcd6cf66122ec24a1a93b9987af53;backend/src/main/resources/META-INF/resources/capas/tio-patinhas-abril-v1/112.jpg;
113;Tio Patinhas;Abril;1;https://www.guiadosquadrinhos.com/capas/tio-patinhas/tph0031;https://www.papersera.net/vilaxurupita/tp/tp101_125.htm;https://www.papersera.net/vilaxurupita/tp/br_tp_0113a.gif;200;image/gif;204;331;25728;7a62ca67baedbf24f72a9109751f5746eb72da4f3f652d95799c5a4bb6a13753;image/jpeg;50105;2aedcd2f3253078960d6ff0a2f7962f7ce735a36d7eab87cbcedae455467fe2b;backend/src/main/resources/META-INF/resources/capas/tio-patinhas-abril-v1/113.jpg;
114;Tio Patinhas;Abril;1;https://www.guiadosquadrinhos.com/capas/tio-patinhas/tph0031;https://www.papersera.net/vilaxurupita/tp/tp101_125.htm;https://www.papersera.net/vilaxurupita/tp/br_tp_0114a.gif;200;image/gif;204;331;26324;cc700fa5dadc426012dca068b59f6d17e1d20e0b7fc746eb37612b544fae01e5;image/jpeg;47052;c1a3af850c752004116bc7d39e0835c8ac8a6c7dec918892ab15fa3774d0a473;backend/src/main/resources/META-INF/resources/capas/tio-patinhas-abril-v1/114.jpg;
115;Tio Patinhas;Abril;1;https://www.guiadosquadrinhos.com/capas/tio-patinhas/tph0031;https://www.papersera.net/vilaxurupita/tp/tp101_125.htm;https://www.papersera.net/vilaxurupita/tp/br_tp_0115a.gif;200;image/gif;204;331;23949;3c42f49f2afba430bb7fdc02e17ae1ec945a6c1a044b5eac0e119785e1defa83;image/jpeg;44291;6855b8fb45c931374ab5721ba99967a5049426f62f9a6c57dcd6b34498419d63;backend/src/main/resources/META-INF/resources/capas/tio-patinhas-abril-v1/115.jpg;
116;Tio Patinhas;Abril;1;https://www.guiadosquadrinhos.com/capas/tio-patinhas/tph0031;https://www.papersera.net/vilaxurupita/tp/tp101_125.htm;https://www.papersera.net/vilaxurupita/tp/br_tp_0116a.gif;200;image/gif;204;331;23231;6e6f2f8e9a0596ee04699dce00d794894e6c58e13540b9caa5b8f5cfbb5ef07a;image/jpeg;43711;477e81adc9bc5df522dbbef7fa47d101fbdb6c7ecbda087e2cc24e37888dd58e;backend/src/main/resources/META-INF/resources/capas/tio-patinhas-abril-v1/116.jpg;
117;Tio Patinhas;Abril;1;https://www.guiadosquadrinhos.com/capas/tio-patinhas/tph0031;https://www.papersera.net/vilaxurupita/tp/tp101_125.htm;https://www.papersera.net/vilaxurupita/tp/br_tp_0117a.gif;200;image/gif;204;331;25773;88c8920c4fe526d84948a39ea64ed858685d94ffe77b0c2c023adf96afbd6fbe;image/jpeg;45965;988239c7f6597b0bf366e172aa97f47e6a6c579587ac7ca0b286ba1548e0d032;backend/src/main/resources/META-INF/resources/capas/tio-patinhas-abril-v1/117.jpg;
118;Tio Patinhas;Abril;1;https://www.guiadosquadrinhos.com/capas/tio-patinhas/tph0031;https://www.papersera.net/vilaxurupita/tp/tp101_125.htm;https://www.papersera.net/vilaxurupita/tp/br_tp_0118a.gif;200;image/gif;204;331;18634;1dd293a47c8e8c658d7c168b9c6118225599e68f2e0a1671b86ccb0a6c8b1552;image/jpeg;41388;b574048f718ab02050e52181364e915a09bb277ca44c2f36a0cd0952dec6ba90;backend/src/main/resources/META-INF/resources/capas/tio-patinhas-abril-v1/118.jpg;
119;Tio Patinhas;Abril;1;https://www.guiadosquadrinhos.com/capas/tio-patinhas/tph0031;https://www.papersera.net/vilaxurupita/tp/tp101_125.htm;https://www.papersera.net/vilaxurupita/tp/br_tp_0119a.gif;200;image/gif;204;331;29057;09f97a7d07fe99f4d8db304cc1ca41b5e7b583561679642a9a415390e220875c;image/jpeg;50374;44d49dc2eabff6cc54ab6867d4bf01cc590bd2f4c15b547318057a02255e2160;backend/src/main/resources/META-INF/resources/capas/tio-patinhas-abril-v1/119.jpg;
120;Tio Patinhas;Abril;1;https://www.guiadosquadrinhos.com/capas/tio-patinhas/tph0031;https://www.papersera.net/vilaxurupita/tp/tp101_125.htm;https://www.papersera.net/vilaxurupita/tp/br_tp_0120a.gif;200;image/gif;204;331;19697;1e7aa979bb34322a471cf5c787d76298a6cb9be671060f764496971ca24b36e7;image/jpeg;38618;8ec0ef9e845a86b7fd702e7e81b98be2f7a1991ce2988d96de033f6a560ce06a;backend/src/main/resources/META-INF/resources/capas/tio-patinhas-abril-v1/120.jpg;
121;Tio Patinhas;Abril;1;https://www.guiadosquadrinhos.com/capas/tio-patinhas/tph0031;https://www.papersera.net/vilaxurupita/tp/tp101_125.htm;https://www.papersera.net/vilaxurupita/tp/br_tp_0121a.gif;200;image/gif;204;331;25426;32c6d4c7a7b3b5f3069ceffe0147626beea951a23f3e6bb6f25e47548cd3cd93;image/jpeg;46127;89e9bd65dfc8130837fb277420257cacdf29d9cbb0b548799093e6c0258e02d2;backend/src/main/resources/META-INF/resources/capas/tio-patinhas-abril-v1/121.jpg;
122;Tio Patinhas;Abril;1;https://www.guiadosquadrinhos.com/capas/tio-patinhas/tph0031;https://www.papersera.net/vilaxurupita/tp/tp101_125.htm;https://www.papersera.net/vilaxurupita/tp/br_tp_0122a.gif;200;image/gif;204;331;28201;365e057baedb5b2e74c76b8d531975f3ad6f14fc7d48b489d45fda268f37383b;image/jpeg;53724;604f8a37e70c46ae109a06fbfd35aadadf024dfdff223f3b8747ce8a78412935;backend/src/main/resources/META-INF/resources/capas/tio-patinhas-abril-v1/122.jpg;
123;Tio Patinhas;Abril;1;https://www.guiadosquadrinhos.com/capas/tio-patinhas/tph0031;https://www.papersera.net/vilaxurupita/tp/tp101_125.htm;https://www.papersera.net/vilaxurupita/tp/br_tp_0123a.gif;200;image/gif;204;331;21731;4990e25d6fa1677fe7f181c449dc5e5f737b7d00b36d308118d8afe5130a8463;image/jpeg;46261;1b5e541a8e2286c37dfa865958d19e1e06ffd1da7192392487f73fbde0879ba0;backend/src/main/resources/META-INF/resources/capas/tio-patinhas-abril-v1/123.jpg;
124;Tio Patinhas;Abril;1;https://www.guiadosquadrinhos.com/capas/tio-patinhas/tph0031;https://www.papersera.net/vilaxurupita/tp/tp101_125.htm;https://www.papersera.net/vilaxurupita/tp/br_tp_0124a.gif;200;image/gif;204;331;22701;aa9277891122640af28e954eaa2c35051ca172612718afca85ae837a341110d4;image/jpeg;42655;bcab74967c6d54360738b49d4408126a42e333ba21445d37995e0c1fe10753fc;backend/src/main/resources/META-INF/resources/capas/tio-patinhas-abril-v1/124.jpg;
125;Tio Patinhas;Abril;1;https://www.guiadosquadrinhos.com/capas/tio-patinhas/tph0031;https://www.papersera.net/vilaxurupita/tp/tp101_125.htm;https://www.papersera.net/vilaxurupita/tp/br_tp_0125a.gif;200;image/gif;204;331;29652;f4a18974920bb4f7cccacef593de819001cdcfbdb178e771a7083a40f5716488;image/jpeg;45967;9bfbe19f2ef294de6ec19774090c875ac562d6025ec4bdccdf3a1ab81063d55e;backend/src/main/resources/META-INF/resources/capas/tio-patinhas-abril-v1/125.jpg;
126;Tio Patinhas;Abril;1;https://www.guiadosquadrinhos.com/capas/tio-patinhas/tph0031;https://www.papersera.net/vilaxurupita/tp/tp126_150.htm;https://www.papersera.net/vilaxurupita/tp/br_tp_0126a.gif;200;image/gif;204;331;27977;c02881604978ca642d366c9a958017179faad95b26c90581bcdb71eb14b969da;image/jpeg;51426;9be227b1ffa5df5be27c3737f5c5c82d3bb90116aa40d3d36f5a87c06af1d9a0;backend/src/main/resources/META-INF/resources/capas/tio-patinhas-abril-v1/126.jpg;
127;Tio Patinhas;Abril;1;https://www.guiadosquadrinhos.com/capas/tio-patinhas/tph0031;https://www.papersera.net/vilaxurupita/tp/tp126_150.htm;https://www.papersera.net/vilaxurupita/tp/br_tp_0127a.gif;200;image/gif;204;331;22029;f33a04b28e0dffc1c1bad27483c4cfa196bad3a5f9b1a377d26cbe3de6ec85b6;image/jpeg;44832;4e6ff8152c351f9f2fe1783258a4d84e0053d7af54e2a6faae4355f31449adc3;backend/src/main/resources/META-INF/resources/capas/tio-patinhas-abril-v1/127.jpg;
128;Tio Patinhas;Abril;1;https://www.guiadosquadrinhos.com/capas/tio-patinhas/tph0031;https://www.papersera.net/vilaxurupita/tp/tp126_150.htm;https://www.papersera.net/vilaxurupita/tp/br_tp_0128a.gif;200;image/gif;204;331;37299;96123dfc6df39e557415d17508b2cf7312587fc61967a86aa4dfe1a0c719b9b0;image/jpeg;47387;56a19947972a0ea71064e5aeb50e62959c11090b6cf1082176def7d4c8f913f4;backend/src/main/resources/META-INF/resources/capas/tio-patinhas-abril-v1/128.jpg;
129;Tio Patinhas;Abril;1;https://www.guiadosquadrinhos.com/capas/tio-patinhas/tph0031;https://www.papersera.net/vilaxurupita/tp/tp126_150.htm;https://www.papersera.net/vilaxurupita/tp/br_tp_0129a.gif;200;image/gif;204;331;31111;9afe1f9172c9445bdb2084fd10463faed832d2bbc5574577e216f97501cf544d;image/jpeg;49739;ee33334376001bdeb1999681fba0b5f6c45247fd73c95792b0cb884a061c6ecd;backend/src/main/resources/META-INF/resources/capas/tio-patinhas-abril-v1/129.jpg;
130;Tio Patinhas;Abril;1;https://www.guiadosquadrinhos.com/capas/tio-patinhas/tph0031;https://www.papersera.net/vilaxurupita/tp/tp126_150.htm;https://www.papersera.net/vilaxurupita/tp/br_tp_0130a.gif;200;image/gif;204;331;32435;ad9fa20a8ee73ff05825cdc6841cd57738c9f71003cc7671cbcc926aff4ca5d6;image/jpeg;52585;9e55eaf3087daa203348195997ba12f3dbe9ff0753aa2830ca098fc9bbf705f9;backend/src/main/resources/META-INF/resources/capas/tio-patinhas-abril-v1/130.jpg;
131;Tio Patinhas;Abril;1;https://www.guiadosquadrinhos.com/capas/tio-patinhas/tph0031;https://www.papersera.net/vilaxurupita/tp/tp126_150.htm;https://www.papersera.net/vilaxurupita/tp/br_tp_0131a.gif;200;image/gif;204;331;32847;c7eeb41b4b1ffdbbdd3c1f23cf9413a9d098cc7c820914538dcd640428cadf69;image/jpeg;47696;42214ea94854ca58893d8f0655d4a2654e2b4dc1c4ad4767f433572a451f42d3;backend/src/main/resources/META-INF/resources/capas/tio-patinhas-abril-v1/131.jpg;
132;Tio Patinhas;Abril;1;https://www.guiadosquadrinhos.com/capas/tio-patinhas/tph0031;https://www.papersera.net/vilaxurupita/tp/tp126_150.htm;https://www.papersera.net/vilaxurupita/tp/br_tp_0132a.gif;200;image/gif;204;331;33082;2061c98f1e2bd4a411d7971f7d9809361b99a647dbef6e7318edec79b266b0e0;image/jpeg;54393;b199247f800b6d1c2dcdc9df626ee8e1641aec07b2e87e41835f5e96f3bcd80f;backend/src/main/resources/META-INF/resources/capas/tio-patinhas-abril-v1/132.jpg;
133;Tio Patinhas;Abril;1;https://www.guiadosquadrinhos.com/capas/tio-patinhas/tph0031;https://www.papersera.net/vilaxurupita/tp/tp126_150.htm;https://www.papersera.net/vilaxurupita/tp/br_tp_0133a.gif;200;image/gif;204;331;32087;ec2813495bdf12345357a6012663d92fcf0f5f37cee211c8e012147cbad18232;image/jpeg;51990;0baced3a5db702a6c7418a70ad9258f822436c727e48caf175b8823c4c9094de;backend/src/main/resources/META-INF/resources/capas/tio-patinhas-abril-v1/133.jpg;
134;Tio Patinhas;Abril;1;https://www.guiadosquadrinhos.com/capas/tio-patinhas/tph0031;https://www.papersera.net/vilaxurupita/tp/tp126_150.htm;https://www.papersera.net/vilaxurupita/tp/br_tp_0134a.gif;200;image/gif;204;331;23687;3caec843efbea6660a0bc5376e46d99f4793a9c961708b92143c96f4fb8aeee1;image/jpeg;42141;c2a87875fbdcac12b414fb6250cbb767352abd3a7d46fb32af2307e1aa55b9e8;backend/src/main/resources/META-INF/resources/capas/tio-patinhas-abril-v1/134.jpg;
135;Tio Patinhas;Abril;1;https://www.guiadosquadrinhos.com/capas/tio-patinhas/tph0031;https://www.papersera.net/vilaxurupita/tp/tp126_150.htm;https://www.papersera.net/vilaxurupita/tp/br_tp_0135a.gif;200;image/gif;204;331;28708;0dc8c90779e4afcc3095c0772cc2477b75572fc7975eca6b81b0b4f34e3d82a7;image/jpeg;50088;734a5921b3f26443c39782a56f0138de07b25cfc638df8f7e13b514bbd4d49f0;backend/src/main/resources/META-INF/resources/capas/tio-patinhas-abril-v1/135.jpg;
136;Tio Patinhas;Abril;1;https://www.guiadosquadrinhos.com/capas/tio-patinhas/tph0031;https://www.papersera.net/vilaxurupita/tp/tp126_150.htm;https://www.papersera.net/vilaxurupita/tp/br_tp_0136a.gif;200;image/gif;204;331;25801;464dfd6a61d96a0bbc8d6b9408abaf7999336dec6a1df23e4d475b6743189790;image/jpeg;47412;bd6064771f50b28644f629b01deda519eeb3a40910028be241149090bd3778dd;backend/src/main/resources/META-INF/resources/capas/tio-patinhas-abril-v1/136.jpg;
137;Tio Patinhas;Abril;1;https://www.guiadosquadrinhos.com/capas/tio-patinhas/tph0031;https://www.papersera.net/vilaxurupita/tp/tp126_150.htm;https://www.papersera.net/vilaxurupita/tp/br_tp_0137a.gif;200;image/gif;204;331;25373;b917e7ca6ba39e06af87f22edadb204b72b9c46f4cb905e5ce8c3a91112309f3;image/jpeg;48854;0782e6e283efd58c2a312f636001ba1bfe92872773f61df9a541bef74c2240dd;backend/src/main/resources/META-INF/resources/capas/tio-patinhas-abril-v1/137.jpg;
138;Tio Patinhas;Abril;1;https://www.guiadosquadrinhos.com/capas/tio-patinhas/tph0031;https://www.papersera.net/vilaxurupita/tp/tp126_150.htm;https://www.papersera.net/vilaxurupita/tp/br_tp_0138a.gif;200;image/gif;204;331;21597;3b6b9d210f8e10b27b266879d4111f490fe78b686e8e44c365e54fc65b9cda9a;image/jpeg;40853;64c919c91881752e3d3c616822ed583ddf09478f32cc049091d9d382e188ff02;backend/src/main/resources/META-INF/resources/capas/tio-patinhas-abril-v1/138.jpg;
139;Tio Patinhas;Abril;1;https://www.guiadosquadrinhos.com/capas/tio-patinhas/tph0031;https://www.papersera.net/vilaxurupita/tp/tp126_150.htm;https://www.papersera.net/vilaxurupita/tp/br_tp_0139a.gif;200;image/gif;204;331;20561;37b6ec4b20ff105095f4bef8127e16f1ef6d843bbc7744204fc818f904b017cb;image/jpeg;46872;c58043c534ca6672347f29adc9213f40728a2909f47e9f484eff3ca0759db8ef;backend/src/main/resources/META-INF/resources/capas/tio-patinhas-abril-v1/139.jpg;
140;Tio Patinhas;Abril;1;https://www.guiadosquadrinhos.com/capas/tio-patinhas/tph0031;https://www.papersera.net/vilaxurupita/tp/tp126_150.htm;https://www.papersera.net/vilaxurupita/tp/br_tp_0140a.gif;200;image/gif;204;331;22308;44a13d509d3c28139f349007c3b7987872f7e97da31c4c10ab0d7b8edd8c0504;image/jpeg;43918;148131a7c6f16259ad9a4c25d6ef4ae7ee577e1a5b139e8688a485f17276e2f0;backend/src/main/resources/META-INF/resources/capas/tio-patinhas-abril-v1/140.jpg;
141;Tio Patinhas;Abril;1;https://www.guiadosquadrinhos.com/capas/tio-patinhas/tph0031;https://www.papersera.net/vilaxurupita/tp/tp126_150.htm;https://www.papersera.net/vilaxurupita/tp/br_tp_0141a.gif;200;image/gif;204;331;28525;06facee982678b5416992cb4ef811862a3bb6a03aaa1028e6eb5a4f8d05472f6;image/jpeg;53986;602f27770fafe4940b583471f86a6a385f4c85c032614df57d9c8952f8c4b1b5;backend/src/main/resources/META-INF/resources/capas/tio-patinhas-abril-v1/141.jpg;
142;Tio Patinhas;Abril;1;https://www.guiadosquadrinhos.com/capas/tio-patinhas/tph0031;https://www.papersera.net/vilaxurupita/tp/tp126_150.htm;https://www.papersera.net/vilaxurupita/tp/br_tp_0142a.gif;200;image/gif;204;331;30676;ee8afe0d649e42d9db4ac96cde21d2e9079d5e8281dc48f38e04eee3e099db9a;image/jpeg;56429;b4a4d960b1f7a6fbd892c07b7a7fbad82ce0d57f3a9048ec289777aeec71202b;backend/src/main/resources/META-INF/resources/capas/tio-patinhas-abril-v1/142.jpg;
143;Tio Patinhas;Abril;1;https://www.guiadosquadrinhos.com/capas/tio-patinhas/tph0031;https://www.papersera.net/vilaxurupita/tp/tp126_150.htm;https://www.papersera.net/vilaxurupita/tp/br_tp_0143a.gif;200;image/gif;204;331;26048;7fe7b9fa60ee2479140ea718c5ce2aa6fd5d3c017c065e76e5633e0fc933e74e;image/jpeg;45459;222568c7fbc9aa2ddb04adc83137908d52f2a4f99adb3a19ed0cd64c62f5ef4d;backend/src/main/resources/META-INF/resources/capas/tio-patinhas-abril-v1/143.jpg;
144;Tio Patinhas;Abril;1;https://www.guiadosquadrinhos.com/capas/tio-patinhas/tph0031;https://www.papersera.net/vilaxurupita/tp/tp126_150.htm;https://www.papersera.net/vilaxurupita/tp/br_tp_0144a.gif;200;image/gif;204;331;41387;d651fb00531a95bba920a89ed1fd76d8fec8dfe4c42723ced6c348373a3901d8;image/jpeg;56916;80264cfb450fe04ccbaa11483d5cb5ea7cb274c5e0c1b47353c0289c994d015b;backend/src/main/resources/META-INF/resources/capas/tio-patinhas-abril-v1/144.jpg;
145;Tio Patinhas;Abril;1;https://www.guiadosquadrinhos.com/capas/tio-patinhas/tph0031;https://www.papersera.net/vilaxurupita/tp/tp126_150.htm;https://www.papersera.net/vilaxurupita/tp/br_tp_0145a.gif;200;image/gif;204;331;33539;6148bcd6c99af06b6291cb8ffdc71a9b6646e9ef4e9ae7a54641ed08ae57fb87;image/jpeg;56149;843e1f22e43f73d3db8c9c69bea761125587bb034613e9689daf04f1e9cdfb7b;backend/src/main/resources/META-INF/resources/capas/tio-patinhas-abril-v1/145.jpg;
146;Tio Patinhas;Abril;1;https://www.guiadosquadrinhos.com/capas/tio-patinhas/tph0031;https://www.papersera.net/vilaxurupita/tp/tp126_150.htm;https://www.papersera.net/vilaxurupita/tp/br_tp_0146a.gif;200;image/gif;204;331;27860;4fb4d5d385cad51e829c6e9937190d48fe30e6bc083ada577c6ed5cbf4c6397a;image/jpeg;48325;e5883648db1babfe3b2c9276be8f52ff1ad080f3726194d49a7d539fb9130b05;backend/src/main/resources/META-INF/resources/capas/tio-patinhas-abril-v1/146.jpg;
147;Tio Patinhas;Abril;1;https://www.guiadosquadrinhos.com/capas/tio-patinhas/tph0031;https://www.papersera.net/vilaxurupita/tp/tp126_150.htm;https://www.papersera.net/vilaxurupita/tp/br_tp_0147a.gif;200;image/gif;204;331;30252;42639bd30b7bed2affd6ba0e6a0d5ffdf38222eb8ba3d9f0edcdc3f152ea2894;image/jpeg;48605;9941dbe5da6a8651ce592339c8b38f8e3c2441f0ad72e93501a71475e96527d6;backend/src/main/resources/META-INF/resources/capas/tio-patinhas-abril-v1/147.jpg;
148;Tio Patinhas;Abril;1;https://www.guiadosquadrinhos.com/capas/tio-patinhas/tph0031;https://www.papersera.net/vilaxurupita/tp/tp126_150.htm;https://www.papersera.net/vilaxurupita/tp/br_tp_0148a.gif;200;image/gif;204;331;26486;7d11d9f7180ad778c532989c5241baedeba7f3a7c2ede9f179c4bb4cd20a80b3;image/jpeg;47085;70f3299ea7860f515e6d9133ecd3c987a1f20111bf3a9c6a7272410977df9f55;backend/src/main/resources/META-INF/resources/capas/tio-patinhas-abril-v1/148.jpg;
149;Tio Patinhas;Abril;1;https://www.guiadosquadrinhos.com/capas/tio-patinhas/tph0031;https://www.papersera.net/vilaxurupita/tp/tp126_150.htm;https://www.papersera.net/vilaxurupita/tp/br_tp_0149a.gif;200;image/gif;204;331;27218;9a4cb776bfa7836071d888bb90dda3b57bbe888572dc9f1738a866315c1c6767;image/jpeg;42760;fd96cf74603bf7dcd8e009bf07d8563b8339da53446b8f25ca43d541b76bcd8f;backend/src/main/resources/META-INF/resources/capas/tio-patinhas-abril-v1/149.jpg;
150;Tio Patinhas;Abril;1;https://www.guiadosquadrinhos.com/capas/tio-patinhas/tph0031;https://www.papersera.net/vilaxurupita/tp/tp126_150.htm;https://www.papersera.net/vilaxurupita/tp/br_tp_0150a.gif;200;image/gif;204;331;21188;d6e287bbf5e91068eb360f29a3fbb2dfc69943868ebb93e8bc6817e0b803d554;image/jpeg;38532;a3e1d32b96b7f301b9258e47bc12f09b87ba56f10b042a070c31e8b65627fe53;backend/src/main/resources/META-INF/resources/capas/tio-patinhas-abril-v1/150.jpg;
151;Tio Patinhas;Abril;1;https://www.guiadosquadrinhos.com/capas/tio-patinhas/tph0031;https://www.papersera.net/vilaxurupita/tp/tp151_175.htm;https://www.papersera.net/vilaxurupita/tp/br_tp_0151a.gif;200;image/gif;204;331;22312;85217e75ab2970ebf97e40a653e752dfefca418065aabfbc35bbd7d50f57801d;image/jpeg;46068;9bb9d0280ae23e637ef752469352d39f40a719f163e45021a052ad8ec8469fa3;backend/src/main/resources/META-INF/resources/capas/tio-patinhas-abril-v1/151.jpg;
152;Tio Patinhas;Abril;1;https://www.guiadosquadrinhos.com/capas/tio-patinhas/tph0031;https://www.papersera.net/vilaxurupita/tp/tp151_175.htm;https://www.papersera.net/vilaxurupita/tp/br_tp_0152a.gif;200;image/gif;204;331;28680;34a99cc125b60da68ded84f746475985d5642d967d07beffdebd27939e42f039;image/jpeg;53259;507d30ac26e319b3d2e6b017997d6cfa42d8f427f597a8c526d66b02f75c7232;backend/src/main/resources/META-INF/resources/capas/tio-patinhas-abril-v1/152.jpg;
153;Tio Patinhas;Abril;1;https://www.guiadosquadrinhos.com/capas/tio-patinhas/tph0031;https://www.papersera.net/vilaxurupita/tp/tp151_175.htm;https://www.papersera.net/vilaxurupita/tp/br_tp_0153a.gif;200;image/gif;204;331;29798;7fc83b7528dce3a37f61da37451af770c258d253661d77aa13210da181ab3ad3;image/jpeg;47465;0eb9f5c08d5fa5483129c8662c9dbad88ba36aba918850187ac0d35b63ba92d6;backend/src/main/resources/META-INF/resources/capas/tio-patinhas-abril-v1/153.jpg;
154;Tio Patinhas;Abril;1;https://www.guiadosquadrinhos.com/capas/tio-patinhas/tph0031;https://www.papersera.net/vilaxurupita/tp/tp151_175.htm;https://www.papersera.net/vilaxurupita/tp/br_tp_0154a.gif;200;image/gif;204;331;26560;e0dac8326fcedc0591abb0fa2b585c1c32f2543231e2aea242b2e5ddf3100eec;image/jpeg;49958;5a8bb33a809384cfac9c46c63a4d73766c1824d02307a08c5dee7529d5947ccf;backend/src/main/resources/META-INF/resources/capas/tio-patinhas-abril-v1/154.jpg;
155;Tio Patinhas;Abril;1;https://www.guiadosquadrinhos.com/capas/tio-patinhas/tph0031;https://www.papersera.net/vilaxurupita/tp/tp151_175.htm;https://www.papersera.net/vilaxurupita/tp/br_tp_0155a.gif;200;image/gif;204;331;32627;e479b3d1cc09359c9acbd4ca02f322bdc52eaf34869f8a4ea73a969348fc2211;image/jpeg;56841;6ffe8831012ad981e589056d6694754d17509e385da1197bf7375c2ff990b8dc;backend/src/main/resources/META-INF/resources/capas/tio-patinhas-abril-v1/155.jpg;
156;Tio Patinhas;Abril;1;https://www.guiadosquadrinhos.com/capas/tio-patinhas/tph0031;https://www.papersera.net/vilaxurupita/tp/tp151_175.htm;https://www.papersera.net/vilaxurupita/tp/br_tp_0156a.gif;200;image/gif;204;331;31155;10961444579a7d9e4a68e4e5ef01c677f4a41b56dd787cbeb915c4bb09b988e5;image/jpeg;53393;945f39c6abf068ec4943c6e4012db5d8096ef75a7667c3a5ce869cbb291a59db;backend/src/main/resources/META-INF/resources/capas/tio-patinhas-abril-v1/156.jpg;
157;Tio Patinhas;Abril;1;https://www.guiadosquadrinhos.com/capas/tio-patinhas/tph0031;https://www.papersera.net/vilaxurupita/tp/tp151_175.htm;https://www.papersera.net/vilaxurupita/tp/br_tp_0157a.gif;200;image/gif;204;331;35461;25d2a6e1e4eda22b6af407730fa41d4f6b04f0f681ea6eca95e87aabcd52e1de;image/jpeg;58549;1e9b2c5c8d020b512382e529000d17ea1ff8c7342408d76d843632fbab5a9d1e;backend/src/main/resources/META-INF/resources/capas/tio-patinhas-abril-v1/157.jpg;
158;Tio Patinhas;Abril;1;https://www.guiadosquadrinhos.com/capas/tio-patinhas/tph0031;https://www.papersera.net/vilaxurupita/tp/tp151_175.htm;https://www.papersera.net/vilaxurupita/tp/br_tp_0158a.gif;200;image/gif;204;331;43150;babb619791fb9f958beb57c542ae62366c7939677f5987a4715d1a1fc0f4403b;image/jpeg;54843;7416185895ba065eec1f37e90bcd149fe080f69cd43d3742a0b2680b32b8dc23;backend/src/main/resources/META-INF/resources/capas/tio-patinhas-abril-v1/158.jpg;
159;Tio Patinhas;Abril;1;https://www.guiadosquadrinhos.com/capas/tio-patinhas/tph0031;https://www.papersera.net/vilaxurupita/tp/tp151_175.htm;https://www.papersera.net/vilaxurupita/tp/br_tp_0159a.gif;200;image/gif;204;331;24343;b5ef64a05b136a7c44461497c2c38ed4ef696e1cde80303d19c304f3ce8a1617;image/jpeg;42219;55969751f65c7b49d12ef3332ef496cbe35c537f16a5a0af2a8d0abdd77f88fd;backend/src/main/resources/META-INF/resources/capas/tio-patinhas-abril-v1/159.jpg;
160;Tio Patinhas;Abril;1;https://www.guiadosquadrinhos.com/capas/tio-patinhas/tph0031;https://www.papersera.net/vilaxurupita/tp/tp151_175.htm;https://www.papersera.net/vilaxurupita/tp/br_tp_0160a.gif;200;image/gif;204;331;30228;887f99a3f881bd2a78fc3b8909a0fbf0965110d1133bea99432653824393fca8;image/jpeg;51275;055557e0fc05ab698ee5afc3835b697d6e82af4de28533a7ff4d6df8e3f36c91;backend/src/main/resources/META-INF/resources/capas/tio-patinhas-abril-v1/160.jpg;
161;Tio Patinhas;Abril;1;https://www.guiadosquadrinhos.com/capas/tio-patinhas/tph0031;https://www.papersera.net/vilaxurupita/tp/tp151_175.htm;https://www.papersera.net/vilaxurupita/tp/br_tp_0161a.gif;200;image/gif;204;331;26665;e55c8010b2d8b35e519a7e77d15bba0a9f89d1aa2c0b554b59653a01f27eccb9;image/jpeg;44245;599339e7baf7f3f2bde896752d71c3ff553f227f71e4660101c78968e586cec5;backend/src/main/resources/META-INF/resources/capas/tio-patinhas-abril-v1/161.jpg;
162;Tio Patinhas;Abril;1;https://www.guiadosquadrinhos.com/capas/tio-patinhas/tph0031;https://www.papersera.net/vilaxurupita/tp/tp151_175.htm;https://www.papersera.net/vilaxurupita/tp/br_tp_0162a.gif;200;image/gif;204;331;28138;4ef3f264b285667e96ac1dbd3f146f742e83be710369d60face3f771128e512d;image/jpeg;49951;d1390ba811c5c4c7b5c3f3ba6ad982b999e2dcc158a130022c7999986f172c53;backend/src/main/resources/META-INF/resources/capas/tio-patinhas-abril-v1/162.jpg;
163;Tio Patinhas;Abril;1;https://www.guiadosquadrinhos.com/capas/tio-patinhas/tph0031;https://www.papersera.net/vilaxurupita/tp/tp151_175.htm;https://www.papersera.net/vilaxurupita/tp/br_tp_0163a.gif;200;image/gif;204;331;27523;8c739a121dc9231504ecb8437bfe9a10a86eb839fe0926a6c62af5ba01e6f114;image/jpeg;54476;49532668b91c771f89dc431bf7ca4ae07b516eb5fdd6daaa0a5b7bc635079e7b;backend/src/main/resources/META-INF/resources/capas/tio-patinhas-abril-v1/163.jpg;
164;Tio Patinhas;Abril;1;https://www.guiadosquadrinhos.com/capas/tio-patinhas/tph0031;https://www.papersera.net/vilaxurupita/tp/tp151_175.htm;https://www.papersera.net/vilaxurupita/tp/br_tp_0164a.gif;200;image/gif;204;331;29898;d5edec989ec0a7e79d4ad2419e3c7f083a225318d2d2576abdc8a1f7a3b6278d;image/jpeg;53923;11c06d68543a15d087a683c2d1262585dab8617e063796159f4155f0930d6894;backend/src/main/resources/META-INF/resources/capas/tio-patinhas-abril-v1/164.jpg;
165;Tio Patinhas;Abril;1;https://www.guiadosquadrinhos.com/capas/tio-patinhas/tph0031;https://www.papersera.net/vilaxurupita/tp/tp151_175.htm;https://www.papersera.net/vilaxurupita/tp/br_tp_0165a.gif;200;image/gif;204;331;31934;7e5eb73a9758cbc1fd3d795f4ea0fd2d82525b803c0ddead288eeb06299369f4;image/jpeg;54542;aca6dd5fe753ce8047c59af970b482108f488b40ecbc0ed8ec0df670ef1d781f;backend/src/main/resources/META-INF/resources/capas/tio-patinhas-abril-v1/165.jpg;
166;Tio Patinhas;Abril;1;https://www.guiadosquadrinhos.com/capas/tio-patinhas/tph0031;https://www.papersera.net/vilaxurupita/tp/tp151_175.htm;https://www.papersera.net/vilaxurupita/tp/br_tp_0166a.gif;200;image/gif;204;331;31437;323ea5084c43ee18d63d9e1a5bdf0c09d0fdf61b96c751f1dd031e240c0e0dde;image/jpeg;56636;d734c0feaa3f5d6c2a80608a55aee9f3b0eee7baf14ccdd0f5f151c43430621a;backend/src/main/resources/META-INF/resources/capas/tio-patinhas-abril-v1/166.jpg;
167;Tio Patinhas;Abril;1;https://www.guiadosquadrinhos.com/capas/tio-patinhas/tph0031;https://www.papersera.net/vilaxurupita/tp/tp151_175.htm;https://www.papersera.net/vilaxurupita/tp/br_tp_0167a.gif;200;image/gif;204;331;28536;b29f1b03ac5e82928c7a7166360a0b54ef21caf836cc699b7ddb294a84ab25b9;image/jpeg;49678;262d4da469ce6512fdf447d7ffa15711383f963220f08cdf6e30653ba51c755c;backend/src/main/resources/META-INF/resources/capas/tio-patinhas-abril-v1/167.jpg;
168;Tio Patinhas;Abril;1;https://www.guiadosquadrinhos.com/capas/tio-patinhas/tph0031;https://www.papersera.net/vilaxurupita/tp/tp151_175.htm;https://www.papersera.net/vilaxurupita/tp/br_tp_0168a.gif;200;image/gif;204;331;29941;423e97c7c6cd6d40ecf43519b3965ee86e6ac5a63382fc1ec908cf3f9f4cf1df;image/jpeg;51257;13eaa477fb705e2479f40bde7d14ec617639d5cb3fa3190fc02080384a7c0dd0;backend/src/main/resources/META-INF/resources/capas/tio-patinhas-abril-v1/168.jpg;
169;Tio Patinhas;Abril;1;https://www.guiadosquadrinhos.com/capas/tio-patinhas/tph0031;https://www.papersera.net/vilaxurupita/tp/tp151_175.htm;https://www.papersera.net/vilaxurupita/tp/br_tp_0169a.gif;200;image/gif;204;331;32081;2ae532a95ce114b1d67eaa54b5d490381f370207b3ca948b768d339aeae93df1;image/jpeg;52822;0795474db80fd1c91c95a8c451e4d13f82a00b0e51da3b4a0344b75debc1a4ba;backend/src/main/resources/META-INF/resources/capas/tio-patinhas-abril-v1/169.jpg;
170;Tio Patinhas;Abril;1;https://www.guiadosquadrinhos.com/capas/tio-patinhas/tph0031;https://www.papersera.net/vilaxurupita/tp/tp151_175.htm;https://www.papersera.net/vilaxurupita/tp/br_tp_0170a.gif;200;image/gif;204;331;34260;0dd0b0e40090d8c4be3e0afc084598105ac2556da033c25bc9b87ef611bda7d8;image/jpeg;54623;dd279415e4390184a73e24adcec49e3c22fcbf6458b352ab08606b83d49a9fa3;backend/src/main/resources/META-INF/resources/capas/tio-patinhas-abril-v1/170.jpg;
171;Tio Patinhas;Abril;1;https://www.guiadosquadrinhos.com/capas/tio-patinhas/tph0031;https://www.papersera.net/vilaxurupita/tp/tp151_175.htm;https://www.papersera.net/vilaxurupita/tp/br_tp_0171a.gif;200;image/gif;204;331;29011;ee236f7ffd9cc177005ffdef35ccfa061864ffb3204fe2066649955889534465;image/jpeg;49227;c43ff5280b7885556c5bd55e02fc37675236f333926364f3d85bb04d8a0a07a6;backend/src/main/resources/META-INF/resources/capas/tio-patinhas-abril-v1/171.jpg;
172;Tio Patinhas;Abril;1;https://www.guiadosquadrinhos.com/capas/tio-patinhas/tph0031;https://www.papersera.net/vilaxurupita/tp/tp151_175.htm;https://www.papersera.net/vilaxurupita/tp/br_tp_0172a.gif;200;image/gif;204;331;39318;4aeb8a993944fd498397c6845c5362ef577e734ed103057cb20193fe6c1330ce;image/jpeg;56050;d6341864d90ee23a67746aae69e19bf19c16cc3ae18856c14a14c542fcf3dcca;backend/src/main/resources/META-INF/resources/capas/tio-patinhas-abril-v1/172.jpg;
173;Tio Patinhas;Abril;1;https://www.guiadosquadrinhos.com/capas/tio-patinhas/tph0031;https://www.papersera.net/vilaxurupita/tp/tp151_175.htm;https://www.papersera.net/vilaxurupita/tp/br_tp_0173a.gif;200;image/gif;204;331;41775;ec706600ace8d099a2381ec4ca5f8225754b0353318797e472fa230ef6110930;image/jpeg;56413;ed630eab60a7a9ad6d893fdc629ec3b217cfdd8a2456dbd3fe35d9a1c8e6091e;backend/src/main/resources/META-INF/resources/capas/tio-patinhas-abril-v1/173.jpg;
174;Tio Patinhas;Abril;1;https://www.guiadosquadrinhos.com/capas/tio-patinhas/tph0031;https://www.papersera.net/vilaxurupita/tp/tp151_175.htm;https://www.papersera.net/vilaxurupita/tp/br_tp_0174a.gif;200;image/gif;204;331;36363;f6203ddab562aa4ea03375db1d01ad4b82204adc02cb93772bf28f3fb73b2ce7;image/jpeg;61222;acfdbe5c1f2863cce7a727aafc36a7968a2192cb03cf8079008fa2b54f034a6f;backend/src/main/resources/META-INF/resources/capas/tio-patinhas-abril-v1/174.jpg;
175;Tio Patinhas;Abril;1;https://www.guiadosquadrinhos.com/capas/tio-patinhas/tph0031;https://www.papersera.net/vilaxurupita/tp/tp151_175.htm;https://www.papersera.net/vilaxurupita/tp/br_tp_0175a.gif;200;image/gif;204;312;31994;c1ee10389b03ab254052c6a2315c8ab8a7fb840bd167ecb286ce4cef5c9061dc;image/jpeg;54093;4bf9e40d0eb03055ed1d6226ed1f34564f68d3a1a36ac58ce2a6c40c16804eda;backend/src/main/resources/META-INF/resources/capas/tio-patinhas-abril-v1/175.jpg;
176;Tio Patinhas;Abril;1;https://www.guiadosquadrinhos.com/capas/tio-patinhas/tph0031;https://www.papersera.net/vilaxurupita/tp/tp176_200.htm;https://www.papersera.net/vilaxurupita/tp/br_tp_0176a.gif;200;image/gif;204;312;28195;bd31039c67ebfb65b3b2328e4afd71b11aa3c9bcb47c57f729f261ba1498f2cf;image/jpeg;49527;241a87edc183275a9ac200e9de23856e92f82c259bd49722885536c856328740;backend/src/main/resources/META-INF/resources/capas/tio-patinhas-abril-v1/176.jpg;
177;Tio Patinhas;Abril;1;https://www.guiadosquadrinhos.com/capas/tio-patinhas/tph0031;https://www.papersera.net/vilaxurupita/tp/tp176_200.htm;https://www.papersera.net/vilaxurupita/tp/br_tp_0177a.gif;200;image/gif;204;312;25977;1905407c7a08f6003d2ab312b69a939c2c3fb72865f54dc0afdacab398a46fb7;image/jpeg;45781;5b9be4e5a8295688b9e3218294982bf38ff08a560c65be7571fe52c798d2c7e9;backend/src/main/resources/META-INF/resources/capas/tio-patinhas-abril-v1/177.jpg;
178;Tio Patinhas;Abril;1;https://www.guiadosquadrinhos.com/capas/tio-patinhas/tph0031;https://www.papersera.net/vilaxurupita/tp/tp176_200.htm;https://www.papersera.net/vilaxurupita/tp/br_tp_0178a.gif;200;image/gif;204;312;35517;a48b5aea0502e7084de9c4a183662dfd9df46dc7ca92c31ff2f0471e5ea9044d;image/jpeg;52081;7b0784d103f1c257251671d39385a8ca5c40390ec1bf941f3945aaad335c38e2;backend/src/main/resources/META-INF/resources/capas/tio-patinhas-abril-v1/178.jpg;
179;Tio Patinhas;Abril;1;https://www.guiadosquadrinhos.com/capas/tio-patinhas/tph0031;https://www.papersera.net/vilaxurupita/tp/tp176_200.htm;https://www.papersera.net/vilaxurupita/tp/br_tp_0179a.gif;200;image/gif;204;312;34365;9b4004c504acd041e048d4428ae6e50b0ada9fb978f722408dce5993e1f01738;image/jpeg;51687;75b621ef8b436d8bdaa0682b06a65c3b910d6d244ecea58b43b437bde2838f1f;backend/src/main/resources/META-INF/resources/capas/tio-patinhas-abril-v1/179.jpg;
180;Tio Patinhas;Abril;1;https://www.guiadosquadrinhos.com/capas/tio-patinhas/tph0031;https://www.papersera.net/vilaxurupita/tp/tp176_200.htm;https://www.papersera.net/vilaxurupita/tp/br_tp_0180a.gif;200;image/gif;204;312;29271;e21f6af5f99c0d5f0e79cf7b8dba2b215ec0e38500550b896d387f22e75fd9b7;image/jpeg;46869;fbb8521b5020f2332db9791bbf4d5e9abceb71ab956a8f039dace73c85e53eab;backend/src/main/resources/META-INF/resources/capas/tio-patinhas-abril-v1/180.jpg;
181;Tio Patinhas;Abril;1;https://www.guiadosquadrinhos.com/capas/tio-patinhas/tph0031;https://www.papersera.net/vilaxurupita/tp/tp176_200.htm;https://www.papersera.net/vilaxurupita/tp/br_tp_0181a.gif;200;image/gif;204;312;29122;13aa49fe9f4dad4e85b74e8cb93a266e6709cd5378f4783bf0c004612271377a;image/jpeg;49458;2075d7319cd2381ef85394668bfb0d7aaa9ed4ecf2b1faaa7e08da4e11974bfb;backend/src/main/resources/META-INF/resources/capas/tio-patinhas-abril-v1/181.jpg;
182;Tio Patinhas;Abril;1;https://www.guiadosquadrinhos.com/capas/tio-patinhas/tph0031;https://www.papersera.net/vilaxurupita/tp/tp176_200.htm;https://www.papersera.net/vilaxurupita/tp/br_tp_0182a.gif;200;image/gif;204;312;33552;b37d155203c22ae5ac24908b386dfc9678e73ff5d718d2c39174f17da4123a97;image/jpeg;49220;d32a103bc4ff22cebc100250c70296984b475dc4fb0caffef0e2c2f48605412b;backend/src/main/resources/META-INF/resources/capas/tio-patinhas-abril-v1/182.jpg;
183;Tio Patinhas;Abril;1;https://www.guiadosquadrinhos.com/capas/tio-patinhas/tph0031;https://www.papersera.net/vilaxurupita/tp/tp176_200.htm;https://www.papersera.net/vilaxurupita/tp/br_tp_0183a.gif;200;image/gif;204;312;21178;c938e8c9e0d98921b460f68cc7beff506326bebbeaf0c5d0f7670573fd0cd818;image/jpeg;45275;fc5e3cda6674511f1926bfdc6fa173483864afc5df89bda9efbd037e089fc23f;backend/src/main/resources/META-INF/resources/capas/tio-patinhas-abril-v1/183.jpg;
184;Tio Patinhas;Abril;1;https://www.guiadosquadrinhos.com/capas/tio-patinhas/tph0031;https://www.papersera.net/vilaxurupita/tp/tp176_200.htm;https://www.papersera.net/vilaxurupita/tp/br_tp_0184a.gif;200;image/gif;204;312;27403;24f3e7631b278ca0d99e73e03b8a25daacff0314ed6a76c63bbeb201e2ede50b;image/jpeg;48312;77ce73f3a42174ee5c6be001f151a9f4a139dbbfadc41df75ae7432ff4f7f473;backend/src/main/resources/META-INF/resources/capas/tio-patinhas-abril-v1/184.jpg;
185;Tio Patinhas;Abril;1;https://www.guiadosquadrinhos.com/capas/tio-patinhas/tph0031;https://www.papersera.net/vilaxurupita/tp/tp176_200.htm;https://www.papersera.net/vilaxurupita/tp/br_tp_0185a.gif;200;image/gif;204;312;32138;a8e87fd4438034f7bfa7f84fb32556201e83e4651403c2d66e6e8cbc82c2706c;image/jpeg;51768;2a022d7f553835b75830c0844fe4ddae254eb74b6563d98a405a64c0a9d52205;backend/src/main/resources/META-INF/resources/capas/tio-patinhas-abril-v1/185.jpg;
186;Tio Patinhas;Abril;1;https://www.guiadosquadrinhos.com/capas/tio-patinhas/tph0031;https://www.papersera.net/vilaxurupita/tp/tp176_200.htm;https://www.papersera.net/vilaxurupita/tp/br_tp_0186a.gif;200;image/gif;204;312;22216;acbcd4816c0974be346a03518e63d2935971e850ae5e6c3aa05bf84116e8f28e;image/jpeg;42174;f8f1203ef3766841d1da6db625fca4f1a748220abbf4f85c8d137449b36237b3;backend/src/main/resources/META-INF/resources/capas/tio-patinhas-abril-v1/186.jpg;
187;Tio Patinhas;Abril;1;https://www.guiadosquadrinhos.com/capas/tio-patinhas/tph0031;https://www.papersera.net/vilaxurupita/tp/tp176_200.htm;https://www.papersera.net/vilaxurupita/tp/br_tp_0187a.gif;200;image/gif;204;312;24681;ce9d2786fd4a451c83bcce662371d735ed76b8c03da31c4e9d39193f6e671068;image/jpeg;48296;c2d3bc379c1ffccf799892e7aa06ac9d3368c0c1c0686b30ac1b099a6b107877;backend/src/main/resources/META-INF/resources/capas/tio-patinhas-abril-v1/187.jpg;
188;Tio Patinhas;Abril;1;https://www.guiadosquadrinhos.com/capas/tio-patinhas/tph0031;https://www.papersera.net/vilaxurupita/tp/tp176_200.htm;https://www.papersera.net/vilaxurupita/tp/br_tp_0188a.gif;200;image/gif;204;312;26134;354007ff515506d48888fca5b4351639c6ab0048728d2afcaed17e0c5d5e9468;image/jpeg;48069;38ec37a5157d56dddff6fdb1cbf4ab8914624cd9dd3e05ee889d311e735f112e;backend/src/main/resources/META-INF/resources/capas/tio-patinhas-abril-v1/188.jpg;
189;Tio Patinhas;Abril;1;https://www.guiadosquadrinhos.com/capas/tio-patinhas/tph0031;https://www.papersera.net/vilaxurupita/tp/tp176_200.htm;https://www.papersera.net/vilaxurupita/tp/br_tp_0189a.gif;200;image/gif;204;312;27230;98cd87ec5b704a7d3a2e5964e7d9a03b7ad81a60dca058de58352f3ef717367e;image/jpeg;48043;e625e0004e8185aecc4a38cb6c55d2fe64b19188d4b868362a476648afb7b758;backend/src/main/resources/META-INF/resources/capas/tio-patinhas-abril-v1/189.jpg;
190;Tio Patinhas;Abril;1;https://www.guiadosquadrinhos.com/capas/tio-patinhas/tph0031;https://www.papersera.net/vilaxurupita/tp/tp176_200.htm;https://www.papersera.net/vilaxurupita/tp/br_tp_0190a.gif;200;image/gif;204;312;25927;b0a6169837e8036fed0bb56205915150e4b15c45e96d02773a2e2123b5911eb0;image/jpeg;47694;592d2e48fcb7ff1c3fded9ff7ec9eac80bb6675b9c72992ec42c15f9981f902a;backend/src/main/resources/META-INF/resources/capas/tio-patinhas-abril-v1/190.jpg;
191;Tio Patinhas;Abril;1;https://www.guiadosquadrinhos.com/capas/tio-patinhas/tph0031;https://www.papersera.net/vilaxurupita/tp/tp176_200.htm;https://www.papersera.net/vilaxurupita/tp/br_tp_0191a.gif;200;image/gif;204;312;32296;5c85d7e6319ea74930a8aa92a1ba3b54d08b1d917e4f1355ad5970a48ef5712a;image/jpeg;54007;6a94122056b5c499a1a683b12a0a2b404b075d85f312695f64e556c3940f4807;backend/src/main/resources/META-INF/resources/capas/tio-patinhas-abril-v1/191.jpg;
192;Tio Patinhas;Abril;1;https://www.guiadosquadrinhos.com/capas/tio-patinhas/tph0031;https://www.papersera.net/vilaxurupita/tp/tp176_200.htm;https://www.papersera.net/vilaxurupita/tp/br_tp_0192a.gif;200;image/gif;204;312;24453;8537f08dffb520884b9047d36bdeb7b922d47b771609464ce527cd3865e4d3b7;image/jpeg;46290;34db4ee454823a71a70544920f904cc0b739c4c86ffa754338ba69302bbeced4;backend/src/main/resources/META-INF/resources/capas/tio-patinhas-abril-v1/192.jpg;
193;Tio Patinhas;Abril;1;https://www.guiadosquadrinhos.com/capas/tio-patinhas/tph0031;https://www.papersera.net/vilaxurupita/tp/tp176_200.htm;https://www.papersera.net/vilaxurupita/tp/br_tp_0193a.gif;200;image/gif;204;312;30082;df3eda18160b2b94c17edb32aedd4c6cb2decc2e7b0911f017952678e75bf638;image/jpeg;51156;33b8b95171c9342454e264ea56195271c88bc383864104c606007b94d6f72676;backend/src/main/resources/META-INF/resources/capas/tio-patinhas-abril-v1/193.jpg;
194;Tio Patinhas;Abril;1;https://www.guiadosquadrinhos.com/capas/tio-patinhas/tph0031;https://www.papersera.net/vilaxurupita/tp/tp176_200.htm;https://www.papersera.net/vilaxurupita/tp/br_tp_0194a.gif;200;image/gif;204;312;34999;48ac9a7cafcb0408510cb87e782c2aa47b76b6ebc9e4ee8a98044ea4c5b7c722;image/jpeg;53004;5029517be12ee06b6991ed85847c5f0547cb8bd66962a13fced5324ff1ed8f1b;backend/src/main/resources/META-INF/resources/capas/tio-patinhas-abril-v1/194.jpg;
195;Tio Patinhas;Abril;1;https://www.guiadosquadrinhos.com/capas/tio-patinhas/tph0031;https://www.papersera.net/vilaxurupita/tp/tp176_200.htm;https://www.papersera.net/vilaxurupita/tp/br_tp_0195a.gif;200;image/gif;204;312;31555;169b113b72c04d3d658232ea475bc0e4be7393fca03e632258bea8e85fccd5de;image/jpeg;55009;9568cfc40ca9c0eb24f559a605212a6de775ba524849c61a924999db67baa6ef;backend/src/main/resources/META-INF/resources/capas/tio-patinhas-abril-v1/195.jpg;
196;Tio Patinhas;Abril;1;https://www.guiadosquadrinhos.com/capas/tio-patinhas/tph0031;https://www.papersera.net/vilaxurupita/tp/tp176_200.htm;https://www.papersera.net/vilaxurupita/tp/br_tp_0196a.gif;200;image/gif;204;312;24591;f2bc71a57c6dbdcbc8f0179c689b0513f363001ccbb8642c4178e1b8acf0fc28;image/jpeg;44943;28585b18811f92c7700e14a7c0a729307fc90d196ddfebab4a0ee1434d06b023;backend/src/main/resources/META-INF/resources/capas/tio-patinhas-abril-v1/196.jpg;
197;Tio Patinhas;Abril;1;https://www.guiadosquadrinhos.com/capas/tio-patinhas/tph0031;https://www.papersera.net/vilaxurupita/tp/tp176_200.htm;https://www.papersera.net/vilaxurupita/tp/br_tp_0197a.gif;200;image/gif;204;312;21429;4d72a737fcc70327883dafa42c26d99d848b426a2fd9fbf326a2655712aa45b5;image/jpeg;43059;9bd024c1bc3d8c064f7bc19f54102beb7a19c7ccd0eaf3d0ff772e067ed29999;backend/src/main/resources/META-INF/resources/capas/tio-patinhas-abril-v1/197.jpg;
198;Tio Patinhas;Abril;1;https://www.guiadosquadrinhos.com/capas/tio-patinhas/tph0031;https://www.papersera.net/vilaxurupita/tp/tp176_200.htm;https://www.papersera.net/vilaxurupita/tp/br_tp_0198a.gif;200;image/gif;204;312;23437;fb4d00c694f9adc69afea81272c77c31000855e86f9ab0af655e8685123ddfb7;image/jpeg;44682;654ab8c0ee4fd26951c200cafbdd05f7d248f5022c8061e9fbbec1ef809a563d;backend/src/main/resources/META-INF/resources/capas/tio-patinhas-abril-v1/198.jpg;
199;Tio Patinhas;Abril;1;https://www.guiadosquadrinhos.com/capas/tio-patinhas/tph0031;https://www.papersera.net/vilaxurupita/tp/tp176_200.htm;https://www.papersera.net/vilaxurupita/tp/br_tp_0199a.gif;200;image/gif;204;312;30034;f7e94f0ac60041e8c03f8aba6efa9a0aeb3cada9f06b7b14cdcf5e49324818fe;image/jpeg;48039;efb3928345539ddcc180695d7afea172624707fbf8e28f2f0a5df9ce8304aea8;backend/src/main/resources/META-INF/resources/capas/tio-patinhas-abril-v1/199.jpg;
200;Tio Patinhas;Abril;1;https://www.guiadosquadrinhos.com/capas/tio-patinhas/tph0031;https://www.papersera.net/vilaxurupita/tp/tp176_200.htm;https://www.papersera.net/vilaxurupita/tp/br_tp_0200a.gif;200;image/gif;204;312;28790;d8313c61b5a3909f27db500ee49f72b1836289137c95798c0916de674558d602;image/jpeg;55218;8e209d47845b654fa385d5e962f5f93fe38ee44000a811f1b195798a5f8d3d0c;backend/src/main/resources/META-INF/resources/capas/tio-patinhas-abril-v1/200.jpg;
201;Tio Patinhas;Abril;1;https://www.guiadosquadrinhos.com/capas/tio-patinhas/tph0031;https://www.papersera.net/vilaxurupita/tp/tp201_225.htm;https://www.papersera.net/vilaxurupita/tp/br_tp_0201a.gif;200;image/gif;204;312;27215;234aed325f95e5bfd6e0718cec7e3b93a529cb7f48bc5e60c7e4d8fb583d60f8;image/jpeg;51047;045a831a3b102caec6837fa1c14016d1d125cd4babb44a313671467015bd0e77;backend/src/main/resources/META-INF/resources/capas/tio-patinhas-abril-v1/201.jpg;
202;Tio Patinhas;Abril;1;https://www.guiadosquadrinhos.com/capas/tio-patinhas/tph0031;https://www.papersera.net/vilaxurupita/tp/tp201_225.htm;https://www.papersera.net/vilaxurupita/tp/br_tp_0202a.gif;200;image/gif;204;312;28564;788fcd2ced937d2dac012b7b8f10ecf8faf45fa8070cfacc52d602631bcf22ad;image/jpeg;49544;254a04004f28b71199821354616dd7940879ae369348c53541a3c65e88ba298f;backend/src/main/resources/META-INF/resources/capas/tio-patinhas-abril-v1/202.jpg;
203;Tio Patinhas;Abril;1;https://www.guiadosquadrinhos.com/capas/tio-patinhas/tph0031;https://www.papersera.net/vilaxurupita/tp/tp201_225.htm;https://www.papersera.net/vilaxurupita/tp/br_tp_0203a.gif;200;image/gif;204;312;28698;b9987cb3459015a14e828438187390f478493532ef434829d118b2caea5e7f4d;image/jpeg;51288;43077e99e8268124b75a327f9bb0ae74dbae671ea601ed065ddec9ffd660a0df;backend/src/main/resources/META-INF/resources/capas/tio-patinhas-abril-v1/203.jpg;
204;Tio Patinhas;Abril;1;https://www.guiadosquadrinhos.com/capas/tio-patinhas/tph0031;https://www.papersera.net/vilaxurupita/tp/tp201_225.htm;https://www.papersera.net/vilaxurupita/tp/br_tp_0204a.gif;200;image/gif;204;312;29544;6cb8f1a429c322b7657ff34f42e5380bdd86b435a8ed9d92cef55d7c477088e6;image/jpeg;50636;db1b964dedd5eb8808e79bc3104d7ebf9d8ae48069b0d1a23d94920628618989;backend/src/main/resources/META-INF/resources/capas/tio-patinhas-abril-v1/204.jpg;
205;Tio Patinhas;Abril;1;https://www.guiadosquadrinhos.com/capas/tio-patinhas/tph0031;https://www.papersera.net/vilaxurupita/tp/tp201_225.htm;https://www.papersera.net/vilaxurupita/tp/br_tp_0205a.gif;200;image/gif;204;312;28883;b750f85d84ef49950a78952b5fd4365c32c318c31228000bb0ef84bf419e2a3f;image/jpeg;50916;96ab469186f03d5670a5944d205d73fd508e441978736225342ade255b6665cd;backend/src/main/resources/META-INF/resources/capas/tio-patinhas-abril-v1/205.jpg;
206;Tio Patinhas;Abril;1;https://www.guiadosquadrinhos.com/capas/tio-patinhas/tph0031;https://www.papersera.net/vilaxurupita/tp/tp201_225.htm;https://www.papersera.net/vilaxurupita/tp/br_tp_0206a.gif;200;image/gif;204;312;37759;2fbb7936ebcd188853abfa24416830324a74341973b9fa3b6a8f99b3b5296144;image/jpeg;56408;96fc3f770f473d2345fdc98a18e7f71a86def4e3c359ea2ed9f5fc0d79016c52;backend/src/main/resources/META-INF/resources/capas/tio-patinhas-abril-v1/206.jpg;
207;Tio Patinhas;Abril;1;https://www.guiadosquadrinhos.com/capas/tio-patinhas/tph0031;https://www.papersera.net/vilaxurupita/tp/tp201_225.htm;https://www.papersera.net/vilaxurupita/tp/br_tp_0207a.gif;200;image/gif;204;312;29187;3f9b5d15a4147a3a4695d1e5fd610ede882acef59ed66bd007e55670ae28a67b;image/jpeg;54843;090018cf959e35d9cb80108285d5ed3b779932e53443fea2fbc9c15a89d078b1;backend/src/main/resources/META-INF/resources/capas/tio-patinhas-abril-v1/207.jpg;
208;Tio Patinhas;Abril;1;https://www.guiadosquadrinhos.com/capas/tio-patinhas/tph0031;https://www.papersera.net/vilaxurupita/tp/tp201_225.htm;https://www.papersera.net/vilaxurupita/tp/br_tp_0208a.gif;200;image/gif;204;312;28863;0d5563397712b524037f3b8d378f471c22482a85c3466bf1481f7766c2fcc616;image/jpeg;52560;d0f30da8582fc0f33e837f24c056ecc9c4837f983c0fb8fafb086b7e9f92203c;backend/src/main/resources/META-INF/resources/capas/tio-patinhas-abril-v1/208.jpg;
209;Tio Patinhas;Abril;1;https://www.guiadosquadrinhos.com/capas/tio-patinhas/tph0031;https://www.papersera.net/vilaxurupita/tp/tp201_225.htm;https://www.papersera.net/vilaxurupita/tp/br_tp_0209a.gif;200;image/gif;204;312;28703;687118a31526fb6552e0a6d2c927cbc5280e5ae0314deb07f35162a8e9572981;image/jpeg;47975;187678c71833af95e80e117bdea8ae066a287fdde3e43c0c5e091bc89d512a2c;backend/src/main/resources/META-INF/resources/capas/tio-patinhas-abril-v1/209.jpg;
210;Tio Patinhas;Abril;1;https://www.guiadosquadrinhos.com/capas/tio-patinhas/tph0031;https://www.papersera.net/vilaxurupita/tp/tp201_225.htm;https://www.papersera.net/vilaxurupita/tp/br_tp_0210a.gif;200;image/gif;204;312;28143;58af25f2ade9aa0847097e7b02e43b28124c18029013958b8ceae9ca7fa75d8a;image/jpeg;50394;ec8997d4df852436700cc17726f589234aab03a7696c3b463d7ba5cf1ff268d3;backend/src/main/resources/META-INF/resources/capas/tio-patinhas-abril-v1/210.jpg;
211;Tio Patinhas;Abril;1;https://www.guiadosquadrinhos.com/capas/tio-patinhas/tph0031;https://www.papersera.net/vilaxurupita/tp/tp201_225.htm;https://www.papersera.net/vilaxurupita/tp/br_tp_0211a.gif;200;image/gif;204;312;25867;b1cad9d1f21b9efc454bfe2117a9b3cb28217c1921d8414737ec2f693af646db;image/jpeg;46369;871650861d7f4b02930fc44830f10da6b2cb5e1c1fbc644f83039aeecb784a3c;backend/src/main/resources/META-INF/resources/capas/tio-patinhas-abril-v1/211.jpg;
212;Tio Patinhas;Abril;1;https://www.guiadosquadrinhos.com/capas/tio-patinhas/tph0031;https://www.papersera.net/vilaxurupita/tp/tp201_225.htm;https://www.papersera.net/vilaxurupita/tp/br_tp_0212a.gif;200;image/gif;204;312;33560;6568652e51b9e3cc63afb7890cbd97a0f35a0bc7c76b6fe2e6085eb2e7f4f2b2;image/jpeg;56597;a5a0bdcaf93d56da37c3a5dd0088f06317a9946e237b292118c5db1809da428f;backend/src/main/resources/META-INF/resources/capas/tio-patinhas-abril-v1/212.jpg;
213;Tio Patinhas;Abril;1;https://www.guiadosquadrinhos.com/capas/tio-patinhas/tph0031;https://www.papersera.net/vilaxurupita/tp/tp201_225.htm;https://www.papersera.net/vilaxurupita/tp/br_tp_0213a.gif;200;image/gif;204;312;31037;72da8c0be19692b6264159ed5f66338dc496cbd9e3cdc15d36c89e7b1f1ac23b;image/jpeg;56073;f73e46ce7b03d1e1eadbc3bc9ee64ca1f78a0499cd6c64203cdc47e4f2098659;backend/src/main/resources/META-INF/resources/capas/tio-patinhas-abril-v1/213.jpg;
214;Tio Patinhas;Abril;1;https://www.guiadosquadrinhos.com/capas/tio-patinhas/tph0031;https://www.papersera.net/vilaxurupita/tp/tp201_225.htm;https://www.papersera.net/vilaxurupita/tp/br_tp_0214a.gif;200;image/gif;204;312;26153;ea17007be4bf64de7dd2fbc660927e947ef647a6736157a78db09435a7b78672;image/jpeg;46201;17a9a69d3965e6831b59035110b4c354e4c5b576828723a263e7c43dad12d4d4;backend/src/main/resources/META-INF/resources/capas/tio-patinhas-abril-v1/214.jpg;
215;Tio Patinhas;Abril;1;https://www.guiadosquadrinhos.com/capas/tio-patinhas/tph0031;https://www.papersera.net/vilaxurupita/tp/tp201_225.htm;https://www.papersera.net/vilaxurupita/tp/br_tp_0215a.gif;200;image/gif;204;312;30229;2f3d0b4e4246ac5f5de3fbeeec7b94061690584070818f63d07842f17d1048dc;image/jpeg;54133;1735b11bd7c695afd4915d1a701818c69c7f177c88767d8b29497636bad35627;backend/src/main/resources/META-INF/resources/capas/tio-patinhas-abril-v1/215.jpg;
216;Tio Patinhas;Abril;1;https://www.guiadosquadrinhos.com/capas/tio-patinhas/tph0031;https://www.papersera.net/vilaxurupita/tp/tp201_225.htm;https://www.papersera.net/vilaxurupita/tp/br_tp_0216a.gif;200;image/gif;204;312;24504;bb7ad6b61b8f28122dbc788c5bc31bd30591bd6029eaf352743ad6751688460c;image/jpeg;47096;be4173b1c32f0660bd5bfd98a852275bc696b0158aa040c5288d3830d6e52b49;backend/src/main/resources/META-INF/resources/capas/tio-patinhas-abril-v1/216.jpg;
217;Tio Patinhas;Abril;1;https://www.guiadosquadrinhos.com/capas/tio-patinhas/tph0031;https://www.papersera.net/vilaxurupita/tp/tp201_225.htm;https://www.papersera.net/vilaxurupita/tp/br_tp_0217a.gif;200;image/gif;204;312;36062;d93d1c0698303cbe2a6c45283d359fa377404ae1e4adada309ad533fd6b8697c;image/jpeg;56800;4b79b8b04d4fe47824cb74b641de016bbb3d956dfef73923255e495f77425be4;backend/src/main/resources/META-INF/resources/capas/tio-patinhas-abril-v1/217.jpg;
218;Tio Patinhas;Abril;1;https://www.guiadosquadrinhos.com/capas/tio-patinhas/tph0031;https://www.papersera.net/vilaxurupita/tp/tp201_225.htm;https://www.papersera.net/vilaxurupita/tp/br_tp_0218a.gif;200;image/gif;204;312;29769;3612b9e71dee9d7956b257d3bba83f2bb69a78441fb4f6bfa049992cb91a7a43;image/jpeg;54272;b986164ecd9fc68ebef07df45c528421c7bf2329d8adfdf474003f0deb3f4afc;backend/src/main/resources/META-INF/resources/capas/tio-patinhas-abril-v1/218.jpg;
219;Tio Patinhas;Abril;1;https://www.guiadosquadrinhos.com/capas/tio-patinhas/tph0031;https://www.papersera.net/vilaxurupita/tp/tp201_225.htm;https://www.papersera.net/vilaxurupita/tp/br_tp_0219a.gif;200;image/gif;204;312;37779;74e1c59dcc0a60bc69a5bfbd7ee15fd0494658c07a64a822fb5ec61c8b71ffb4;image/jpeg;54219;bc4ba9eb0ae1b2c82a98f6dec3845e3e94d40e57c8c7d0eb22040c511292905d;backend/src/main/resources/META-INF/resources/capas/tio-patinhas-abril-v1/219.jpg;
220;Tio Patinhas;Abril;1;https://www.guiadosquadrinhos.com/capas/tio-patinhas/tph0031;https://www.papersera.net/vilaxurupita/tp/tp201_225.htm;https://www.papersera.net/vilaxurupita/tp/br_tp_0220a.gif;200;image/gif;204;312;24863;7e12bab91a31db8f86165cc458076da58fe2c16a37de2c21d17ace4508ef31e2;image/jpeg;44065;c5be2785e26e9554191b881e8b2769d692022f861480c73e8fbf1802389bbfc7;backend/src/main/resources/META-INF/resources/capas/tio-patinhas-abril-v1/220.jpg;
221;Tio Patinhas;Abril;1;https://www.guiadosquadrinhos.com/capas/tio-patinhas/tph0031;https://www.papersera.net/vilaxurupita/tp/tp201_225.htm;https://www.papersera.net/vilaxurupita/tp/br_tp_0221a.gif;200;image/gif;204;312;24182;679e7790578d4ef1dcf6aa19dc4b1d4528f7d5dca1243a29167d78d11d2cd223;image/jpeg;45795;ae820a7d8e1314f56f8b4837620a5b9951577f0640b59afacf7f84a9d37615d6;backend/src/main/resources/META-INF/resources/capas/tio-patinhas-abril-v1/221.jpg;
222;Tio Patinhas;Abril;1;https://www.guiadosquadrinhos.com/capas/tio-patinhas/tph0031;https://www.papersera.net/vilaxurupita/tp/tp201_225.htm;https://www.papersera.net/vilaxurupita/tp/br_tp_0222a.gif;200;image/gif;204;312;29024;878cefc2d3b63187545607824bedd06a9c3f48dc96b667e55f8eaa0048738c2f;image/jpeg;49371;7ff6c54fe9cbce4f106c971961f6c214a71312f5b8a9a30adcd318fdb6f35473;backend/src/main/resources/META-INF/resources/capas/tio-patinhas-abril-v1/222.jpg;
223;Tio Patinhas;Abril;1;https://www.guiadosquadrinhos.com/capas/tio-patinhas/tph0031;https://www.papersera.net/vilaxurupita/tp/tp201_225.htm;https://www.papersera.net/vilaxurupita/tp/br_tp_0223a.gif;200;image/gif;204;312;26528;958ae594c11014181b6f600eb335e158bace4c804af9f4a2c06a7673687768b2;image/jpeg;49371;8a789ef841926ecd750db0ae7ed0a8869bcb2d94c8acff7c26b22992838076aa;backend/src/main/resources/META-INF/resources/capas/tio-patinhas-abril-v1/223.jpg;
224;Tio Patinhas;Abril;1;https://www.guiadosquadrinhos.com/capas/tio-patinhas/tph0031;https://www.papersera.net/vilaxurupita/tp/tp201_225.htm;https://www.papersera.net/vilaxurupita/tp/br_tp_0224a.gif;200;image/gif;204;312;20612;c666f04d79d51041999a68d370a0db64a20e88732d89d0b550f2f0b192038671;image/jpeg;47595;49d7a1a2a0abb58ebb5aa6a651ab784cad595f96ac7693ca4bdca1e85f06c4a9;backend/src/main/resources/META-INF/resources/capas/tio-patinhas-abril-v1/224.jpg;
225;Tio Patinhas;Abril;1;https://www.guiadosquadrinhos.com/capas/tio-patinhas/tph0031;https://www.papersera.net/vilaxurupita/tp/tp201_225.htm;https://www.papersera.net/vilaxurupita/tp/br_tp_0225a.gif;200;image/gif;204;312;24632;6688bbd1786e39230a6b2f93e6e4de0a5ce662e0b1cdd354770c206eefef4869;image/jpeg;47093;82c040d977ce7d0273c9e7d0148af8155b95d8c0838e6452187285a45fae81cf;backend/src/main/resources/META-INF/resources/capas/tio-patinhas-abril-v1/225.jpg;
226;Tio Patinhas;Abril;1;https://www.guiadosquadrinhos.com/capas/tio-patinhas/tph0031;https://www.papersera.net/vilaxurupita/tp/tp226_250.htm;https://www.papersera.net/vilaxurupita/tp/br_tp_0226a.gif;200;image/gif;204;312;26562;ca030170c96833429e5d969077567267cf572b6063208821e0eeaa67e7cbe0d2;image/jpeg;45955;7156eec4d0e760b8a16e91edee878104c1b12b55700f857806b58f6322b9e6f8;backend/src/main/resources/META-INF/resources/capas/tio-patinhas-abril-v1/226.jpg;
227;Tio Patinhas;Abril;1;https://www.guiadosquadrinhos.com/capas/tio-patinhas/tph0031;https://www.papersera.net/vilaxurupita/tp/tp226_250.htm;https://www.papersera.net/vilaxurupita/tp/br_tp_0227a.gif;200;image/gif;204;312;23851;a5fc777d322132bf7207c6df36bce4317ae48c1c972f69282e1adace6f359dba;image/jpeg;45245;7647235ca4d5b055bca0fafbe993d16cf7d5bd380a500d47dd6ff5dd63e3f779;backend/src/main/resources/META-INF/resources/capas/tio-patinhas-abril-v1/227.jpg;
228;Tio Patinhas;Abril;1;https://www.guiadosquadrinhos.com/capas/tio-patinhas/tph0031;https://www.papersera.net/vilaxurupita/tp/tp226_250.htm;https://www.papersera.net/vilaxurupita/tp/br_tp_0228a.gif;200;image/gif;204;312;26605;6ee52f21a78d62d4694a62fca2d7b5015f5082397a8e6b8701ba58486c0184ad;image/jpeg;50337;b2a8e221742e6b59287afc8a14d41a9585d95d530601ec6fe549ecda87f23ae1;backend/src/main/resources/META-INF/resources/capas/tio-patinhas-abril-v1/228.jpg;
229;Tio Patinhas;Abril;1;https://www.guiadosquadrinhos.com/capas/tio-patinhas/tph0031;https://www.papersera.net/vilaxurupita/tp/tp226_250.htm;https://www.papersera.net/vilaxurupita/tp/br_tp_0229a.gif;200;image/gif;204;312;29714;0dc15d5c03a231550280951ce74848f4dcd1a1665e246b6889ed3836cf37391b;image/jpeg;48329;09065fa191c3b4b012897e235320f5d2266dbd1bf7e7fb8ca365c68cb2c6eb39;backend/src/main/resources/META-INF/resources/capas/tio-patinhas-abril-v1/229.jpg;
230;Tio Patinhas;Abril;1;https://www.guiadosquadrinhos.com/capas/tio-patinhas/tph0031;https://www.papersera.net/vilaxurupita/tp/tp226_250.htm;https://www.papersera.net/vilaxurupita/tp/br_tp_0230a.gif;200;image/gif;204;312;27902;9db5469b5b3447d3ffb79028f054e2d59c3c3f7cd372e2c08fb9fd59263c63e8;image/jpeg;51102;4656fa09947e0ae0528f4eb2c73c66e1efd7383e74783662f6b9ded7f4f3dfe3;backend/src/main/resources/META-INF/resources/capas/tio-patinhas-abril-v1/230.jpg;
231;Tio Patinhas;Abril;1;https://www.guiadosquadrinhos.com/capas/tio-patinhas/tph0031;https://www.papersera.net/vilaxurupita/tp/tp226_250.htm;https://www.papersera.net/vilaxurupita/tp/br_tp_0231a.gif;200;image/gif;204;312;33079;07d999312148bc27b3316d1baddd51e2a8a677c0401ef3aa618c4fb2ea7c164b;image/jpeg;50349;aae58724a3488f95a9d2b321d1bd728a49b79fd3b6da982b54584b37e22a9098;backend/src/main/resources/META-INF/resources/capas/tio-patinhas-abril-v1/231.jpg;
232;Tio Patinhas;Abril;1;https://www.guiadosquadrinhos.com/capas/tio-patinhas/tph0031;https://www.papersera.net/vilaxurupita/tp/tp226_250.htm;https://www.papersera.net/vilaxurupita/tp/br_tp_0232a.gif;200;image/gif;204;312;35493;3e1bc7c3b3767cbc927db9a0c14a374397a1133765ad78332238fe378d9e13da;image/jpeg;56727;17d112ea42992ea878617c8583008c4ad16a358d66e77a8b508df6f25752267a;backend/src/main/resources/META-INF/resources/capas/tio-patinhas-abril-v1/232.jpg;
233;Tio Patinhas;Abril;1;https://www.guiadosquadrinhos.com/capas/tio-patinhas/tph0031;https://www.papersera.net/vilaxurupita/tp/tp226_250.htm;https://www.papersera.net/vilaxurupita/tp/br_tp_0233a.gif;200;image/gif;204;312;28072;2c5c213bd1a5dc05543d426f69ddfce51fe7f2a1f0fc57867d316bd88361f349;image/jpeg;53416;4b1f839b772055f6c8ee428589112702aa5bb4cdb8f9d37ccafa60335124cbbd;backend/src/main/resources/META-INF/resources/capas/tio-patinhas-abril-v1/233.jpg;
234;Tio Patinhas;Abril;1;https://www.guiadosquadrinhos.com/capas/tio-patinhas/tph0031;https://www.papersera.net/vilaxurupita/tp/tp226_250.htm;https://www.papersera.net/vilaxurupita/tp/br_tp_0234a.gif;200;image/gif;204;312;29577;c4972d16fa170e1ccc303a34e79c4021c331776c6bb00cad5dda7fbbca73874b;image/jpeg;53336;5f0a09c6e887de9b2632d97722c6b990fad6a7d8051e7dd106df09c151826dc5;backend/src/main/resources/META-INF/resources/capas/tio-patinhas-abril-v1/234.jpg;
235;Tio Patinhas;Abril;1;https://www.guiadosquadrinhos.com/capas/tio-patinhas/tph0031;https://www.papersera.net/vilaxurupita/tp/tp226_250.htm;https://www.papersera.net/vilaxurupita/tp/br_tp_0235a.gif;200;image/gif;204;312;27210;6f888f0325b7e7c8b2d0315b2662482dfcacf03999c8abff9190ffe386515f76;image/jpeg;51214;101bcee929fbffc7618457e170c45a694554189e038df99f7ce30534c7c9a2b0;backend/src/main/resources/META-INF/resources/capas/tio-patinhas-abril-v1/235.jpg;
236;Tio Patinhas;Abril;1;https://www.guiadosquadrinhos.com/capas/tio-patinhas/tph0031;https://www.papersera.net/vilaxurupita/tp/tp226_250.htm;https://www.papersera.net/vilaxurupita/tp/br_tp_0236a.gif;200;image/gif;204;312;28767;5d3be16903f22ba18b201157392265578733954df19c9dd02a925e6aeb5e1b2b;image/jpeg;53108;0a417e5ac3045bcdd8fd6b6e531d1b168b604d952a05e71da0c3ed996f2d8042;backend/src/main/resources/META-INF/resources/capas/tio-patinhas-abril-v1/236.jpg;
237;Tio Patinhas;Abril;1;https://www.guiadosquadrinhos.com/capas/tio-patinhas/tph0031;https://www.papersera.net/vilaxurupita/tp/tp226_250.htm;https://www.papersera.net/vilaxurupita/tp/br_tp_0237a.gif;200;image/gif;204;312;28954;14cae6f268c7c2fe29dba2ed28f0f718148c5ea0edbc2e47edf07fb104e47e75;image/jpeg;49384;de8d2627fce9eb158422b72be3668253e511394f77d670abd2d6261e978e52fe;backend/src/main/resources/META-INF/resources/capas/tio-patinhas-abril-v1/237.jpg;
238;Tio Patinhas;Abril;1;https://www.guiadosquadrinhos.com/capas/tio-patinhas/tph0031;https://www.papersera.net/vilaxurupita/tp/tp226_250.htm;https://www.papersera.net/vilaxurupita/tp/br_tp_0238a.gif;200;image/gif;204;312;31453;0d8c0c301b3bbdd2f38c9953b90d99b9759d1c3dc1f86f52e10977016ffc4d4c;image/jpeg;48151;112a1edd40c4137e66e37398b22aa00909aef1f63fb573c20415413be265a4ea;backend/src/main/resources/META-INF/resources/capas/tio-patinhas-abril-v1/238.jpg;
239;Tio Patinhas;Abril;1;https://www.guiadosquadrinhos.com/capas/tio-patinhas/tph0031;https://www.papersera.net/vilaxurupita/tp/tp226_250.htm;https://www.papersera.net/vilaxurupita/tp/br_tp_0239a.gif;200;image/gif;204;312;26454;1668a8b5a18252395def670f8c21b30e6b7056abb7f086d33839ffb3e55f02e8;image/jpeg;49694;6814c20ba982dfc813ed96ee16c1dfb4044de968c14e312f3c15f67cc01f7859;backend/src/main/resources/META-INF/resources/capas/tio-patinhas-abril-v1/239.jpg;
240;Tio Patinhas;Abril;1;https://www.guiadosquadrinhos.com/capas/tio-patinhas/tph0031;https://www.papersera.net/vilaxurupita/tp/tp226_250.htm;https://www.papersera.net/vilaxurupita/tp/br_tp_0240a.gif;200;image/gif;204;312;24388;398a189f9655ca10ff535c7acbabfe46a5ff904890b45ea003c333701ab19fbe;image/jpeg;47837;28b4e48e38dc25fdd741eadb62dcf1374b55fdbad18867a8e5fffbb42c51dcfb;backend/src/main/resources/META-INF/resources/capas/tio-patinhas-abril-v1/240.jpg;
241;Tio Patinhas;Abril;1;https://www.guiadosquadrinhos.com/capas/tio-patinhas/tph0031;https://www.papersera.net/vilaxurupita/tp/tp226_250.htm;https://www.papersera.net/vilaxurupita/tp/br_tp_0241a.gif;200;image/gif;204;312;24604;436798f717d842318db19ba12c1dbd98ab6d41abe761e0af2c0a19ad263ee418;image/jpeg;47499;21f54d2378f8a79e04fc41fdae48b25045ea2bc010410ea36682702d29750b29;backend/src/main/resources/META-INF/resources/capas/tio-patinhas-abril-v1/241.jpg;
242;Tio Patinhas;Abril;1;https://www.guiadosquadrinhos.com/capas/tio-patinhas/tph0031;https://www.papersera.net/vilaxurupita/tp/tp226_250.htm;https://www.papersera.net/vilaxurupita/tp/br_tp_0242a.gif;200;image/gif;204;312;25956;b0fb67aa709e4f944d9d62302b958123a87b07fcb4a359a49bbd600b7f4d100e;image/jpeg;49815;a14f871ea8c0364e37bf0cae3bec836d416e925f78fc97ba807dd33b512f0fee;backend/src/main/resources/META-INF/resources/capas/tio-patinhas-abril-v1/242.jpg;
243;Tio Patinhas;Abril;1;https://www.guiadosquadrinhos.com/capas/tio-patinhas/tph0031;https://www.papersera.net/vilaxurupita/tp/tp226_250.htm;https://www.papersera.net/vilaxurupita/tp/br_tp_0243a.gif;200;image/gif;204;312;24321;f168c2f2967498723f5e71d59813db15c26cf40251d7b5bbfec6c25ee68ffb66;image/jpeg;50888;6e902d31020de1dbad42f6309e3e3fe0b09d72c1d036109ab675d162e3db7235;backend/src/main/resources/META-INF/resources/capas/tio-patinhas-abril-v1/243.jpg;
244;Tio Patinhas;Abril;1;https://www.guiadosquadrinhos.com/capas/tio-patinhas/tph0031;https://www.papersera.net/vilaxurupita/tp/tp226_250.htm;https://www.papersera.net/vilaxurupita/tp/br_tp_0244a.gif;200;image/gif;204;312;28427;8cd245f6b01c5914406a8301d5dcf178b26d3028a0ad21fe863e4fea67e8f28e;image/jpeg;49796;2609081431782b1d7bc7135b898e19ad5f7960d87286306d3b244b7b4e9ad351;backend/src/main/resources/META-INF/resources/capas/tio-patinhas-abril-v1/244.jpg;
245;Tio Patinhas;Abril;1;https://www.guiadosquadrinhos.com/capas/tio-patinhas/tph0031;https://www.papersera.net/vilaxurupita/tp/tp226_250.htm;https://www.papersera.net/vilaxurupita/tp/br_tp_0245a.gif;200;image/gif;204;312;33441;782459670f57b8d16066ecd8af707daac49ccc4794d7e8684d25a684cfe73b74;image/jpeg;51186;943c066194f69899ae80996b36d05a0e8a87ddada5e8855e0cd5bba757f7531d;backend/src/main/resources/META-INF/resources/capas/tio-patinhas-abril-v1/245.jpg;
246;Tio Patinhas;Abril;1;https://www.guiadosquadrinhos.com/capas/tio-patinhas/tph0031;https://www.papersera.net/vilaxurupita/tp/tp226_250.htm;https://www.papersera.net/vilaxurupita/tp/br_tp_0246a.gif;200;image/gif;204;312;24543;bbd3f7136147c18852d9307caced45c2cb9eb03475a9dc54c7b7d6b9e4822d8c;image/jpeg;46756;404975339f3fd3debc02204d183c788db7000c377769843d891644ae069802aa;backend/src/main/resources/META-INF/resources/capas/tio-patinhas-abril-v1/246.jpg;
247;Tio Patinhas;Abril;1;https://www.guiadosquadrinhos.com/capas/tio-patinhas/tph0031;https://www.papersera.net/vilaxurupita/tp/tp226_250.htm;https://www.papersera.net/vilaxurupita/tp/br_tp_0247a.gif;200;image/gif;204;312;29589;d0a88a378d21cd71951f6ab2716db56b199a99a22113cb0a09a18fe453a1e30a;image/jpeg;55727;708040bb2e6c760cf1c91ceb5b70e6dfa3f76b2295b771cd11fc2d045ae468c3;backend/src/main/resources/META-INF/resources/capas/tio-patinhas-abril-v1/247.jpg;
248;Tio Patinhas;Abril;1;https://www.guiadosquadrinhos.com/capas/tio-patinhas/tph0031;https://www.papersera.net/vilaxurupita/tp/tp226_250.htm;https://www.papersera.net/vilaxurupita/tp/br_tp_0248a.gif;200;image/gif;204;312;35064;9318c6ee9f9aebe494e6e0efbed35fdc4c8808c66e5616bcadb459e4d88f943c;image/jpeg;51015;6da29870db294e2e9787e42d0c2607f90602ebd4b51251262c245e93dbc3fbcd;backend/src/main/resources/META-INF/resources/capas/tio-patinhas-abril-v1/248.jpg;
249;Tio Patinhas;Abril;1;https://www.guiadosquadrinhos.com/capas/tio-patinhas/tph0031;https://www.papersera.net/vilaxurupita/tp/tp226_250.htm;https://www.papersera.net/vilaxurupita/tp/br_tp_0249a.gif;200;image/gif;204;312;21330;54c0190d975e4f5795bd41651e659b331d7e0a43a6eb07464c3d5aee99e18d52;image/jpeg;41333;dbc6c44d27db4b7dbee7917b1a1a08b8c610a0ece66bbda1f602181a8b272e8d;backend/src/main/resources/META-INF/resources/capas/tio-patinhas-abril-v1/249.jpg;
250;Tio Patinhas;Abril;1;https://www.guiadosquadrinhos.com/capas/tio-patinhas/tph0031;https://www.papersera.net/vilaxurupita/tp/tp226_250.htm;https://www.papersera.net/vilaxurupita/tp/br_tp_0250a.gif;200;image/gif;204;312;20745;9eba7388e14a2b9003dba6fdb5ab673d98df580d2dd902d98ed61759c42f6bbb;image/jpeg;45389;bae1e7da64fbeb51396c7411017cd7467bfc7081b35570aed82abfaf7a9e6005;backend/src/main/resources/META-INF/resources/capas/tio-patinhas-abril-v1/250.jpg;
251;Tio Patinhas;Abril;1;https://www.guiadosquadrinhos.com/capas/tio-patinhas/tph0031;https://www.papersera.net/vilaxurupita/tp/tp251_275.htm;https://www.papersera.net/vilaxurupita/tp/br_tp_0251a.gif;200;image/gif;204;312;19564;031e79e9d28848586b8db20cee8cc248edb814dfee1788f1faa39744b8f11394;image/jpeg;43783;f06effa13fdfaaf0011b2f3299239b84582b29405814c1a14fe23aa93e2517d5;backend/src/main/resources/META-INF/resources/capas/tio-patinhas-abril-v1/251.jpg;
252;Tio Patinhas;Abril;1;https://www.guiadosquadrinhos.com/capas/tio-patinhas/tph0031;https://www.papersera.net/vilaxurupita/tp/tp251_275.htm;https://www.papersera.net/vilaxurupita/tp/br_tp_0252a.gif;200;image/gif;204;312;34461;15f70760f784c5b569a8ee6c416e6dd953cd1244dd31e58b49be05fc44496139;image/jpeg;49896;b71d8870f2e525b3f51365db80d3b404987b98257cb1af95d5af610a53e4dc03;backend/src/main/resources/META-INF/resources/capas/tio-patinhas-abril-v1/252.jpg;
253;Tio Patinhas;Abril;1;https://www.guiadosquadrinhos.com/capas/tio-patinhas/tph0031;https://www.papersera.net/vilaxurupita/tp/tp251_275.htm;https://www.papersera.net/vilaxurupita/tp/br_tp_0253a.gif;200;image/gif;204;312;22705;27593ca862c83bb9d3b0a255561189fc5be2d5140c05890c711aa52e93776e1a;image/jpeg;47924;f9aad42083914bcd615b76e4c9500c4ca605655a6342d5b85d18376243c2668c;backend/src/main/resources/META-INF/resources/capas/tio-patinhas-abril-v1/253.jpg;
254;Tio Patinhas;Abril;1;https://www.guiadosquadrinhos.com/capas/tio-patinhas/tph0031;https://www.papersera.net/vilaxurupita/tp/tp251_275.htm;https://www.papersera.net/vilaxurupita/tp/br_tp_0254a.gif;200;image/gif;204;312;21004;79e2b27beb1fd17da07d1da1df7dfcc49b82c44730f3b34f2eceb112fd5699ff;image/jpeg;41825;1cb7a43b5307003e12e459859cc2f36f3850189f240c79b1c3a283231620dd63;backend/src/main/resources/META-INF/resources/capas/tio-patinhas-abril-v1/254.jpg;
255;Tio Patinhas;Abril;1;https://www.guiadosquadrinhos.com/capas/tio-patinhas/tph0031;https://www.papersera.net/vilaxurupita/tp/tp251_275.htm;https://www.papersera.net/vilaxurupita/tp/br_tp_0255a.gif;200;image/gif;204;312;22219;d1cf8c199ac973d10680d8c2c70d69d669f5f79929a71444fa0b21c1bc3b8a1f;image/jpeg;43719;5742450a5e9e695624b740e9fcb77dd87875c99c3fc0eb26b388469adb578ca7;backend/src/main/resources/META-INF/resources/capas/tio-patinhas-abril-v1/255.jpg;
256;Tio Patinhas;Abril;1;https://www.guiadosquadrinhos.com/capas/tio-patinhas/tph0031;https://www.papersera.net/vilaxurupita/tp/tp251_275.htm;https://www.papersera.net/vilaxurupita/tp/br_tp_0256a.gif;200;image/gif;204;312;27525;96c1dc9aa9290023e35f1fbc823c28e4a0e7430880900fae813cfe10b28c3ae4;image/jpeg;50885;be2913858425338046c0097c195e67db267a73abd74588efb51f134b9929ae86;backend/src/main/resources/META-INF/resources/capas/tio-patinhas-abril-v1/256.jpg;
257;Tio Patinhas;Abril;1;https://www.guiadosquadrinhos.com/capas/tio-patinhas/tph0031;https://www.papersera.net/vilaxurupita/tp/tp251_275.htm;https://www.papersera.net/vilaxurupita/tp/br_tp_0257a.gif;200;image/gif;204;312;29732;6737529b2eb167883c80e7ff67aaba571486b539fb3f9e83fd87ff644317f94c;image/jpeg;52036;0cbc2788471dfd4d0fc5ee36334f3de61499c9a4c684f02aaae3039bb60d6305;backend/src/main/resources/META-INF/resources/capas/tio-patinhas-abril-v1/257.jpg;
258;Tio Patinhas;Abril;1;https://www.guiadosquadrinhos.com/capas/tio-patinhas/tph0031;https://www.papersera.net/vilaxurupita/tp/tp251_275.htm;https://www.papersera.net/vilaxurupita/tp/br_tp_0258a.gif;200;image/gif;204;312;19214;fe1948132d368d665984491b3d114b61f99efec293799c6a809f007845cc2f93;image/jpeg;43271;4991e5023279d943d81ab5b4e6e004d24f441e7010552df7b1269bdf34a3dc5c;backend/src/main/resources/META-INF/resources/capas/tio-patinhas-abril-v1/258.jpg;
259;Tio Patinhas;Abril;1;https://www.guiadosquadrinhos.com/capas/tio-patinhas/tph0031;https://www.papersera.net/vilaxurupita/tp/tp251_275.htm;https://www.papersera.net/vilaxurupita/tp/br_tp_0259a.gif;200;image/gif;204;312;33299;d98c6155cbf3168f15a72616d798beb88dc04714be90e3beacdece64365a068c;image/jpeg;51498;ec8e5e652c80463f0f1fe1f794a09cb5cfa55dca3c33f37df68e4fce62e1a6d9;backend/src/main/resources/META-INF/resources/capas/tio-patinhas-abril-v1/259.jpg;
260;Tio Patinhas;Abril;1;https://www.guiadosquadrinhos.com/capas/tio-patinhas/tph0031;https://www.papersera.net/vilaxurupita/tp/tp251_275.htm;https://www.papersera.net/vilaxurupita/tp/br_tp_0260a.gif;200;image/gif;204;312;18878;8484586139fc53f20688bd7bb6f441f17f6d842f37fcd6a86db4f2b72f638c93;image/jpeg;43744;07e3bbfa4b94e36a24d25d7261a5b04ab072079dfe349a31979f1a86a0f7292a;backend/src/main/resources/META-INF/resources/capas/tio-patinhas-abril-v1/260.jpg;
261;Tio Patinhas;Abril;1;https://www.guiadosquadrinhos.com/capas/tio-patinhas/tph0031;https://www.papersera.net/vilaxurupita/tp/tp251_275.htm;https://www.papersera.net/vilaxurupita/tp/br_tp_0261a.gif;200;image/gif;204;312;22641;61645e9a7fbcd253029ecde4c0a234679b94150446d470c78effc101d0619093;image/jpeg;45265;b6c9cd000cb73424a75eb64ea01b5eb496af8183baf568c878e4df7879607a5e;backend/src/main/resources/META-INF/resources/capas/tio-patinhas-abril-v1/261.jpg;
262;Tio Patinhas;Abril;1;https://www.guiadosquadrinhos.com/capas/tio-patinhas/tph0031;https://www.papersera.net/vilaxurupita/tp/tp251_275.htm;https://www.papersera.net/vilaxurupita/tp/br_tp_0262a.gif;200;image/gif;204;312;26290;cc068010c2f4edb1e2cf2c0697db70c1bed98b7c0cf14098b12dd049cc6ee5a7;image/jpeg;49972;25e6e94f0fcc5f34cdc7e471b6a5d9a9a5f572cba3bf8613866aee12301121b5;backend/src/main/resources/META-INF/resources/capas/tio-patinhas-abril-v1/262.jpg;
263;Tio Patinhas;Abril;1;https://www.guiadosquadrinhos.com/capas/tio-patinhas/tph0031;https://www.papersera.net/vilaxurupita/tp/tp251_275.htm;https://www.papersera.net/vilaxurupita/tp/br_tp_0263a.gif;200;image/gif;204;312;25035;76a3bf02d3313a1ab8b1d6187ca6a364b642d57884878d34f1a2e39a2562f3b1;image/jpeg;50489;4ca8ac3b0723fd1522b568d06b8b872549f2b15ed7b52da14e58c48563e34331;backend/src/main/resources/META-INF/resources/capas/tio-patinhas-abril-v1/263.jpg;
264;Tio Patinhas;Abril;1;https://www.guiadosquadrinhos.com/capas/tio-patinhas/tph0031;https://www.papersera.net/vilaxurupita/tp/tp251_275.htm;https://www.papersera.net/vilaxurupita/tp/br_tp_0264a.gif;200;image/gif;204;312;27471;aa66540fa3783e7c41cb1a8e8a645e3a61346df98ea80824ee2cc896e1db4483;image/jpeg;49958;4ee2f8d6db0f853419a397032f1c38165c4e3bbae6a97abd685cc9c51a33dcd9;backend/src/main/resources/META-INF/resources/capas/tio-patinhas-abril-v1/264.jpg;
265;Tio Patinhas;Abril;1;https://www.guiadosquadrinhos.com/capas/tio-patinhas/tph0031;https://www.papersera.net/vilaxurupita/tp/tp251_275.htm;https://www.papersera.net/vilaxurupita/tp/br_tp_0265a.gif;200;image/gif;204;312;23076;3bb3e62065cf266d93b2c9946021202c541ba35a8455a0b8152026cc4a887433;image/jpeg;46556;211f241482cb1ae8894906c60dd60f21bae2e7900cacff057f18f81e22567782;backend/src/main/resources/META-INF/resources/capas/tio-patinhas-abril-v1/265.jpg;
266;Tio Patinhas;Abril;1;https://www.guiadosquadrinhos.com/capas/tio-patinhas/tph0031;https://www.papersera.net/vilaxurupita/tp/tp251_275.htm;https://www.papersera.net/vilaxurupita/tp/br_tp_0266a.gif;200;image/gif;204;312;24008;746c460283852876bf9538e04d184711e6ac5a39a4f3c7a39dce649b40836741;image/jpeg;44766;0830b27af51934da12d208a09782e2fcc9cc3254930a55cc155f064065a2bfe8;backend/src/main/resources/META-INF/resources/capas/tio-patinhas-abril-v1/266.jpg;
267;Tio Patinhas;Abril;1;https://www.guiadosquadrinhos.com/capas/tio-patinhas/tph0031;https://www.papersera.net/vilaxurupita/tp/tp251_275.htm;https://www.papersera.net/vilaxurupita/tp/br_tp_0267a.gif;200;image/gif;204;312;31709;c98a7d2f6522d3e756bd65dcdfe7a2df9d72ee00d02b9b648b26705e428283f3;image/jpeg;57378;a73d1c15bab063ee491db33fcaeb53ece3f131952c4b864a3c4b5675a28c402c;backend/src/main/resources/META-INF/resources/capas/tio-patinhas-abril-v1/267.jpg;
268;Tio Patinhas;Abril;1;https://www.guiadosquadrinhos.com/capas/tio-patinhas/tph0031;https://www.papersera.net/vilaxurupita/tp/tp251_275.htm;https://www.papersera.net/vilaxurupita/tp/br_tp_0268a.gif;200;image/gif;204;312;26927;a030ac4dec89f33062c307ba1f8f2e494b39e99dfd99f9bd8357282fe6506982;image/jpeg;51302;79e2abf38c0776d1bcab2b2c68674a92f67731c7cc677e8cd61e6a6caa9c1e47;backend/src/main/resources/META-INF/resources/capas/tio-patinhas-abril-v1/268.jpg;
269;Tio Patinhas;Abril;1;https://www.guiadosquadrinhos.com/capas/tio-patinhas/tph0031;https://www.papersera.net/vilaxurupita/tp/tp251_275.htm;https://www.papersera.net/vilaxurupita/tp/br_tp_0269a.gif;200;image/gif;204;312;28705;a9dd0950b8954dfa913052cf6055944dbfa82d701fd2973c7c2d3906e8f990e8;image/jpeg;51858;85d4e3639fff99f92b654f2da5eb92c80736d20204001994437bb49a4df81116;backend/src/main/resources/META-INF/resources/capas/tio-patinhas-abril-v1/269.jpg;
270;Tio Patinhas;Abril;1;https://www.guiadosquadrinhos.com/capas/tio-patinhas/tph0031;https://www.papersera.net/vilaxurupita/tp/tp251_275.htm;https://www.papersera.net/vilaxurupita/tp/br_tp_0270a.gif;200;image/gif;204;312;23755;48567156479995ed6df9a9223dc6da6448b03d6d587e0bb7a11f75e0dad8daa5;image/jpeg;50911;8926734ed4041906f5e67b522b3f0bb543ee3b92abdeccbad7c57bf7ec494156;backend/src/main/resources/META-INF/resources/capas/tio-patinhas-abril-v1/270.jpg;
271;Tio Patinhas;Abril;1;https://www.guiadosquadrinhos.com/capas/tio-patinhas/tph0031;https://www.papersera.net/vilaxurupita/tp/tp251_275.htm;https://www.papersera.net/vilaxurupita/tp/br_tp_0271a.gif;200;image/gif;204;312;22660;af66b84422e13fab9d4be88bd7776cf292cf70e4bf40f450efb76b57eceada22;image/jpeg;49861;92ea79cfb1a3bdce4895e906e30951559ca550b9d8e463b3d63c5fc3730b8adc;backend/src/main/resources/META-INF/resources/capas/tio-patinhas-abril-v1/271.jpg;
272;Tio Patinhas;Abril;1;https://www.guiadosquadrinhos.com/capas/tio-patinhas/tph0031;https://www.papersera.net/vilaxurupita/tp/tp251_275.htm;https://www.papersera.net/vilaxurupita/tp/br_tp_0272a.gif;200;image/gif;204;312;22993;2e971fe63bd96f017d0f497f5bd869cde7ea913cb1e7322ac5d2e0068d06c92e;image/jpeg;46844;69814043bd1fb085a9208636b5b1ec6fad2b95b41ec307802b9d2e305cf579da;backend/src/main/resources/META-INF/resources/capas/tio-patinhas-abril-v1/272.jpg;
273;Tio Patinhas;Abril;1;https://www.guiadosquadrinhos.com/capas/tio-patinhas/tph0031;https://www.papersera.net/vilaxurupita/tp/tp251_275.htm;https://www.papersera.net/vilaxurupita/tp/br_tp_0273a.gif;200;image/gif;204;312;22359;47d701454cfdd625fe911e8af00231062a4d66fa68b4ebf41cc8e82789fbceb7;image/jpeg;45338;48e8f714a065a3ef153ed95fdacedfa56e97e40d1c98f5ccebab87439c7e6eda;backend/src/main/resources/META-INF/resources/capas/tio-patinhas-abril-v1/273.jpg;
274;Tio Patinhas;Abril;1;https://www.guiadosquadrinhos.com/capas/tio-patinhas/tph0031;https://www.papersera.net/vilaxurupita/tp/tp251_275.htm;https://www.papersera.net/vilaxurupita/tp/br_tp_0274a.gif;200;image/gif;204;312;22643;cc4b112694d996074fc300fa55d92f68832317bfae546231f40815ad44e02491;image/jpeg;46593;55998392ab56f7c5437af78b1e2c693e95339f4237540ec4b60ecdbecdf83fc1;backend/src/main/resources/META-INF/resources/capas/tio-patinhas-abril-v1/274.jpg;
275;Tio Patinhas;Abril;1;https://www.guiadosquadrinhos.com/capas/tio-patinhas/tph0031;https://www.papersera.net/vilaxurupita/tp/tp251_275.htm;https://www.papersera.net/vilaxurupita/tp/br_tp_0275a.gif;200;image/gif;204;312;32120;733ee999be7b567176f870e658b14391372a30612eb6061626b281cfc97c9e61;image/jpeg;51428;6547633192850cb3aa05d8fa7a039bb02d87713e0e19cb9bbeb405497f59ee9b;backend/src/main/resources/META-INF/resources/capas/tio-patinhas-abril-v1/275.jpg;
276;Tio Patinhas;Abril;1;https://www.guiadosquadrinhos.com/capas/tio-patinhas/tph0031;https://www.papersera.net/vilaxurupita/tp/tp276_300.htm;https://www.papersera.net/vilaxurupita/tp/br_tp_0276a.gif;200;image/gif;204;312;21321;f71cbb307a097be12c5b2ae8d0cd60c4f57c9b75751c7dd420b1142e31427c3b;image/jpeg;44835;32497724df97efc0c64baa41514de0f29497faa747939ed0ae6d6e601a807811;backend/src/main/resources/META-INF/resources/capas/tio-patinhas-abril-v1/276.jpg;
277;Tio Patinhas;Abril;1;https://www.guiadosquadrinhos.com/capas/tio-patinhas/tph0031;https://www.papersera.net/vilaxurupita/tp/tp276_300.htm;https://www.papersera.net/vilaxurupita/tp/br_tp_0277a.gif;200;image/gif;204;312;22639;78c8a76e52418fe02905f17015e6472c36386a4fee68c2414d5e6ee975411547;image/jpeg;49731;d72614e21953f0106e333477be798a2b7ab114576342c59ee65c7ace218528f0;backend/src/main/resources/META-INF/resources/capas/tio-patinhas-abril-v1/277.jpg;
278;Tio Patinhas;Abril;1;https://www.guiadosquadrinhos.com/capas/tio-patinhas/tph0031;https://www.papersera.net/vilaxurupita/tp/tp276_300.htm;https://www.papersera.net/vilaxurupita/tp/br_tp_0278a.gif;200;image/gif;204;312;25562;90a7d299e6455a9d9bf7442ea56637b0309b189b6b40fd8db99311b2af01cae9;image/jpeg;51636;61b7e39c620cf2e265738807660fc3a8f00414d1c0508a4d14c485c23d00f4b8;backend/src/main/resources/META-INF/resources/capas/tio-patinhas-abril-v1/278.jpg;
279;Tio Patinhas;Abril;1;https://www.guiadosquadrinhos.com/capas/tio-patinhas/tph0031;https://www.papersera.net/vilaxurupita/tp/tp276_300.htm;https://www.papersera.net/vilaxurupita/tp/br_tp_0279a.gif;200;image/gif;204;312;20320;be6dccc1beb30b40b21d8dff99899eb1581448f6875079ab67f6d1cfa266914f;image/jpeg;40398;ed594e56e05c21d2deadca8a0a4392ef27d76fc873c81f0ea74c48abf0159dac;backend/src/main/resources/META-INF/resources/capas/tio-patinhas-abril-v1/279.jpg;
280;Tio Patinhas;Abril;1;https://www.guiadosquadrinhos.com/capas/tio-patinhas/tph0031;https://www.papersera.net/vilaxurupita/tp/tp276_300.htm;https://www.papersera.net/vilaxurupita/tp/br_tp_0280a.gif;200;image/gif;204;312;26502;121602523f035355eae60230c2658380b62261f747176c7fac3f9fd7dff5cd5f;image/jpeg;48832;4e1c9d85ddcded8f3a2d3aa8ed43dedbfcac490960a5b655c35b287446cfea70;backend/src/main/resources/META-INF/resources/capas/tio-patinhas-abril-v1/280.jpg;
281;Tio Patinhas;Abril;1;https://www.guiadosquadrinhos.com/capas/tio-patinhas/tph0031;https://www.papersera.net/vilaxurupita/tp/tp276_300.htm;https://www.papersera.net/vilaxurupita/tp/br_tp_0281a.gif;200;image/gif;204;312;25975;fbf2aee22def00999e783acc3ca297621e1c77d7da0588adc70b3b3e84292701;image/jpeg;45480;43847a13cbbad5a266939750731e2eb74c4482591cbb713b42e24f281ccf0ec7;backend/src/main/resources/META-INF/resources/capas/tio-patinhas-abril-v1/281.jpg;
282;Tio Patinhas;Abril;1;https://www.guiadosquadrinhos.com/capas/tio-patinhas/tph0031;https://www.papersera.net/vilaxurupita/tp/tp276_300.htm;https://www.papersera.net/vilaxurupita/tp/br_tp_0282a.gif;200;image/gif;204;312;24726;c05fb970872254ca9c40330a35e9977f9ba9942e7077bf2d1c048ac541162b2a;image/jpeg;47547;c761b9e62cd4fdcaa5baa3d6b8b7cd8c32c371f30d4932a7b24dfca2eface744;backend/src/main/resources/META-INF/resources/capas/tio-patinhas-abril-v1/282.jpg;
283;Tio Patinhas;Abril;1;https://www.guiadosquadrinhos.com/capas/tio-patinhas/tph0031;https://www.papersera.net/vilaxurupita/tp/tp276_300.htm;https://www.papersera.net/vilaxurupita/tp/br_tp_0283a.gif;200;image/gif;204;312;28051;b2a102cdcd1f2150c1bb26fcd3e299be701ee4b6fb472e2f0813f6580507ad8a;image/jpeg;51317;b1838edc879b24edb9f895b53b2e4fd3b9b68126200d7fb58e3de334cf7bcd13;backend/src/main/resources/META-INF/resources/capas/tio-patinhas-abril-v1/283.jpg;
284;Tio Patinhas;Abril;1;https://www.guiadosquadrinhos.com/capas/tio-patinhas/tph0031;https://www.papersera.net/vilaxurupita/tp/tp276_300.htm;https://www.papersera.net/vilaxurupita/tp/br_tp_0284a.gif;200;image/gif;204;312;20037;a00c81686c4c854fda7eb2c356f43621f891e902a1fa87d8ca7ca2eca98eef7f;image/jpeg;43599;e68870095320411b352d7d795edb490138411314bb21923f6c89f11c65408063;backend/src/main/resources/META-INF/resources/capas/tio-patinhas-abril-v1/284.jpg;
285;Tio Patinhas;Abril;1;https://www.guiadosquadrinhos.com/capas/tio-patinhas/tph0031;https://www.papersera.net/vilaxurupita/tp/tp276_300.htm;https://www.papersera.net/vilaxurupita/tp/br_tp_0285a.jpg;200;image/jpeg;204;312;36672;0f30174d892197420b0a1cb7a5bcca2453c2fca8b7f7d4eb6b5bebd93f76bb6d;image/jpeg;43015;a108ab3f9575880c49faf70c54fd949773bebf296ee4e4ff327d8c80738f8f1c;backend/src/main/resources/META-INF/resources/capas/tio-patinhas-abril-v1/285.jpg;
286;Tio Patinhas;Abril;1;https://www.guiadosquadrinhos.com/capas/tio-patinhas/tph0031;https://www.papersera.net/vilaxurupita/tp/tp276_300.htm;https://www.papersera.net/vilaxurupita/tp/br_tp_0286a.gif;200;image/gif;204;312;24932;4a2208d9240ee970eb69f3f1ec1d92a891103c2140868b464c13793429b969a9;image/jpeg;46479;5fbbb148dc2340bfa1065311c8aba95aeb48c376dc4dd8c5ba97675524466dbb;backend/src/main/resources/META-INF/resources/capas/tio-patinhas-abril-v1/286.jpg;
287;Tio Patinhas;Abril;1;https://www.guiadosquadrinhos.com/capas/tio-patinhas/tph0031;https://www.papersera.net/vilaxurupita/tp/tp276_300.htm;https://www.papersera.net/vilaxurupita/tp/br_tp_0287a.jpg;200;image/jpeg;204;312;38756;ec68e666049c9287d5d192debc76c770434a335fead97428e6d9027486595243;image/jpeg;39927;70aae0823f0dd570d796f04964fd206b2a46bcc99d317cffdae03df85c34e493;backend/src/main/resources/META-INF/resources/capas/tio-patinhas-abril-v1/287.jpg;
288;Tio Patinhas;Abril;1;https://www.guiadosquadrinhos.com/capas/tio-patinhas/tph0031;https://www.papersera.net/vilaxurupita/tp/tp276_300.htm;https://www.papersera.net/vilaxurupita/tp/br_tp_0288a.gif;200;image/gif;204;312;26553;f5142f49b0b2f1b084a1a7458c157f2ec8a896d2ee542cb585b31216eef02e3e;image/jpeg;50557;0b66379e85c0cc5024fd62f5b828a8f1634c2c5d9d22f79cd9736d23092ebd73;backend/src/main/resources/META-INF/resources/capas/tio-patinhas-abril-v1/288.jpg;
289;Tio Patinhas;Abril;1;https://www.guiadosquadrinhos.com/capas/tio-patinhas/tph0031;https://www.papersera.net/vilaxurupita/tp/tp276_300.htm;https://www.papersera.net/vilaxurupita/tp/br_tp_0289a.gif;200;image/gif;204;312;23618;18c4061c5d6fd24c876db3928a6b112c30ca17f7bcf687e5d58f93e0290c5728;image/jpeg;42769;0a8feac9918182cf092bd2b27129ad5c5ca02745cdbea6773a86e40d65d70530;backend/src/main/resources/META-INF/resources/capas/tio-patinhas-abril-v1/289.jpg;
290;Tio Patinhas;Abril;1;https://www.guiadosquadrinhos.com/capas/tio-patinhas/tph0031;https://www.papersera.net/vilaxurupita/tp/tp276_300.htm;https://www.papersera.net/vilaxurupita/tp/br_tp_0290a.gif;200;image/gif;204;312;25354;68118859ef28163df4f7ecf753a6f04b8b2ddaac2ce04e83c049d7f8c6f6bdf0;image/jpeg;49788;baba564210d12915d29f2dbb53827ef3e558118b323dba30ac1f2bc9a82e97b8;backend/src/main/resources/META-INF/resources/capas/tio-patinhas-abril-v1/290.jpg;
291;Tio Patinhas;Abril;1;https://www.guiadosquadrinhos.com/capas/tio-patinhas/tph0031;https://www.papersera.net/vilaxurupita/tp/tp276_300.htm;https://www.papersera.net/vilaxurupita/tp/br_tp_0291a.gif;200;image/gif;204;312;21663;831182266a0d34c747aa9b8fb135ce0f0db59084c4876027a3b15a63938bd4b8;image/jpeg;42283;2dc5f413a9eb5fb600dd6e6979b0affd87d1cafba4e7c8174d24c76a6f87516a;backend/src/main/resources/META-INF/resources/capas/tio-patinhas-abril-v1/291.jpg;
292;Tio Patinhas;Abril;1;https://www.guiadosquadrinhos.com/capas/tio-patinhas/tph0031;https://www.papersera.net/vilaxurupita/tp/tp276_300.htm;https://www.papersera.net/vilaxurupita/tp/br_tp_0292a.jpg;200;image/jpeg;204;312;31402;ad5517b1c77a3106e64313eab52b0411714434b4670ad386b3f523b637317789;image/jpeg;37113;169721c36979f50aa649164d786a4031623dbf2a8fe35e3a26713b90adf177af;backend/src/main/resources/META-INF/resources/capas/tio-patinhas-abril-v1/292.jpg;
293;Tio Patinhas;Abril;1;https://www.guiadosquadrinhos.com/capas/tio-patinhas/tph0031;https://www.papersera.net/vilaxurupita/tp/tp276_300.htm;https://www.papersera.net/vilaxurupita/tp/br_tp_0293a.gif;200;image/gif;204;312;28890;c1d2a70f490d4c6ad9d768790b4d3bc37f50b84a3cff0c4ddb234ca9cfd292f4;image/jpeg;49723;f7144a4b383023aed74feba716d9c75ea732a92aae4d51d92309221355f7dc55;backend/src/main/resources/META-INF/resources/capas/tio-patinhas-abril-v1/293.jpg;
294;Tio Patinhas;Abril;1;https://www.guiadosquadrinhos.com/capas/tio-patinhas/tph0031;https://www.papersera.net/vilaxurupita/tp/tp276_300.htm;https://www.papersera.net/vilaxurupita/tp/br_tp_0294a.gif;200;image/gif;204;312;22663;d2953070bf7fe60a28bed835406fdf3dac24652530057846fa6f6b2fb6689c5b;image/jpeg;48765;dd988a4505a5271aafdd7b9c4187187be7501f2e9f90b45cfa5b67559a62b5e4;backend/src/main/resources/META-INF/resources/capas/tio-patinhas-abril-v1/294.jpg;
295;Tio Patinhas;Abril;1;https://www.guiadosquadrinhos.com/capas/tio-patinhas/tph0031;https://www.papersera.net/vilaxurupita/tp/tp276_300.htm;https://www.papersera.net/vilaxurupita/tp/br_tp_0295a.gif;200;image/gif;204;312;26252;e3b404407c4f77aa9e00865bbd07521354b9c8e9fb751d90482defd99128a064;image/jpeg;49149;491e1d6edd213fbedde93e33eed91a507b0f02240de7b31a556f4f307b758df1;backend/src/main/resources/META-INF/resources/capas/tio-patinhas-abril-v1/295.jpg;
296;Tio Patinhas;Abril;1;https://www.guiadosquadrinhos.com/capas/tio-patinhas/tph0031;https://www.papersera.net/vilaxurupita/tp/tp276_300.htm;https://www.papersera.net/vilaxurupita/tp/br_tp_0296a.jpg;200;image/jpeg;204;312;36029;776e7626b7483bbc1159a373c9e34983edfe979e027958dbfd79ccdb0539417d;image/jpeg;42455;4267d26357e929bafd697ba111d2a2034715b777115df2ebcead03cb79b28278;backend/src/main/resources/META-INF/resources/capas/tio-patinhas-abril-v1/296.jpg;
297;Tio Patinhas;Abril;1;https://www.guiadosquadrinhos.com/capas/tio-patinhas/tph0031;https://www.papersera.net/vilaxurupita/tp/tp276_300.htm;https://www.papersera.net/vilaxurupita/tp/br_tp_0297a.gif;200;image/gif;204;312;19791;10ad7c6a0544ffdd31b64effa1f05fe2754db34eb9a2b65f7c0e4c96331366db;image/jpeg;40874;e1410fd988cb0f5b9a7827a69408f3a9b7692a0759679ac64f72c0a51377c45e;backend/src/main/resources/META-INF/resources/capas/tio-patinhas-abril-v1/297.jpg;
298;Tio Patinhas;Abril;1;https://www.guiadosquadrinhos.com/capas/tio-patinhas/tph0031;https://www.papersera.net/vilaxurupita/tp/tp276_300.htm;https://www.papersera.net/vilaxurupita/tp/br_tp_0298a.gif;200;image/gif;204;312;23721;40bc1bf1caf80bad80826a5bd8129364815d0f252dd4d213400ec0e2e5d55dfc;image/jpeg;48713;9e35a64ed3d7907885d142e51d28922381f4bc20e2d966ddadff621fe131d4e2;backend/src/main/resources/META-INF/resources/capas/tio-patinhas-abril-v1/298.jpg;
299;Tio Patinhas;Abril;1;https://www.guiadosquadrinhos.com/capas/tio-patinhas/tph0031;https://www.papersera.net/vilaxurupita/tp/tp276_300.htm;https://www.papersera.net/vilaxurupita/tp/br_tp_0299a.gif;200;image/gif;204;312;25116;4160de7bf72d3505de335b1545a5387b6aa41ac7b0dd6f381580afc5174e2d9f;image/jpeg;50081;77060ee02b365ac8c43971301c8ee2c63db76e46eaad64e9e897164aba766c53;backend/src/main/resources/META-INF/resources/capas/tio-patinhas-abril-v1/299.jpg;
300;Tio Patinhas;Abril;1;https://www.guiadosquadrinhos.com/capas/tio-patinhas/tph0031;https://www.papersera.net/vilaxurupita/tp/tp276_300.htm;https://www.papersera.net/vilaxurupita/tp/br_tp_0300a.gif;200;image/gif;204;312;24826;e8eeda6a1b47a1ce7c309294b8e9bbbbb4af7e41c6caa7c1ca001c68e369be70;image/jpeg;50684;0ef3f5cc1b239f106aef8aeb8c63bccd41fa00bcb2cc433d0572545d7a2df0e6;backend/src/main/resources/META-INF/resources/capas/tio-patinhas-abril-v1/300.jpg;
301;Tio Patinhas;Abril;1;https://www.guiadosquadrinhos.com/capas/tio-patinhas/tph0031;https://www.papersera.net/vilaxurupita/tp/tp301_325.htm;https://www.papersera.net/vilaxurupita/tp/br_tp_0301a.jpg;200;image/jpeg;204;312;33959;97d4bd33910225a533d9b2708ab9b7c306f2e6fb5da41132e0d445c865a784e6;image/jpeg;40212;6ec47652a65c1a0d12f902664a6fa362589066a5cd9cc601262140b4a8545ef1;backend/src/main/resources/META-INF/resources/capas/tio-patinhas-abril-v1/301.jpg;
302;Tio Patinhas;Abril;1;https://www.guiadosquadrinhos.com/capas/tio-patinhas/tph0031;https://www.papersera.net/vilaxurupita/tp/tp301_325.htm;https://www.papersera.net/vilaxurupita/tp/br_tp_0302a.gif;200;image/gif;204;312;20555;891dfea570cd99e085e65d03916b48048a4c80fa31a09d721a72012404a5e381;image/jpeg;46792;607bb05d549a4cd63a9f3d969d64e8178272a5f2c8e7e2bf000e4ec8186ac715;backend/src/main/resources/META-INF/resources/capas/tio-patinhas-abril-v1/302.jpg;
303;Tio Patinhas;Abril;1;https://www.guiadosquadrinhos.com/capas/tio-patinhas/tph0031;https://www.papersera.net/vilaxurupita/tp/tp301_325.htm;https://www.papersera.net/vilaxurupita/tp/br_tp_0303a.gif;200;image/gif;204;312;28877;4684f4199a6e8c6b7832d88241e6e99f6c244868a509213b6eeb6560b9099427;image/jpeg;53581;d92516f2ba9ee49ad0c6392d5ac0596bd3dcdb73187818d851f8e71f92a81dd1;backend/src/main/resources/META-INF/resources/capas/tio-patinhas-abril-v1/303.jpg;
304;Tio Patinhas;Abril;1;https://www.guiadosquadrinhos.com/capas/tio-patinhas/tph0031;https://www.papersera.net/vilaxurupita/tp/tp301_325.htm;https://www.papersera.net/vilaxurupita/tp/br_tp_0304a.gif;200;image/gif;204;312;25117;98f8550aecdcf031be5a548c1d47af7fd0222089825b6ed9d551e5cd178c7426;image/jpeg;49440;3eeed2d7a40aa7e54471c9c1a4206e0f5f98d8cb6b97787c541337b9791ae20e;backend/src/main/resources/META-INF/resources/capas/tio-patinhas-abril-v1/304.jpg;
305;Tio Patinhas;Abril;1;https://www.guiadosquadrinhos.com/capas/tio-patinhas/tph0031;https://www.papersera.net/vilaxurupita/tp/tp301_325.htm;https://www.papersera.net/vilaxurupita/tp/br_tp_0305a.jpg;200;image/jpeg;204;312;34974;79f9361515b8e709eb07c9258b3cebcddd9e8eeea82247303c316a34ab34dfe4;image/jpeg;41425;e9fdeb419dc490eb5ca11f59f6a7f7efbb391e81818ab185a53ff7bdf9e89967;backend/src/main/resources/META-INF/resources/capas/tio-patinhas-abril-v1/305.jpg;
306;Tio Patinhas;Abril;1;https://www.guiadosquadrinhos.com/capas/tio-patinhas/tph0031;https://www.papersera.net/vilaxurupita/tp/tp301_325.htm;https://www.papersera.net/vilaxurupita/tp/br_tp_0306a.jpg;200;image/jpeg;204;312;38386;52441d50a7039e3ab5eeb3da92b278b4c98d62512b1f3cac8c74b9c902cb7caa;image/jpeg;39518;304807676984f113bcaf2bbc9eee8c744956ea851165261fcddc35537515e167;backend/src/main/resources/META-INF/resources/capas/tio-patinhas-abril-v1/306.jpg;
307;Tio Patinhas;Abril;1;https://www.guiadosquadrinhos.com/capas/tio-patinhas/tph0031;https://www.papersera.net/vilaxurupita/tp/tp301_325.htm;https://www.papersera.net/vilaxurupita/tp/br_tp_0307a.jpg;200;image/jpeg;204;312;30246;96f11b7db5e3e19e34535ffb95e57750a8a8cda399c36da7af932129d248cb3b;image/jpeg;35805;e4b1148d8560c2137a802bbd5cdba8e62402cb4c902921769616450e5983b61f;backend/src/main/resources/META-INF/resources/capas/tio-patinhas-abril-v1/307.jpg;
308;Tio Patinhas;Abril;1;https://www.guiadosquadrinhos.com/capas/tio-patinhas/tph0031;https://www.papersera.net/vilaxurupita/tp/tp301_325.htm;https://www.papersera.net/vilaxurupita/tp/br_tp_0308a.gif;200;image/gif;204;312;30113;53d07ef57ff34c26448471523cc5cfeebda24ac29fd9e630cad1ffca65081017;image/jpeg;49415;6881dca1be5dd11e84389dc0c846562f47c1e8b8d1ff91dbedc2f9076838b0eb;backend/src/main/resources/META-INF/resources/capas/tio-patinhas-abril-v1/308.jpg;
309;Tio Patinhas;Abril;1;https://www.guiadosquadrinhos.com/capas/tio-patinhas/tph0031;https://www.papersera.net/vilaxurupita/tp/tp301_325.htm;https://www.papersera.net/vilaxurupita/tp/br_tp_0309a.gif;200;image/gif;204;312;24498;8f18948ed7285510543aa761af0d337f823d4e2234d43643ff8d9fd5839fe700;image/jpeg;46618;01a2c5b4d272258f116a14b9a2f2670f378ce8bba034150fa8a52698daae5788;backend/src/main/resources/META-INF/resources/capas/tio-patinhas-abril-v1/309.jpg;
310;Tio Patinhas;Abril;1;https://www.guiadosquadrinhos.com/capas/tio-patinhas/tph0031;https://www.papersera.net/vilaxurupita/tp/tp301_325.htm;https://www.papersera.net/vilaxurupita/tp/br_tp_0310a.jpg;200;image/jpeg;204;312;32868;b81afa76ee74d0f7dd7af1d1372a4e52d19e39c2ddf1b2dbfe442eac12faf8ea;image/jpeg;38666;e1dceb2a8cfaf2a97418e229a90103174acaa7165d835fa99969d5ffeddb58ef;backend/src/main/resources/META-INF/resources/capas/tio-patinhas-abril-v1/310.jpg;
311;Tio Patinhas;Abril;1;https://www.guiadosquadrinhos.com/capas/tio-patinhas/tph0031;https://www.papersera.net/vilaxurupita/tp/tp301_325.htm;https://www.papersera.net/vilaxurupita/tp/br_tp_0311a.jpg;200;image/jpeg;204;312;36113;b65d9d65a9f48f9953dae635fd5713a856fd385e21c5939b5ab1d236d8ebc7e5;image/jpeg;42353;e4c4f9cb943e9a2d8559f47c39e97d1e3a6cb35fade32ed28321e2d4e1299693;backend/src/main/resources/META-INF/resources/capas/tio-patinhas-abril-v1/311.jpg;
312;Tio Patinhas;Abril;1;https://www.guiadosquadrinhos.com/capas/tio-patinhas/tph0031;https://www.papersera.net/vilaxurupita/tp/tp301_325.htm;https://www.papersera.net/vilaxurupita/tp/br_tp_0312a.gif;200;image/gif;204;312;24486;c345b84b1f1086d9739cc57d23865a2273e07bf9206818d1c5de1a25f3177b73;image/jpeg;47341;156ba4e57b34593bff72f5dcba8e6a82bf21624ddef8a5fbef7aba35a83b1de2;backend/src/main/resources/META-INF/resources/capas/tio-patinhas-abril-v1/312.jpg;
313;Tio Patinhas;Abril;1;https://www.guiadosquadrinhos.com/capas/tio-patinhas/tph0031;https://www.papersera.net/vilaxurupita/tp/tp301_325.htm;https://www.papersera.net/vilaxurupita/tp/br_tp_0313a.gif;200;image/gif;204;312;22287;974fc61cb4a8455ea07bf9418b23380a23ee6d502e2cf1699449f88787179781;image/jpeg;45233;14f4e7a7653bca6eac9fa0f6398abbf83e29ccb37e835163a84b5ceab31297d1;backend/src/main/resources/META-INF/resources/capas/tio-patinhas-abril-v1/313.jpg;
314;Tio Patinhas;Abril;1;https://www.guiadosquadrinhos.com/capas/tio-patinhas/tph0031;https://www.papersera.net/vilaxurupita/tp/tp301_325.htm;https://www.papersera.net/vilaxurupita/tp/br_tp_0314a.gif;200;image/gif;204;312;25486;d471f71374b97ce6f8be32474c1379c68b5f7b3673b670b85e932fc3702d50c1;image/jpeg;49310;0984f1f37779ab44be43a7b2e945f99334abee42dccf0839d7b2bd03fd9003ab;backend/src/main/resources/META-INF/resources/capas/tio-patinhas-abril-v1/314.jpg;
315;Tio Patinhas;Abril;1;https://www.guiadosquadrinhos.com/capas/tio-patinhas/tph0031;https://www.papersera.net/vilaxurupita/tp/tp301_325.htm;https://www.papersera.net/vilaxurupita/tp/br_tp_0315a.gif;200;image/gif;204;312;27260;96057de492ac7eae1f05d09a286466a182a57901d2275cf741d96e915c56bbf9;image/jpeg;47534;13c0dd7a0c86f742a01c99119612b512699900c524f0f532442546a9ea067301;backend/src/main/resources/META-INF/resources/capas/tio-patinhas-abril-v1/315.jpg;
316;Tio Patinhas;Abril;1;https://www.guiadosquadrinhos.com/capas/tio-patinhas/tph0031;https://www.papersera.net/vilaxurupita/tp/tp301_325.htm;https://www.papersera.net/vilaxurupita/tp/br_tp_0316a.gif;200;image/gif;204;312;25080;85ae9f326465115a3162ed2f6e9b6899bd96bd359bdedda1d2b3900cd680854d;image/jpeg;42851;f1defa3edc1371aa39df081b7c1e68d3676057d84639260d4827e501149625de;backend/src/main/resources/META-INF/resources/capas/tio-patinhas-abril-v1/316.jpg;
317;Tio Patinhas;Abril;1;https://www.guiadosquadrinhos.com/capas/tio-patinhas/tph0031;https://www.papersera.net/vilaxurupita/tp/tp301_325.htm;https://www.papersera.net/vilaxurupita/tp/br_tp_0317a.gif;200;image/gif;204;312;28981;b7c0024ca9d5cb0d20fc5ddb2ea8dbd30de376ce57a748ec7afdb6d533bc337c;image/jpeg;54596;4a815d1c407af14ec3a24ca3d84c3a9627a2a517a077ef3736e612a34316fb4d;backend/src/main/resources/META-INF/resources/capas/tio-patinhas-abril-v1/317.jpg;
318;Tio Patinhas;Abril;1;https://www.guiadosquadrinhos.com/capas/tio-patinhas/tph0031;https://www.papersera.net/vilaxurupita/tp/tp301_325.htm;https://www.papersera.net/vilaxurupita/tp/br_tp_0318a.gif;200;image/gif;204;312;33507;c5f11ec3e64fefc530a78648d3d72d62b2d47c28e404eab9fad27bde16323dfe;image/jpeg;50721;00e2d5bbde094386533cceaee35a62625efed34923a5f38e7fdf981699a62e22;backend/src/main/resources/META-INF/resources/capas/tio-patinhas-abril-v1/318.jpg;
319;Tio Patinhas;Abril;1;https://www.guiadosquadrinhos.com/capas/tio-patinhas/tph0031;https://www.papersera.net/vilaxurupita/tp/tp301_325.htm;https://www.papersera.net/vilaxurupita/tp/br_tp_0319a.gif;200;image/gif;204;312;20365;f226953148be24003526e1da854aa19a7323309b895d3acd4b9be1048081291a;image/jpeg;44429;fb07077ebdfa1467ef09145c3e6012750f170b07a1c2c3ad623f1f60637ab9d4;backend/src/main/resources/META-INF/resources/capas/tio-patinhas-abril-v1/319.jpg;
320;Tio Patinhas;Abril;1;https://www.guiadosquadrinhos.com/capas/tio-patinhas/tph0031;https://www.papersera.net/vilaxurupita/tp/tp301_325.htm;https://www.papersera.net/vilaxurupita/tp/br_tp_0320a.gif;200;image/gif;204;312;23471;5993d2a678b74012f8f6245ede15041410cd0a22541cf3f47fe24a26fbd68e7d;image/jpeg;46063;23971684f1034116403098ed1f74ac1b480a3beedd59b7ea93b301b21f41aaa6;backend/src/main/resources/META-INF/resources/capas/tio-patinhas-abril-v1/320.jpg;
321;Tio Patinhas;Abril;1;https://www.guiadosquadrinhos.com/capas/tio-patinhas/tph0031;https://www.papersera.net/vilaxurupita/tp/tp301_325.htm;https://www.papersera.net/vilaxurupita/tp/br_tp_0321a.gif;200;image/gif;204;312;21451;b7e46f527aa760693e674fc625efe4c5575fe279e78581652d37ced7221f462d;image/jpeg;44376;c2edcc53109da89de1f1709b5c066e41874b5248f9a9411808de5a12696f98e1;backend/src/main/resources/META-INF/resources/capas/tio-patinhas-abril-v1/321.jpg;
322;Tio Patinhas;Abril;1;https://www.guiadosquadrinhos.com/capas/tio-patinhas/tph0031;https://www.papersera.net/vilaxurupita/tp/tp301_325.htm;https://www.papersera.net/vilaxurupita/tp/br_tp_0322a.gif;200;image/gif;204;312;33401;699587eb7d1f7e709be55676aeceb74c48ca626a385ed81a49e839447cfee047;image/jpeg;50271;0acef666886d599ac5b3bc2793d8b830ac8eab95af45f68462587b000028b6bf;backend/src/main/resources/META-INF/resources/capas/tio-patinhas-abril-v1/322.jpg;
323;Tio Patinhas;Abril;1;https://www.guiadosquadrinhos.com/capas/tio-patinhas/tph0031;https://www.papersera.net/vilaxurupita/tp/tp301_325.htm;https://www.papersera.net/vilaxurupita/tp/br_tp_0323a.jpg;200;image/jpeg;204;312;40024;cd3ab8e5f897bf0ad5243d02c86f9c74ea8e263d4395d193edad42063f8bbbb7;image/jpeg;43281;54144de1997a346b165a42bbdd4b4387559c62a47980f84b6c2d3b7523f8805c;backend/src/main/resources/META-INF/resources/capas/tio-patinhas-abril-v1/323.jpg;
324;Tio Patinhas;Abril;1;https://www.guiadosquadrinhos.com/capas/tio-patinhas/tph0031;https://www.papersera.net/vilaxurupita/tp/tp301_325.htm;https://www.papersera.net/vilaxurupita/tp/br_tp_0324a.gif;200;image/gif;204;312;21808;e306d05fa77946f4f1dc294a593a97af3bf1b0aec025be4119ba512568151c02;image/jpeg;41347;9cc18ec10bccea692af1d39c8205567b9ce1d25d58bd9aa9b5931db894da867b;backend/src/main/resources/META-INF/resources/capas/tio-patinhas-abril-v1/324.jpg;
325;Tio Patinhas;Abril;1;https://www.guiadosquadrinhos.com/capas/tio-patinhas/tph0031;https://www.papersera.net/vilaxurupita/tp/tp301_325.htm;https://www.papersera.net/vilaxurupita/tp/br_tp_0325a.gif;200;image/gif;204;312;27878;7ba64a18c04f0756a80c5875ebe8bdec2a702bd7435d05cd8754832b7191f3dc;image/jpeg;50059;c24996b03f4cd0dcd84caf7bff3c4909a8ccf4169fafe6e6abd8400ebd3ed507;backend/src/main/resources/META-INF/resources/capas/tio-patinhas-abril-v1/325.jpg;
326;Tio Patinhas;Abril;1;https://www.guiadosquadrinhos.com/capas/tio-patinhas/tph0031;https://www.papersera.net/vilaxurupita/tp/tp326_350.htm;https://www.papersera.net/vilaxurupita/tp/br_tp_0326a.gif;200;image/gif;204;312;35785;6a5f6dc53c1e99742639fcc25a3d2615e05dbb947b965670ca4d6be65798ad89;image/jpeg;52058;df90110242710046d7f57693beadd034c68df0068f653b802c17cd3e59fae2f1;backend/src/main/resources/META-INF/resources/capas/tio-patinhas-abril-v1/326.jpg;
327;Tio Patinhas;Abril;1;https://www.guiadosquadrinhos.com/capas/tio-patinhas/tph0031;https://www.papersera.net/vilaxurupita/tp/tp326_350.htm;https://www.papersera.net/vilaxurupita/tp/br_tp_0327a.gif;200;image/gif;204;312;29271;f803ada57a4b737d1fadf249ec92a28eac0b1ed49c0c18d6b348fb23998bf941;image/jpeg;53388;d1aeb117b559ad353cab23722dbe86db5b36c030993d74aa21dea5818646f42e;backend/src/main/resources/META-INF/resources/capas/tio-patinhas-abril-v1/327.jpg;
328;Tio Patinhas;Abril;1;https://www.guiadosquadrinhos.com/capas/tio-patinhas/tph0031;https://www.papersera.net/vilaxurupita/tp/tp326_350.htm;https://www.papersera.net/vilaxurupita/tp/br_tp_0328a.gif;200;image/gif;204;312;21493;cfa79503a68478afc572a44886193ee1ae29d7cd4258f517754e24334fdaf223;image/jpeg;43556;3591ad6ed1249602a7fc65623fb7c1c43106fcd1f5f7768e88441c0b3f101acf;backend/src/main/resources/META-INF/resources/capas/tio-patinhas-abril-v1/328.jpg;
329;Tio Patinhas;Abril;1;https://www.guiadosquadrinhos.com/capas/tio-patinhas/tph0031;https://www.papersera.net/vilaxurupita/tp/tp326_350.htm;https://www.papersera.net/vilaxurupita/tp/br_tp_0329a.gif;200;image/gif;204;312;22269;2a25bbffee62797e0e75877c35b6834a5ca742e905158ce226fcb9fd8fcc5728;image/jpeg;43224;a9324578a17e98fd1a2cea5cffdcbf5d96f8328478b75db048ec306ff3a8f048;backend/src/main/resources/META-INF/resources/capas/tio-patinhas-abril-v1/329.jpg;
330;Tio Patinhas;Abril;1;https://www.guiadosquadrinhos.com/capas/tio-patinhas/tph0031;https://www.papersera.net/vilaxurupita/tp/tp326_350.htm;https://www.papersera.net/vilaxurupita/tp/br_tp_0330a.gif;200;image/gif;204;312;29276;ffe06d795ef2f58be3fe2a7b69c96c2fb5e70e663cdec204256860458371440c;image/jpeg;49524;b4defb837dde2b392977817b4117f18401e37e83cbbf42d9157c9449b59f69b0;backend/src/main/resources/META-INF/resources/capas/tio-patinhas-abril-v1/330.jpg;
331;Tio Patinhas;Abril;1;https://www.guiadosquadrinhos.com/capas/tio-patinhas/tph0031;https://www.papersera.net/vilaxurupita/tp/tp326_350.htm;https://www.papersera.net/vilaxurupita/tp/br_tp_0331a.gif;200;image/gif;204;312;29365;14096cf4bdd66470b7f8b6f57d0f8a8144b6bf06ab45d0b87eb192cd337a1610;image/jpeg;50220;48575d734352c151e9017548b8d5a924d625465c5cd726558a266951e4e8f65b;backend/src/main/resources/META-INF/resources/capas/tio-patinhas-abril-v1/331.jpg;
332;Tio Patinhas;Abril;1;https://www.guiadosquadrinhos.com/capas/tio-patinhas/tph0031;https://www.papersera.net/vilaxurupita/tp/tp326_350.htm;https://www.papersera.net/vilaxurupita/tp/br_tp_0332a.gif;200;image/gif;204;312;33693;6c6184a02cf1f6d2b576a1d9c484f2b4f04b836d9083b00c002ec75ef435238f;image/jpeg;57312;abdced13be2ede3a5d3a340ea395fdeda694eb5feccf041c6b47d5c871b2c37f;backend/src/main/resources/META-INF/resources/capas/tio-patinhas-abril-v1/332.jpg;
333;Tio Patinhas;Abril;1;https://www.guiadosquadrinhos.com/capas/tio-patinhas/tph0031;https://www.papersera.net/vilaxurupita/tp/tp326_350.htm;https://www.papersera.net/vilaxurupita/tp/br_tp_0333a.gif;200;image/gif;204;312;33591;61f3aba3b0baa78fae81e542888b5f1a8e73ce9d69ad9fbaf54c7f86fe10a1c1;image/jpeg;55198;430efebb6f0e01824023450fcba33ac1d41e0e2bb258cdbeb79d80acbf206e13;backend/src/main/resources/META-INF/resources/capas/tio-patinhas-abril-v1/333.jpg;
334;Tio Patinhas;Abril;1;https://www.guiadosquadrinhos.com/capas/tio-patinhas/tph0031;https://www.papersera.net/vilaxurupita/tp/tp326_350.htm;https://www.papersera.net/vilaxurupita/tp/br_tp_0334a.gif;200;image/gif;204;312;27081;11eb4c11564601809dc0134d9b5cf555f86fb673e1e7b3f90e780ec576bbc27b;image/jpeg;50298;d2e165c66ed8e1c3627ab9466bd5ae3e67c77d7332c11e6722444e7004e0eed4;backend/src/main/resources/META-INF/resources/capas/tio-patinhas-abril-v1/334.jpg;
335;Tio Patinhas;Abril;1;https://www.guiadosquadrinhos.com/capas/tio-patinhas/tph0031;https://www.papersera.net/vilaxurupita/tp/tp326_350.htm;https://www.papersera.net/vilaxurupita/tp/br_tp_0335a.gif;200;image/gif;204;312;29150;aaaf3162782475e8e57e586c2f0822611b624783b76367ea8ad85afc738c236a;image/jpeg;48891;e4b499362270d352ee6c1317c88fc54fd948ed50e61fdc6616b072f526625332;backend/src/main/resources/META-INF/resources/capas/tio-patinhas-abril-v1/335.jpg;
336;Tio Patinhas;Abril;1;https://www.guiadosquadrinhos.com/capas/tio-patinhas/tph0031;https://www.papersera.net/vilaxurupita/tp/tp326_350.htm;https://www.papersera.net/vilaxurupita/tp/br_tp_0336a.gif;200;image/gif;204;312;30230;280739b1acce6f2ff038779eaa9ffe7b43bfd05009c184828a8c208c650f53f5;image/jpeg;50702;a999aa97a2ade1fcf4c242b30140cd6729de327c9004e139920d09e2619acbaa;backend/src/main/resources/META-INF/resources/capas/tio-patinhas-abril-v1/336.jpg;
337;Tio Patinhas;Abril;1;https://www.guiadosquadrinhos.com/capas/tio-patinhas/tph0031;https://www.papersera.net/vilaxurupita/tp/tp326_350.htm;https://www.papersera.net/vilaxurupita/tp/br_tp_0337a.gif;200;image/gif;204;312;33614;f76684ef6a5c5dc0a94b2c6443d4b5b73dc59f49aa65c9f6e242b0a0db72e17a;image/jpeg;55007;d3a249368d02bbef74cb22d915086033571060fdeb22a09dc35b9353cdb1eb0e;backend/src/main/resources/META-INF/resources/capas/tio-patinhas-abril-v1/337.jpg;
338;Tio Patinhas;Abril;1;https://www.guiadosquadrinhos.com/capas/tio-patinhas/tph0031;https://www.papersera.net/vilaxurupita/tp/tp326_350.htm;https://www.papersera.net/vilaxurupita/tp/br_tp_0338a.gif;200;image/gif;204;312;26671;4deff4a9bc395f3a49d09fbe5a7a2b9e5baf5d8ea15aa3f37b6d88996b3e5aa9;image/jpeg;48535;a4d40ae9796732211530cbae4fdf01ddfcb57e978ade704efa40bb2b7b23ccbc;backend/src/main/resources/META-INF/resources/capas/tio-patinhas-abril-v1/338.jpg;
339;Tio Patinhas;Abril;1;https://www.guiadosquadrinhos.com/capas/tio-patinhas/tph0031;https://www.papersera.net/vilaxurupita/tp/tp326_350.htm;https://www.papersera.net/vilaxurupita/tp/br_tp_0339a.gif;200;image/gif;204;312;23238;7fd0117fa9d86ee2d9ec5d26767fd8258b917a7ea1517a213c57a8dd571b6dc3;image/jpeg;45561;637149da5c64428d004142bbc1895b4152b328e592b729ad48b2ad708e44bbaa;backend/src/main/resources/META-INF/resources/capas/tio-patinhas-abril-v1/339.jpg;
340;Tio Patinhas;Abril;1;https://www.guiadosquadrinhos.com/capas/tio-patinhas/tph0031;https://www.papersera.net/vilaxurupita/tp/tp326_350.htm;https://www.papersera.net/vilaxurupita/tp/br_tp_0340a.gif;200;image/gif;204;312;23361;3e0a8bccda9142b6cf76e2b4046bcf82a2ad995eaabf5efdea24f4e68dd4029c;image/jpeg;45541;dcece455e33525500920b50c5a5889926ed6982499373360a72e0289326c1fce;backend/src/main/resources/META-INF/resources/capas/tio-patinhas-abril-v1/340.jpg;
341;Tio Patinhas;Abril;1;https://www.guiadosquadrinhos.com/capas/tio-patinhas/tph0031;https://www.papersera.net/vilaxurupita/tp/tp326_350.htm;https://www.papersera.net/vilaxurupita/tp/br_tp_0341a.gif;200;image/gif;204;312;23391;65c11d3b36b26a94fa0ec8c9dc3925e73d01f056ec88365363d0db51927b524c;image/jpeg;45390;6ef126a29d449233b29bab04e8b1ae541754264bb456e277726b9c18e970855e;backend/src/main/resources/META-INF/resources/capas/tio-patinhas-abril-v1/341.jpg;
342;Tio Patinhas;Abril;1;https://www.guiadosquadrinhos.com/capas/tio-patinhas/tph0031;https://www.papersera.net/vilaxurupita/tp/tp326_350.htm;https://www.papersera.net/vilaxurupita/tp/br_tp_0342a.gif;200;image/gif;204;312;17934;204544e3ae7a51be84b5f6cc1e9d883ac9b0035ae970afd70c1539508aff0244;image/jpeg;39348;cee5007c239236cf39f3f0e7b6e5de970a01b4db4c6b05bd147d99347e4cc72a;backend/src/main/resources/META-INF/resources/capas/tio-patinhas-abril-v1/342.jpg;
343;Tio Patinhas;Abril;1;https://www.guiadosquadrinhos.com/capas/tio-patinhas/tph0031;https://www.papersera.net/vilaxurupita/tp/tp326_350.htm;https://www.papersera.net/vilaxurupita/tp/br_tp_0343a.gif;200;image/gif;204;312;20302;36516b2d472fd34d6e39ce3a8c80e9eeceae6fa3900e6751d4325911b2570083;image/jpeg;40391;16e9990fe9fc8395008c0772ddfda1ca6c6cab5f5a5d9010e5565c3d9c57809c;backend/src/main/resources/META-INF/resources/capas/tio-patinhas-abril-v1/343.jpg;
344;Tio Patinhas;Abril;1;https://www.guiadosquadrinhos.com/capas/tio-patinhas/tph0031;https://www.papersera.net/vilaxurupita/tp/tp326_350.htm;https://www.papersera.net/vilaxurupita/tp/br_tp_0344a.gif;200;image/gif;204;312;23522;cb373cf06378a6a59f28f481353dea72eb95d61d471177b1eb6c8ce00108955a;image/jpeg;40463;88e698ffcbd3fbe1732531ef6c6a25e837572edeb4c2170bb9a7c2bd483d8c1b;backend/src/main/resources/META-INF/resources/capas/tio-patinhas-abril-v1/344.jpg;
345;Tio Patinhas;Abril;1;https://www.guiadosquadrinhos.com/capas/tio-patinhas/tph0031;https://www.papersera.net/vilaxurupita/tp/tp326_350.htm;https://www.papersera.net/vilaxurupita/tp/br_tp_0345a.gif;200;image/gif;204;312;23215;2cc2dee3cf9646a319f1e1446b702c86e8e0e15aaf5ce947839d5c24a199301d;image/jpeg;42979;ec8fb035a5e51ebed94ff1d1f699979d2b41df7f365f4a68411758eabb22e51c;backend/src/main/resources/META-INF/resources/capas/tio-patinhas-abril-v1/345.jpg;
346;Tio Patinhas;Abril;1;https://www.guiadosquadrinhos.com/capas/tio-patinhas/tph0031;https://www.papersera.net/vilaxurupita/tp/tp326_350.htm;https://www.papersera.net/vilaxurupita/tp/br_tp_0346a.gif;200;image/gif;204;312;22133;33a2d4e2cc72c4a8164b499b6f284f6fea0d19b84616db12c63bf0068816338a;image/jpeg;41802;ce27bb47f3c71675dcec785c05cbde9e95010477cb86652c544e55769e26a86d;backend/src/main/resources/META-INF/resources/capas/tio-patinhas-abril-v1/346.jpg;
347;Tio Patinhas;Abril;1;https://www.guiadosquadrinhos.com/capas/tio-patinhas/tph0031;https://www.papersera.net/vilaxurupita/tp/tp326_350.htm;https://www.papersera.net/vilaxurupita/tp/br_tp_0347a.jpg;200;image/jpeg;204;312;36207;3a37cd5e46a0aaba62e6b9b67630a1d3fc29d41a8d3ca4b2127bfbfdf4426d76;image/jpeg;42652;f47c8b43b5dd365d2b034641cfa26ded26645383df28cc74a149d2f2ff28a425;backend/src/main/resources/META-INF/resources/capas/tio-patinhas-abril-v1/347.jpg;
348;Tio Patinhas;Abril;1;https://www.guiadosquadrinhos.com/capas/tio-patinhas/tph0031;https://www.papersera.net/vilaxurupita/tp/tp326_350.htm;https://www.papersera.net/vilaxurupita/tp/br_tp_0348a.gif;200;image/gif;204;312;23353;82f146d0b5f83058c243fee99161e6fb11b2a41fce5aebbd72bf695afa8f4963;image/jpeg;39979;d2fe08cebc044123a3de9c44fcfcad189e720aaddbf75512084e1a5d995d9303;backend/src/main/resources/META-INF/resources/capas/tio-patinhas-abril-v1/348.jpg;
349;Tio Patinhas;Abril;1;https://www.guiadosquadrinhos.com/capas/tio-patinhas/tph0031;https://www.papersera.net/vilaxurupita/tp/tp326_350.htm;https://www.papersera.net/vilaxurupita/tp/br_tp_0349a.gif;200;image/gif;204;312;33325;2bfcad41cf9c09df9d86252bac5046abf2c4a16895718824d170c9d860c134dd;image/jpeg;47527;6f2e5770b7cf38cbfc737a8b70fa8f2342c16b84855e156b8223f17e595ef50a;backend/src/main/resources/META-INF/resources/capas/tio-patinhas-abril-v1/349.jpg;
350;Tio Patinhas;Abril;1;https://www.guiadosquadrinhos.com/capas/tio-patinhas/tph0031;https://www.papersera.net/vilaxurupita/tp/tp326_350.htm;https://www.papersera.net/vilaxurupita/tp/br_tp_0350a.gif;200;image/gif;204;312;28832;baef9012408ab86f38ef4aacff60273eb0f10be25f84e255154a73bd65483d01;image/jpeg;47579;f9dae8894f1b875e7f7c5b5148db628edcebdfbd7dcd80468fb36afbcf0703b1;backend/src/main/resources/META-INF/resources/capas/tio-patinhas-abril-v1/350.jpg;
351;Tio Patinhas;Abril;1;https://www.guiadosquadrinhos.com/capas/tio-patinhas/tph0031;https://www.papersera.net/vilaxurupita/tp/tp351_375.htm;https://www.papersera.net/vilaxurupita/tp/br_tp_0351a.gif;200;image/gif;204;312;33068;7909e92057443abcfc82425de29efde35351e7de91b2cfe7ac6bf4950fb8dd22;image/jpeg;52557;1f4515846f36987c8f4b5e92fcdb97f75e69c9e71e5158a0a6952abe6a41c9c7;backend/src/main/resources/META-INF/resources/capas/tio-patinhas-abril-v1/351.jpg;
352;Tio Patinhas;Abril;1;https://www.guiadosquadrinhos.com/capas/tio-patinhas/tph0031;https://www.papersera.net/vilaxurupita/tp/tp351_375.htm;https://www.papersera.net/vilaxurupita/tp/br_tp_0352a.gif;200;image/gif;204;312;33578;8652d29a78619ca3023e02a04fc9e31274bbb68b3a0f5b00167c475e94eb53a4;image/jpeg;51560;4c4c637911a19536e7605545f2f32d6b98211af849ae8b18e1ce37a7e005df5c;backend/src/main/resources/META-INF/resources/capas/tio-patinhas-abril-v1/352.jpg;
353;Tio Patinhas;Abril;1;https://www.guiadosquadrinhos.com/capas/tio-patinhas/tph0031;https://www.papersera.net/vilaxurupita/tp/tp351_375.htm;https://www.papersera.net/vilaxurupita/tp/br_tp_0353a.gif;200;image/gif;204;312;29506;e8da33acad53b0ea0e669b54f2f8b959ee897e6af880b868006861cd0602c499;image/jpeg;52892;afd3144a7169dde24013afb9c94b147207214b4bb2d412d64e19b3ac4c2f3387;backend/src/main/resources/META-INF/resources/capas/tio-patinhas-abril-v1/353.jpg;
354;Tio Patinhas;Abril;1;https://www.guiadosquadrinhos.com/capas/tio-patinhas/tph0031;https://www.papersera.net/vilaxurupita/tp/tp351_375.htm;https://www.papersera.net/vilaxurupita/tp/br_tp_0354a.gif;200;image/gif;204;312;33626;1514bcccc2297ff6dc5312a515e0726a8f2381c21dfafbe1d0d3923916878830;image/jpeg;56462;c8f7482e0f069e91993d4f44e7dde754190a30007a2d24e96d6f500bfa4fa1fd;backend/src/main/resources/META-INF/resources/capas/tio-patinhas-abril-v1/354.jpg;
355;Tio Patinhas;Abril;1;https://www.guiadosquadrinhos.com/capas/tio-patinhas/tph0031;https://www.papersera.net/vilaxurupita/tp/tp351_375.htm;https://www.papersera.net/vilaxurupita/tp/br_tp_0355a.gif;200;image/gif;204;312;26876;84b0ce796100226f63b5d185a8f7406cabbdac368e566d47b2cb84628f1004bc;image/jpeg;45405;a6ec81ecfd1325831fb155cbbab5a9666b5ac25428ab24c3b9f6acd06ca9a5c0;backend/src/main/resources/META-INF/resources/capas/tio-patinhas-abril-v1/355.jpg;
356;Tio Patinhas;Abril;1;https://www.guiadosquadrinhos.com/capas/tio-patinhas/tph0031;https://www.papersera.net/vilaxurupita/tp/tp351_375.htm;https://www.papersera.net/vilaxurupita/tp/br_tp_0356a.gif;200;image/gif;204;312;32109;f68dc38177099ef24b0aec8722607777bddc70f31bb85335a5968f567bb4fa0b;image/jpeg;51516;f47da5bf81f68760270138f2db19a73d93cd48f9b8601e13a3fd28b89c2e9c2d;backend/src/main/resources/META-INF/resources/capas/tio-patinhas-abril-v1/356.jpg;
357;Tio Patinhas;Abril;1;https://www.guiadosquadrinhos.com/capas/tio-patinhas/tph0031;https://www.papersera.net/vilaxurupita/tp/tp351_375.htm;https://www.papersera.net/vilaxurupita/tp/br_tp_0357a.gif;200;image/gif;204;312;31669;e693ec7a2f6725e96a7e6b5de58da9147818731e1140b1dad1648bb5a02fbe0a;image/jpeg;53127;446f592a265c5667a7ec330c34136287ad64de1d956f9dea603a10f76bd22c65;backend/src/main/resources/META-INF/resources/capas/tio-patinhas-abril-v1/357.jpg;
358;Tio Patinhas;Abril;1;https://www.guiadosquadrinhos.com/capas/tio-patinhas/tph0031;https://www.papersera.net/vilaxurupita/tp/tp351_375.htm;https://www.papersera.net/vilaxurupita/tp/br_tp_0358a.gif;200;image/gif;204;312;24421;50ed5a821c5e2642da98a289d81ae379a33bec99838cf720ecc7ce1dfd65d926;image/jpeg;49511;2ed9c7ac89053e5683ad6e41175b3861e9bc5f526445d5a01397ef63eede1fb9;backend/src/main/resources/META-INF/resources/capas/tio-patinhas-abril-v1/358.jpg;
359;Tio Patinhas;Abril;1;https://www.guiadosquadrinhos.com/capas/tio-patinhas/tph0031;https://www.papersera.net/vilaxurupita/tp/tp351_375.htm;https://www.papersera.net/vilaxurupita/tp/br_tp_0359a.gif;200;image/gif;204;312;29683;f3f9eb211308350f32cb74257d38ea6128ef4a1fbc2de5af2745e88b70db83e1;image/jpeg;53054;33a630162c3da566c3616365e384562a00752c62f08d103578f46e7a13a34b46;backend/src/main/resources/META-INF/resources/capas/tio-patinhas-abril-v1/359.jpg;
360;Tio Patinhas;Abril;1;https://www.guiadosquadrinhos.com/capas/tio-patinhas/tph0031;https://www.papersera.net/vilaxurupita/tp/tp351_375.htm;https://www.papersera.net/vilaxurupita/tp/br_tp_0360a.gif;200;image/gif;204;312;21556;1bb28880ea69670481c6bbe642d666cd65848ea9a4a6774b186e4b07ccf733e3;image/jpeg;45666;4d4532a21540c7a6e054505f1f9879c929d00e9d0df01f36db89f400fe4f9181;backend/src/main/resources/META-INF/resources/capas/tio-patinhas-abril-v1/360.jpg;
361;Tio Patinhas;Abril;1;https://www.guiadosquadrinhos.com/capas/tio-patinhas/tph0031;https://www.papersera.net/vilaxurupita/tp/tp351_375.htm;https://www.papersera.net/vilaxurupita/tp/br_tp_0361a.gif;200;image/gif;204;312;30450;118db7c6fcc9e6634e331960347e7517736222a3de9b97401f497a48f1dbc27e;image/jpeg;51995;f46b410b5aa6787e401f9084e272b5ea9ef0f60af6931bbaa6e9976e49de0cad;backend/src/main/resources/META-INF/resources/capas/tio-patinhas-abril-v1/361.jpg;
362;Tio Patinhas;Abril;1;https://www.guiadosquadrinhos.com/capas/tio-patinhas/tph0031;https://www.papersera.net/vilaxurupita/tp/tp351_375.htm;https://www.papersera.net/vilaxurupita/tp/br_tp_0362a.gif;200;image/gif;204;312;25501;f9ef8527f1f39e890b8bcd74e3ebcc1516bb6ff7ea68efa220600a8e7c965522;image/jpeg;44592;d69508e714a2f5b11884efac9b4a2888353a05a2736fd19bf076d9fd6a2f5603;backend/src/main/resources/META-INF/resources/capas/tio-patinhas-abril-v1/362.jpg;
363;Tio Patinhas;Abril;1;https://www.guiadosquadrinhos.com/capas/tio-patinhas/tph0031;https://www.papersera.net/vilaxurupita/tp/tp351_375.htm;https://www.papersera.net/vilaxurupita/tp/br_tp_0363a.gif;200;image/gif;204;312;51602;61b7371f3056b1d5697da6e0eae4e5b107bcc614ffcd02b376211f64e70f1daa;image/jpeg;57958;3e46e40a02d4bbd6498132466ce60562e0f8bf119b80bee0468f8a67fb058d68;backend/src/main/resources/META-INF/resources/capas/tio-patinhas-abril-v1/363.jpg;
364;Tio Patinhas;Abril;1;https://www.guiadosquadrinhos.com/capas/tio-patinhas/tph0031;https://www.papersera.net/vilaxurupita/tp/tp351_375.htm;https://www.papersera.net/vilaxurupita/tp/br_tp_0364a.gif;200;image/gif;204;312;30564;0b8ed5938bd5171d57dc6b293240f760f447cafabf00d6aecf77edde12547c91;image/jpeg;51325;e804c3ba58b2cc2e189f5e39b2dd2787da11b371952a1da394bda19218740f5d;backend/src/main/resources/META-INF/resources/capas/tio-patinhas-abril-v1/364.jpg;
365;Tio Patinhas;Abril;1;https://www.guiadosquadrinhos.com/capas/tio-patinhas/tph0031;https://www.papersera.net/vilaxurupita/tp/tp351_375.htm;https://www.papersera.net/vilaxurupita/tp/br_tp_0365a.gif;200;image/gif;204;312;36453;99029ce196b71f90be58f987294040b73a635772cc05523977d4aa6cc31a025a;image/jpeg;56593;3906b523c46a875b7b53ad167a517dd414d1b273c861c14181a130804fb37a68;backend/src/main/resources/META-INF/resources/capas/tio-patinhas-abril-v1/365.jpg;
366;Tio Patinhas;Abril;1;https://www.guiadosquadrinhos.com/capas/tio-patinhas/tph0031;https://www.papersera.net/vilaxurupita/tp/tp351_375.htm;https://www.papersera.net/vilaxurupita/tp/br_tp_0366a.gif;200;image/gif;204;312;30741;45cf4702ecde99be881a1a72496c1edf65d458e12a8109bf3989bb1f4840064c;image/jpeg;51646;485468c1eb9a1f9e797dcc9940346868df202f8344dcaf0bac7d9841095f8f6d;backend/src/main/resources/META-INF/resources/capas/tio-patinhas-abril-v1/366.jpg;
367;Tio Patinhas;Abril;1;https://www.guiadosquadrinhos.com/capas/tio-patinhas/tph0031;https://www.papersera.net/vilaxurupita/tp/tp351_375.htm;https://www.papersera.net/vilaxurupita/tp/br_tp_0367a.jpg;200;image/jpeg;204;312;37282;f8ec8768da2cbae7c131e856cfd271291b2085301a955a464d87a09012b043df;image/jpeg;43814;0ddf18197ffc6461926a00518c62626e0fe2686fe5b765571bf4c53fc891a0d3;backend/src/main/resources/META-INF/resources/capas/tio-patinhas-abril-v1/367.jpg;
368;Tio Patinhas;Abril;1;https://www.guiadosquadrinhos.com/capas/tio-patinhas/tph0031;https://www.papersera.net/vilaxurupita/tp/tp351_375.htm;https://www.papersera.net/vilaxurupita/tp/br_tp_0368a.gif;200;image/gif;204;312;32373;3e5c6e50268ed1d4d47d65dec3326187c9a2a760733c8d901265b99f67a1bad9;image/jpeg;53210;11cfe94bd26883c975f87be98f46f690cf88aa9d1af79c05172278c7a0cb389f;backend/src/main/resources/META-INF/resources/capas/tio-patinhas-abril-v1/368.jpg;
369;Tio Patinhas;Abril;1;https://www.guiadosquadrinhos.com/capas/tio-patinhas/tph0031;https://www.papersera.net/vilaxurupita/tp/tp351_375.htm;https://www.papersera.net/vilaxurupita/tp/br_tp_0369a.gif;200;image/gif;204;312;26053;4625775be8f75c739cb0db485e2478ba374cfc8fb2865078624ef45a005f8e20;image/jpeg;47802;fe3a5114e24291f3bb869427c7032ea25e5e70aefa0b662ba91ec55d086d3359;backend/src/main/resources/META-INF/resources/capas/tio-patinhas-abril-v1/369.jpg;
370;Tio Patinhas;Abril;1;https://www.guiadosquadrinhos.com/capas/tio-patinhas/tph0031;https://www.papersera.net/vilaxurupita/tp/tp351_375.htm;https://www.papersera.net/vilaxurupita/tp/br_tp_0370a.gif;200;image/gif;204;312;27423;a580da00c1a5ec95ba1b6ffd62df0d8e6e9bc65e253a839b38c2e5db5ad31a45;image/jpeg;48076;4e37a96b3d4b83be7429e00d18ee4e151537ab7a279d6efbcae1aada68fe6631;backend/src/main/resources/META-INF/resources/capas/tio-patinhas-abril-v1/370.jpg;
371;Tio Patinhas;Abril;1;https://www.guiadosquadrinhos.com/capas/tio-patinhas/tph0031;https://www.papersera.net/vilaxurupita/tp/tp351_375.htm;https://www.papersera.net/vilaxurupita/tp/br_tp_0371a.gif;200;image/gif;204;312;33808;715bbb831302f6decbefa8d06d0c40493ca8ef51c4b118a21f5971f75c10fb19;image/jpeg;53072;2665b008784f9e8f02c25df22a084f3aca43ea9cf4b4c1a4842bb8a0659b0157;backend/src/main/resources/META-INF/resources/capas/tio-patinhas-abril-v1/371.jpg;
372;Tio Patinhas;Abril;1;https://www.guiadosquadrinhos.com/capas/tio-patinhas/tph0031;https://www.papersera.net/vilaxurupita/tp/tp351_375.htm;https://www.papersera.net/vilaxurupita/tp/br_tp_0372a.gif;200;image/gif;204;312;34014;a8de046c7df59185ed55561a06abfc9c9dfb38f0524ef9a5b7efccffb302bec6;image/jpeg;49802;1586c0f494022abe392f9dfa2b478a22e6b381586675686547cbafe191146c34;backend/src/main/resources/META-INF/resources/capas/tio-patinhas-abril-v1/372.jpg;
373;Tio Patinhas;Abril;1;https://www.guiadosquadrinhos.com/capas/tio-patinhas/tph0031;https://www.papersera.net/vilaxurupita/tp/tp351_375.htm;https://www.papersera.net/vilaxurupita/tp/br_tp_0373a.gif;200;image/gif;204;312;31718;d51483b7938016d989612cf59322a1f65685fd2089711ff7cdf997f6815cd9a6;image/jpeg;53142;e7b694afd43400b7e22690b8750eb5be958bd8cea0b4b26dd9d03a9ed78c87a8;backend/src/main/resources/META-INF/resources/capas/tio-patinhas-abril-v1/373.jpg;
374;Tio Patinhas;Abril;1;https://www.guiadosquadrinhos.com/capas/tio-patinhas/tph0031;https://www.papersera.net/vilaxurupita/tp/tp351_375.htm;https://www.papersera.net/vilaxurupita/tp/br_tp_0374a.gif;200;image/gif;204;312;32861;2402c00530a5230c559e5243a7180278e521dbd827a76855de39f7c9648668a1;image/jpeg;51993;dacfb7a1749d0ef978627a0fcdcda691a9e43dd6dde0f6afa771e911af6c8d08;backend/src/main/resources/META-INF/resources/capas/tio-patinhas-abril-v1/374.jpg;
375;Tio Patinhas;Abril;1;https://www.guiadosquadrinhos.com/capas/tio-patinhas/tph0031;https://www.papersera.net/vilaxurupita/tp/tp351_375.htm;https://www.papersera.net/vilaxurupita/tp/br_tp_0375a.gif;200;image/gif;204;312;26849;8044ac6f6e7678d6b11af8740fd70cbc04d26aac431b682fd7562bdc5d756658;image/jpeg;47201;fe86e1cac1b94a6867f42ea6d40319340f62fcc07f124cc4e4ca01ac78c9972f;backend/src/main/resources/META-INF/resources/capas/tio-patinhas-abril-v1/375.jpg;
376;Tio Patinhas;Abril;1;https://www.guiadosquadrinhos.com/capas/tio-patinhas/tph0031;https://www.papersera.net/vilaxurupita/tp/tp376_400.htm;https://www.papersera.net/vilaxurupita/tp/br_tp_0376a.gif;200;image/gif;204;312;26325;ca06edc95f4a39264c2ef5e044669bf2690eb33ca57fa7baabc33b2160d5ab56;image/jpeg;47384;aadcd36957bb9de2e72f350908f0e0f961eb79f0cf4f31ea3f54f119214b24d0;backend/src/main/resources/META-INF/resources/capas/tio-patinhas-abril-v1/376.jpg;
377;Tio Patinhas;Abril;1;https://www.guiadosquadrinhos.com/capas/tio-patinhas/tph0031;https://www.papersera.net/vilaxurupita/tp/tp376_400.htm;https://www.papersera.net/vilaxurupita/tp/br_tp_0377a.gif;200;image/gif;204;312;24054;b5a57b16e2f736e7089ef53e1445799e877d5903785b72cb71a98a16c5e6f663;image/jpeg;45017;587c7f4158feb06f329a3ddae4740724a19857a4d19d29d7adeb4990dd23510c;backend/src/main/resources/META-INF/resources/capas/tio-patinhas-abril-v1/377.jpg;
378;Tio Patinhas;Abril;1;https://www.guiadosquadrinhos.com/capas/tio-patinhas/tph0031;https://www.papersera.net/vilaxurupita/tp/tp376_400.htm;https://www.papersera.net/vilaxurupita/tp/br_tp_0378a.gif;200;image/gif;204;312;31678;c3799f034a084cbbb8a2b62d5d43e35cfc49ad94f6eaed66fd5e996bdfdd2ef5;image/jpeg;52485;ed20c91a35f2b880db8323ebd8f091fde244932a7e4dee9bd96d22c96cdfa83b;backend/src/main/resources/META-INF/resources/capas/tio-patinhas-abril-v1/378.jpg;
379;Tio Patinhas;Abril;1;https://www.guiadosquadrinhos.com/capas/tio-patinhas/tph0031;https://www.papersera.net/vilaxurupita/tp/tp376_400.htm;https://www.papersera.net/vilaxurupita/tp/br_tp_0379a.gif;200;image/gif;204;312;27421;5cec76bcd2d45538fbf258286a1ab6a714dbc23d7e05c0c1b319e0902b14769d;image/jpeg;47277;3c840c45ff58499368d4503e169c1e5c2d38b4e8e8179f472d3f6b3a2857e6fa;backend/src/main/resources/META-INF/resources/capas/tio-patinhas-abril-v1/379.jpg;
380;Tio Patinhas;Abril;1;https://www.guiadosquadrinhos.com/capas/tio-patinhas/tph0031;https://www.papersera.net/vilaxurupita/tp/tp376_400.htm;https://www.papersera.net/vilaxurupita/tp/br_tp_0380a.jpg;200;image/jpeg;204;312;40574;08374573b8a20ff958ac7826b71200b16cd2cf4ad82c55097c51f7efe81ab3e6;image/jpeg;45318;59e5a7481ca03c8d92c4fb8709ae1dbdf028f965c5f4722d5e4dff472b52646e;backend/src/main/resources/META-INF/resources/capas/tio-patinhas-abril-v1/380.jpg;
381;Tio Patinhas;Abril;1;https://www.guiadosquadrinhos.com/capas/tio-patinhas/tph0031;https://www.papersera.net/vilaxurupita/tp/tp376_400.htm;https://www.papersera.net/vilaxurupita/tp/br_tp_0381a.gif;200;image/gif;204;312;30735;e281518ca5e937d1a43e49c42bf26f4e497a81dcd0fbeaf14b1eb047d3a1eaa9;image/jpeg;50037;7f7331e1eea73b3d0fcc69f7779abbbcc6cd3a13d0965a781da0c42008f9580c;backend/src/main/resources/META-INF/resources/capas/tio-patinhas-abril-v1/381.jpg;
382;Tio Patinhas;Abril;1;https://www.guiadosquadrinhos.com/capas/tio-patinhas/tph0031;https://www.papersera.net/vilaxurupita/tp/tp376_400.htm;https://www.papersera.net/vilaxurupita/tp/br_tp_0382a.gif;200;image/gif;204;312;29861;df163b5d8970af98d92128079c8b877f8bfa1224928856f279ec6c4f789ca202;image/jpeg;47720;ef9f3136caa6b1e6bff7d5c5203b0f4731f4bb85735ceb24ca3324691928d1df;backend/src/main/resources/META-INF/resources/capas/tio-patinhas-abril-v1/382.jpg;
383;Tio Patinhas;Abril;1;https://www.guiadosquadrinhos.com/capas/tio-patinhas/tph0031;https://www.papersera.net/vilaxurupita/tp/tp376_400.htm;https://www.papersera.net/vilaxurupita/tp/br_tp_0383a.gif;200;image/gif;204;312;28051;5520441e583b56f9ca13e7c537317447509a66b567853b5ba5afac6ab09e792e;image/jpeg;43756;ecfba790ec45ae782b1322909e3d34e401420f6cbb1c37551f90822c4fa3448d;backend/src/main/resources/META-INF/resources/capas/tio-patinhas-abril-v1/383.jpg;
384;Tio Patinhas;Abril;1;https://www.guiadosquadrinhos.com/capas/tio-patinhas/tph0031;https://www.papersera.net/vilaxurupita/tp/tp376_400.htm;https://www.papersera.net/vilaxurupita/tp/br_tp_0384a.jpg;200;image/jpeg;204;312;38826;4eb415d28272773d3e0643c5e4dc6c76e488d602764e056c790fb791cc7c54f7;image/jpeg;42076;c2c58f8a36ea07ffa30941902115f96f67d767e1730be699dfd58372a4368572;backend/src/main/resources/META-INF/resources/capas/tio-patinhas-abril-v1/384.jpg;
385;Tio Patinhas;Abril;1;https://www.guiadosquadrinhos.com/capas/tio-patinhas/tph0031;https://www.papersera.net/vilaxurupita/tp/tp376_400.htm;https://www.papersera.net/vilaxurupita/tp/br_tp_0385a.gif;200;image/gif;204;312;30525;53b2f929adbe6b503b572fe1dea25c78b056c0c9d1a89a7a438b3a9b985cce71;image/jpeg;47680;c8e749cb7d03e41d776023f9a1fbc7890d566edeb21e3e1189c26173c6caca5e;backend/src/main/resources/META-INF/resources/capas/tio-patinhas-abril-v1/385.jpg;
386;Tio Patinhas;Abril;1;https://www.guiadosquadrinhos.com/capas/tio-patinhas/tph0031;https://www.papersera.net/vilaxurupita/tp/tp376_400.htm;https://www.papersera.net/vilaxurupita/tp/br_tp_0386a.gif;200;image/gif;204;312;31048;97c9106387c8db400ae03fe0e1e46e1ea2366ff51d911c4ce2208f04452368b7;image/jpeg;48802;dfbcf28ee8bfc744d9f5b51bcbcb70fb4e77ee91e51a552d797ed9ca83475e6c;backend/src/main/resources/META-INF/resources/capas/tio-patinhas-abril-v1/386.jpg;
387;Tio Patinhas;Abril;1;https://www.guiadosquadrinhos.com/capas/tio-patinhas/tph0031;https://www.papersera.net/vilaxurupita/tp/tp376_400.htm;https://www.papersera.net/vilaxurupita/tp/br_tp_0387a.gif;200;image/gif;204;312;20095;5dcffb6b815db1ac80d26d62aca0541e9726dcff5c6e25310add9f1220409c5f;image/jpeg;41984;9751be60c497dbec5f026009e1338201ccc1473be7ed2f31c425a4ce96e3ef0f;backend/src/main/resources/META-INF/resources/capas/tio-patinhas-abril-v1/387.jpg;
388;Tio Patinhas;Abril;1;https://www.guiadosquadrinhos.com/capas/tio-patinhas/tph0031;https://www.papersera.net/vilaxurupita/tp/tp376_400.htm;https://www.papersera.net/vilaxurupita/tp/br_tp_0388a.jpg;200;image/jpeg;204;312;39498;38619ab8ba9703533d8a7b8cd841fd9486714c96f9001a9bb4e6c9f9c7df7fcf;image/jpeg;42555;e059a92d546120674f19aacb433489499aba42ba6f6870958282665a54d1e460;backend/src/main/resources/META-INF/resources/capas/tio-patinhas-abril-v1/388.jpg;
389;Tio Patinhas;Abril;1;https://www.guiadosquadrinhos.com/capas/tio-patinhas/tph0031;https://www.papersera.net/vilaxurupita/tp/tp376_400.htm;https://www.papersera.net/vilaxurupita/tp/br_tp_0389a.jpg;200;image/jpeg;204;312;38559;b9a5d7f8a2a34af72a7be5641cdc5a513d9c8d61b9d1fc49ee7bde276496e140;image/jpeg;41673;d8cda3fda228bbbb8e1427ea8e0ed565522045a9eb919129306168eed25840b4;backend/src/main/resources/META-INF/resources/capas/tio-patinhas-abril-v1/389.jpg;
390;Tio Patinhas;Abril;1;https://www.guiadosquadrinhos.com/capas/tio-patinhas/tph0031;https://www.papersera.net/vilaxurupita/tp/tp376_400.htm;https://www.papersera.net/vilaxurupita/tp/br_tp_0390a.jpg;200;image/jpeg;204;312;39208;ed03774541b067ade15cd979f0a22bbe34b49be0f6871a845d4fbc2e63a25259;image/jpeg;42322;29f10a84f63a8728eef6f48129b175c5d5a1db14f50c47e5dea34376d9650766;backend/src/main/resources/META-INF/resources/capas/tio-patinhas-abril-v1/390.jpg;
391;Tio Patinhas;Abril;1;https://www.guiadosquadrinhos.com/capas/tio-patinhas/tph0031;https://www.papersera.net/vilaxurupita/tp/tp376_400.htm;https://www.papersera.net/vilaxurupita/tp/br_tp_0391a.jpg;200;image/jpeg;204;312;39191;a1ed92c455829197dfa9475c758d77ff3c6b41eb9c067b448693a3a60f76db21;image/jpeg;43581;2ff0fce3c4593670adf4b11c3aae58d599f5fb50b563f9dcdaa3d2b24311db8f;backend/src/main/resources/META-INF/resources/capas/tio-patinhas-abril-v1/391.jpg;
392;Tio Patinhas;Abril;1;https://www.guiadosquadrinhos.com/capas/tio-patinhas/tph0031;https://www.papersera.net/vilaxurupita/tp/tp376_400.htm;https://www.papersera.net/vilaxurupita/tp/br_tp_0392a.jpg;200;image/jpeg;204;312;40045;c642d0944c23357ffa476be3023e4afa58e9e9bcea85e2f9bd138b7a4ff83e6b;image/jpeg;41039;3cbe9ff3e56c7fc13ae252cb7988b1ac545303fceacdcbd508aeb09da9d20cab;backend/src/main/resources/META-INF/resources/capas/tio-patinhas-abril-v1/392.jpg;
393;Tio Patinhas;Abril;1;https://www.guiadosquadrinhos.com/capas/tio-patinhas/tph0031;https://www.papersera.net/vilaxurupita/tp/tp376_400.htm;https://www.papersera.net/vilaxurupita/tp/br_tp_0393a.gif;200;image/gif;204;312;25086;68a1d912d576221533ed28c69c7c2231aba128284cb90c04a70965e0748b3247;image/jpeg;48388;afe2c47f51d078a41283a939500e52639dfe2f867046a8c80ba6b1fe5be77864;backend/src/main/resources/META-INF/resources/capas/tio-patinhas-abril-v1/393.jpg;
394;Tio Patinhas;Abril;1;https://www.guiadosquadrinhos.com/capas/tio-patinhas/tph0031;https://www.papersera.net/vilaxurupita/tp/tp376_400.htm;https://www.papersera.net/vilaxurupita/tp/br_tp_0394a.gif;200;image/gif;204;312;32371;130a356abaeada38b3e3f510431f625258ea44481cc7b1ebe35dd40956445bbc;image/jpeg;49632;c8e21d932ff16243f8a904411de61786f0fa6d6c80df1f89f6085ded73be4e74;backend/src/main/resources/META-INF/resources/capas/tio-patinhas-abril-v1/394.jpg;
395;Tio Patinhas;Abril;1;https://www.guiadosquadrinhos.com/capas/tio-patinhas/tph0031;https://www.papersera.net/vilaxurupita/tp/tp376_400.htm;https://www.papersera.net/vilaxurupita/tp/br_tp_0395a.gif;200;image/gif;204;312;21273;d079285804202c74a6e521bc48b3221b30a20b6c7b7d3af868b2b91ce7ecfca3;image/jpeg;41229;20955f5ee8fcae866a4045b9fa39344c268c6198809f08af01cb7f435a257b44;backend/src/main/resources/META-INF/resources/capas/tio-patinhas-abril-v1/395.jpg;
396;Tio Patinhas;Abril;1;https://www.guiadosquadrinhos.com/capas/tio-patinhas/tph0031;https://www.papersera.net/vilaxurupita/tp/tp376_400.htm;https://www.papersera.net/vilaxurupita/tp/br_tp_0396a.jpg;200;image/jpeg;204;312;38482;5123f6d7169655feb1e041ec132733aa32c018fb9561f4a26fb5051c428ef8ae;image/jpeg;41610;6781092448b87b794876cd2ff5324a1e34cf49481f68465294bef76b09dbe95a;backend/src/main/resources/META-INF/resources/capas/tio-patinhas-abril-v1/396.jpg;
397;Tio Patinhas;Abril;1;https://www.guiadosquadrinhos.com/capas/tio-patinhas/tph0031;https://www.papersera.net/vilaxurupita/tp/tp376_400.htm;https://www.papersera.net/vilaxurupita/tp/br_tp_0397a.jpg;200;image/jpeg;204;312;40184;aa28bd1bdfd550814856d10c7f3d64a8b8a5a7d9694d1bf5df169a52430bca9a;image/jpeg;48415;09a55da4d3beb896530b492fdb55e66cc440c8e9144af30f310b9f6a91444651;backend/src/main/resources/META-INF/resources/capas/tio-patinhas-abril-v1/397.jpg;
398;Tio Patinhas;Abril;1;https://www.guiadosquadrinhos.com/capas/tio-patinhas/tph0031;https://www.papersera.net/vilaxurupita/tp/tp376_400.htm;https://www.papersera.net/vilaxurupita/tp/br_tp_0398a.gif;200;image/gif;204;312;37368;f0396046991ee0c1e020e10415714bacf833f245facc8b39d7f81ca5a8dd8b00;image/jpeg;52949;8bc1f3df3899184b4597694ca5dd7f9ec530d76100464307fce66bd59b64db40;backend/src/main/resources/META-INF/resources/capas/tio-patinhas-abril-v1/398.jpg;
399;Tio Patinhas;Abril;1;https://www.guiadosquadrinhos.com/capas/tio-patinhas/tph0031;https://www.papersera.net/vilaxurupita/tp/tp376_400.htm;https://www.papersera.net/vilaxurupita/tp/br_tp_0399a.jpg;200;image/jpeg;204;312;35593;f4d7191756ab1c418fbfcc074a0f6c45f56889c08619d2a638b2624c5148cfa3;image/jpeg;41855;34df74503780a8ff4926fac887c7d1ed3f5fc9f6325d945db2298e7d345114dd;backend/src/main/resources/META-INF/resources/capas/tio-patinhas-abril-v1/399.jpg;
400;Tio Patinhas;Abril;1;https://www.guiadosquadrinhos.com/capas/tio-patinhas/tph0031;https://www.papersera.net/vilaxurupita/tp/tp376_400.htm;https://www.papersera.net/vilaxurupita/tp/br_tp_0400a.jpg;200;image/jpeg;204;312;81317;828aa404ff05b97e0dc728ffbe1a6cb100a36912c272bc19584d6a734b302a0b;image/jpeg;46776;3e42815e32fbbc11847fa6232a2075092b18f082be5103204ea8167b0924d5a5;backend/src/main/resources/META-INF/resources/capas/tio-patinhas-abril-v1/400.jpg;
401;Tio Patinhas;Abril;1;https://www.guiadosquadrinhos.com/capas/tio-patinhas/tph0031;https://www.papersera.net/vilaxurupita/tp/tp401_425.htm;https://www.papersera.net/vilaxurupita/tp/br_tp_0401a.jpg;200;image/jpeg;204;312;37937;fe8302343214cca987d1e9d956e0387231728aa193eda27f1c3ca3ffa47a67e1;image/jpeg;44485;55b296ce4a849efa47df25414c973d0dd4b5800911da30582cae064e5e6f3860;backend/src/main/resources/META-INF/resources/capas/tio-patinhas-abril-v1/401.jpg;
402;Tio Patinhas;Abril;1;https://www.guiadosquadrinhos.com/capas/tio-patinhas/tph0031;https://www.papersera.net/vilaxurupita/tp/tp401_425.htm;https://www.papersera.net/vilaxurupita/tp/br_tp_0402a.gif;200;image/gif;204;312;30774;86a1c1e63b6e6f279ab6c36124b46c932f669581609aac3c6d0d8e30b8605f7c;image/jpeg;55459;fcaa2f3ca497c9ff35f7d806655b900cc5dad7cae68a626d6e6ff9c787c00e75;backend/src/main/resources/META-INF/resources/capas/tio-patinhas-abril-v1/402.jpg;
403;Tio Patinhas;Abril;1;https://www.guiadosquadrinhos.com/capas/tio-patinhas/tph0031;https://www.papersera.net/vilaxurupita/tp/tp401_425.htm;https://www.papersera.net/vilaxurupita/tp/br_tp_0403a.jpg;200;image/jpeg;204;312;38737;c2adcb9b51d3308c1d90487dab6145b8582853a83b1f16551884cb0d221e3a27;image/jpeg;45448;073f0b1b30f3cb782d6c056b60d3daf060016b877f5f2783be80de117887a772;backend/src/main/resources/META-INF/resources/capas/tio-patinhas-abril-v1/403.jpg;
404;Tio Patinhas;Abril;1;https://www.guiadosquadrinhos.com/capas/tio-patinhas/tph0031;https://www.papersera.net/vilaxurupita/tp/tp401_425.htm;https://www.papersera.net/vilaxurupita/tp/br_tp_0404a.jpg;200;image/jpeg;204;312;38634;777408486df197609a80e73c00424a825f274084a26af6c922333b3f7054cb6a;image/jpeg;45191;b6d1453ee79bdb41cce2ef05ce94f02207aeaf054ad00575df8d5d632f0741b6;backend/src/main/resources/META-INF/resources/capas/tio-patinhas-abril-v1/404.jpg;
405;Tio Patinhas;Abril;1;https://www.guiadosquadrinhos.com/capas/tio-patinhas/tph0031;https://www.papersera.net/vilaxurupita/tp/tp401_425.htm;https://www.papersera.net/vilaxurupita/tp/br_tp_0405a.jpg;200;image/jpeg;204;312;35833;19e590f2ed254badc73daec8b21f8b14b7381087e04312a4afcfe0e5b0c20e59;image/jpeg;42148;cd6918c5a62ad7bb238276e6a5c03b78e7b1264aa933ba3ab5caa24e9b56679d;backend/src/main/resources/META-INF/resources/capas/tio-patinhas-abril-v1/405.jpg;
406;Tio Patinhas;Abril;1;https://www.guiadosquadrinhos.com/capas/tio-patinhas/tph0031;https://www.papersera.net/vilaxurupita/tp/tp401_425.htm;https://www.papersera.net/vilaxurupita/tp/br_tp_0406a.jpg;200;image/jpeg;204;312;34023;1e34d39b6585860a2260e9226703ea481dc0dea3d25424d50931f31b5b63021c;image/jpeg;39982;45111475ee1ad12a0df084bd6c267b450ebdfe0917c93c35c612993a7a531b37;backend/src/main/resources/META-INF/resources/capas/tio-patinhas-abril-v1/406.jpg;
407;Tio Patinhas;Abril;1;https://www.guiadosquadrinhos.com/capas/tio-patinhas/tph0031;https://www.papersera.net/vilaxurupita/tp/tp401_425.htm;https://www.papersera.net/vilaxurupita/tp/br_tp_0407a.jpg;200;image/jpeg;204;312;35005;51b7f9381e9a46f0126ef5f9968500e4f50bfa4a772dfb269fbeda3a6d73009f;image/jpeg;41205;f296fda57d9bed1a1c6fcfe64256163f2ab6babed178f242a1d88a273ed8e980;backend/src/main/resources/META-INF/resources/capas/tio-patinhas-abril-v1/407.jpg;
408;Tio Patinhas;Abril;1;https://www.guiadosquadrinhos.com/capas/tio-patinhas/tph0031;https://www.papersera.net/vilaxurupita/tp/tp401_425.htm;https://www.papersera.net/vilaxurupita/tp/br_tp_0408a.jpg;200;image/jpeg;204;312;31339;cec6ce1d9c214df8d6682325bcd5ae400f25babb2f8620a4cf65f683ec372fbe;image/jpeg;36854;eee3db09e81d9a9ef3227e69be17a75e9941cdf245b534e01855ce849a456412;backend/src/main/resources/META-INF/resources/capas/tio-patinhas-abril-v1/408.jpg;
409;Tio Patinhas;Abril;1;https://www.guiadosquadrinhos.com/capas/tio-patinhas/tph0031;https://www.papersera.net/vilaxurupita/tp/tp401_425.htm;https://www.papersera.net/vilaxurupita/tp/br_tp_0409a.gif;200;image/gif;204;312;31103;5e8c2746f095d5d7b77f141dc63aed15740dce358bc08dc20d0bcf346cde6555;image/jpeg;52970;dcb8d8c326b09798c7a0ba5d4036f7e9c57f70dd207760d38f41dd1acce452ce;backend/src/main/resources/META-INF/resources/capas/tio-patinhas-abril-v1/409.jpg;
410;Tio Patinhas;Abril;1;https://www.guiadosquadrinhos.com/capas/tio-patinhas/tph0031;https://www.papersera.net/vilaxurupita/tp/tp401_425.htm;https://www.papersera.net/vilaxurupita/tp/br_tp_0410a.jpg;200;image/jpeg;204;312;31565;dbbcde385b993758992ff28375fc172afbca45a159fd65aace1d44d4977d2932;image/jpeg;36747;2f1c95093c305b3f114de695a4e8673fca4e6b75f3f5676c456808e1f36eb86b;backend/src/main/resources/META-INF/resources/capas/tio-patinhas-abril-v1/410.jpg;
411;Tio Patinhas;Abril;1;https://www.guiadosquadrinhos.com/capas/tio-patinhas/tph0031;https://www.papersera.net/vilaxurupita/tp/tp401_425.htm;https://www.papersera.net/vilaxurupita/tp/br_tp_0411a.gif;200;image/gif;204;312;26713;b42cb51ffc4c6745584d790c413fcc7abe1eae71e2c7e9309948f5b44d2464ef;image/jpeg;45834;d16d90abc445d81c4db75b039ede44887b3c4b9212e6ef2d55d1f71521fef0d2;backend/src/main/resources/META-INF/resources/capas/tio-patinhas-abril-v1/411.jpg;
412;Tio Patinhas;Abril;1;https://www.guiadosquadrinhos.com/capas/tio-patinhas/tph0031;https://www.papersera.net/vilaxurupita/tp/tp401_425.htm;https://www.papersera.net/vilaxurupita/tp/br_tp_0412a.gif;200;image/gif;204;312;30461;e8bd891f9b354dec64bbc64accbe1f0aabc8e65e91aac90943bc51308c210009;image/jpeg;46673;c6a632d49e50ea751702d20dfbca0584195390715a3bbef8ad5f30ff09dd7e41;backend/src/main/resources/META-INF/resources/capas/tio-patinhas-abril-v1/412.jpg;
413;Tio Patinhas;Abril;1;https://www.guiadosquadrinhos.com/capas/tio-patinhas/tph0031;https://www.papersera.net/vilaxurupita/tp/tp401_425.htm;https://www.papersera.net/vilaxurupita/tp/br_tp_0413a.gif;200;image/gif;204;312;32099;99240c4212d35377f25b31ff942ed57d66a0e4ed284b5499cc3bfcfab02c310c;image/jpeg;53670;3b92480256e45d18c6e8eef2ad29ace0d7c5f627047d24703442217b8aecc2fc;backend/src/main/resources/META-INF/resources/capas/tio-patinhas-abril-v1/413.jpg;
414;Tio Patinhas;Abril;1;https://www.guiadosquadrinhos.com/capas/tio-patinhas/tph0031;https://www.papersera.net/vilaxurupita/tp/tp401_425.htm;https://www.papersera.net/vilaxurupita/tp/br_tp_0414a.gif;200;image/gif;204;312;35185;8ac876c3ce606b971d2891f4fadcc3ce2ba149be29f0bcf22ed989ee4a9e868f;image/jpeg;52723;9030297dce5ddb1028206b3c9c17ba5dc64e31a0da71347f318ae5d59949c571;backend/src/main/resources/META-INF/resources/capas/tio-patinhas-abril-v1/414.jpg;
415;Tio Patinhas;Abril;1;https://www.guiadosquadrinhos.com/capas/tio-patinhas/tph0031;https://www.papersera.net/vilaxurupita/tp/tp401_425.htm;https://www.papersera.net/vilaxurupita/tp/br_tp_0415a.gif;200;image/gif;204;312;23172;104ddf9029b73d31363cf18792bf172e4afe7370e85f40d86180b76fedddb8de;image/jpeg;45936;f5c3684034923facbd19d0392d7c894ca226b95deea48354f8a18190cc4673b8;backend/src/main/resources/META-INF/resources/capas/tio-patinhas-abril-v1/415.jpg;
416;Tio Patinhas;Abril;1;https://www.guiadosquadrinhos.com/capas/tio-patinhas/tph0031;https://www.papersera.net/vilaxurupita/tp/tp401_425.htm;https://www.papersera.net/vilaxurupita/tp/br_tp_0416a.gif;200;image/gif;204;312;28515;780893c5120f74f1deaf38d25d5f894d834a5fe853b514dafd20fddcbec57cc2;image/jpeg;48397;3344e83e6367bc7f784240fd7abc00d2d0639185166e6152a45710ed9f11e059;backend/src/main/resources/META-INF/resources/capas/tio-patinhas-abril-v1/416.jpg;
417;Tio Patinhas;Abril;1;https://www.guiadosquadrinhos.com/capas/tio-patinhas/tph0031;https://www.papersera.net/vilaxurupita/tp/tp401_425.htm;https://www.papersera.net/vilaxurupita/tp/br_tp_0417a.gif;200;image/gif;204;312;29952;d3cd32d6152ff29bc0b04b4e451d98f9534f31d1d0aabf277e8bbbf067f808b6;image/jpeg;49758;d89cd1c45f6bce06cb30bcb0db14d5ad0d5d891d25abc0eb727218ab76566558;backend/src/main/resources/META-INF/resources/capas/tio-patinhas-abril-v1/417.jpg;
418;Tio Patinhas;Abril;1;https://www.guiadosquadrinhos.com/capas/tio-patinhas/tph0031;https://www.papersera.net/vilaxurupita/tp/tp401_425.htm;https://www.papersera.net/vilaxurupita/tp/br_tp_0418a.gif;200;image/gif;204;312;28122;7d4a5399cb47259e4b5374d9630c65d3a569e95f58dccc83268b88a739dd0358;image/jpeg;47153;a33b2e6375f01d37297a260de49c49119c67ac15138139b641d0d5ab996424a6;backend/src/main/resources/META-INF/resources/capas/tio-patinhas-abril-v1/418.jpg;
419;Tio Patinhas;Abril;1;https://www.guiadosquadrinhos.com/capas/tio-patinhas/tph0031;https://www.papersera.net/vilaxurupita/tp/tp401_425.htm;https://www.papersera.net/vilaxurupita/tp/br_tp_0419a.jpg;200;image/jpeg;204;312;33851;a855721f1457c8cadabf6575536826d69ad26539bd26f27797cf0c3ed81fc82d;image/jpeg;39935;f43fb77ec4cdba4b03ab72517a3c22b25632275ccfa56cb5cb4ba8e62175b3aa;backend/src/main/resources/META-INF/resources/capas/tio-patinhas-abril-v1/419.jpg;
420;Tio Patinhas;Abril;1;https://www.guiadosquadrinhos.com/capas/tio-patinhas/tph0031;https://www.papersera.net/vilaxurupita/tp/tp401_425.htm;https://www.papersera.net/vilaxurupita/tp/br_tp_0420a.gif;200;image/gif;204;312;34181;97139bcd4f535b148f8d30bf34bdceb2d2ac42723ef302e08b31f23ae3223ee4;image/jpeg;51732;116e3c64312a346a92893c0790a9d7488639577040471189401c8218bd536714;backend/src/main/resources/META-INF/resources/capas/tio-patinhas-abril-v1/420.jpg;
421;Tio Patinhas;Abril;1;https://www.guiadosquadrinhos.com/capas/tio-patinhas/tph0031;https://www.papersera.net/vilaxurupita/tp/tp401_425.htm;https://www.papersera.net/vilaxurupita/tp/br_tp_0421a.gif;200;image/gif;204;312;29808;391ead6c363988e2964a130ad64780230e77e2e8f640704503f1b9390d4f4721;image/jpeg;49721;0856d0f26afab451be5fa0238cf3ec92f55aa3c2f01bd669d87ee085d7141844;backend/src/main/resources/META-INF/resources/capas/tio-patinhas-abril-v1/421.jpg;
422;Tio Patinhas;Abril;1;https://www.guiadosquadrinhos.com/capas/tio-patinhas/tph0031;https://www.papersera.net/vilaxurupita/tp/tp401_425.htm;https://www.papersera.net/vilaxurupita/tp/br_tp_0422a.gif;200;image/gif;204;312;24756;d2a0182c018368a9741616c2ac2e7195189329a1c3cf5d2c28988c2316633279;image/jpeg;40942;3213a561bd6a4b3b495d39be95adc83c555aaa988006a80f46dd38cd935f5553;backend/src/main/resources/META-INF/resources/capas/tio-patinhas-abril-v1/422.jpg;
423;Tio Patinhas;Abril;1;https://www.guiadosquadrinhos.com/capas/tio-patinhas/tph0031;https://www.papersera.net/vilaxurupita/tp/tp401_425.htm;https://www.papersera.net/vilaxurupita/tp/br_tp_0423a.gif;200;image/gif;204;312;33865;798b6022ed4c67771b548232c9e38f124e6c5768dd84139e6abc73838a6813b5;image/jpeg;48166;8d7338f170f78f08c7ed56b21a2e632fa50a5b07babe71f964f4fe5ed8d0a5a8;backend/src/main/resources/META-INF/resources/capas/tio-patinhas-abril-v1/423.jpg;
424;Tio Patinhas;Abril;1;https://www.guiadosquadrinhos.com/capas/tio-patinhas/tph0031;https://www.papersera.net/vilaxurupita/tp/tp401_425.htm;https://www.papersera.net/vilaxurupita/tp/br_tp_0424a.jpg;200;image/jpeg;204;312;33220;564cb8ee3636d1c0373e28e38f039410eca81010ea91888e581a945b9ab1e428;image/jpeg;38926;b5553261af0c857dd471f93487fee9b74a53e6d1db8e19390da78d901f74a887;backend/src/main/resources/META-INF/resources/capas/tio-patinhas-abril-v1/424.jpg;
425;Tio Patinhas;Abril;1;https://www.guiadosquadrinhos.com/capas/tio-patinhas/tph0031;https://www.papersera.net/vilaxurupita/tp/tp401_425.htm;https://www.papersera.net/vilaxurupita/tp/br_tp_0425a.gif;200;image/gif;204;312;34204;6b65043ff6a6575f75dd8740c0941ef0c53b2818fccddb8594b353c1aac1d69a;image/jpeg;49795;38e05fa2f7859375c717a57a25e8f22e04f9c2460c62399913bd6895122d1b17;backend/src/main/resources/META-INF/resources/capas/tio-patinhas-abril-v1/425.jpg;
426;Tio Patinhas;Abril;1;https://www.guiadosquadrinhos.com/capas/tio-patinhas/tph0031;https://www.papersera.net/vilaxurupita/tp/tp426_450.htm;https://www.papersera.net/vilaxurupita/tp/br_tp_0426a.gif;200;image/gif;204;312;37928;06c7407fbb2290b4fa01fbd0bd6feaad59b74cc8e5c9f84ac0f612474daf5082;image/jpeg;51599;395d9ada8dab54e4f7307d35c5028d94d8df527a99370f16bf97753c3d3d50c2;backend/src/main/resources/META-INF/resources/capas/tio-patinhas-abril-v1/426.jpg;
427;Tio Patinhas;Abril;1;https://www.guiadosquadrinhos.com/capas/tio-patinhas/tph0031;https://www.papersera.net/vilaxurupita/tp/tp426_450.htm;https://www.papersera.net/vilaxurupita/tp/br_tp_0427a.jpg;200;image/jpeg;204;312;39786;700c2644d289bdb13043588d33bdbbfa57799a500c81624bb3a2d37de8c76fd0;image/jpeg;46552;76cdea0a8743a05c33d3529a6ad5b76de095b2a5ec12e1db545352d4feb6bf8d;backend/src/main/resources/META-INF/resources/capas/tio-patinhas-abril-v1/427.jpg;
428;Tio Patinhas;Abril;1;https://www.guiadosquadrinhos.com/capas/tio-patinhas/tph0031;https://www.papersera.net/vilaxurupita/tp/tp426_450.htm;https://www.papersera.net/vilaxurupita/tp/br_tp_0428a.gif;200;image/gif;204;312;26647;2678c12f6a47d18b1db23badd2db724153a51305d1f9838e67dcb299562aea7e;image/jpeg;46272;b74ca4623f0c6c9a4ef45908f38962b4ad73ee38cf0cfbc7c716de781025fb72;backend/src/main/resources/META-INF/resources/capas/tio-patinhas-abril-v1/428.jpg;
429;Tio Patinhas;Abril;1;https://www.guiadosquadrinhos.com/capas/tio-patinhas/tph0031;https://www.papersera.net/vilaxurupita/tp/tp426_450.htm;https://www.papersera.net/vilaxurupita/tp/br_tp_0429a.gif;200;image/gif;204;312;44993;cef636a2c83cd90ccaf9cbe4ebc36cf97ef41dfdbf44d018fda20b6a1ed78036;image/jpeg;55630;8f8c54f1589ee70d28ce05ef6578aa9f77af1b01b435b1bbd4cb9497c44e4e7c;backend/src/main/resources/META-INF/resources/capas/tio-patinhas-abril-v1/429.jpg;
430;Tio Patinhas;Abril;1;https://www.guiadosquadrinhos.com/capas/tio-patinhas/tph0031;https://www.papersera.net/vilaxurupita/tp/tp426_450.htm;https://www.papersera.net/vilaxurupita/tp/br_tp_0430a.gif;200;image/gif;204;312;40406;b5976675bbd21bf69e846e41ff5fd66bdf6303d36ca14c6a5ab1848a0f0a085d;image/jpeg;53362;bdab0087327f9652bfa8403dc980018f44a82c2be9d687c9e18de3df2c1309c6;backend/src/main/resources/META-INF/resources/capas/tio-patinhas-abril-v1/430.jpg;
431;Tio Patinhas;Abril;1;https://www.guiadosquadrinhos.com/capas/tio-patinhas/tph0031;https://www.papersera.net/vilaxurupita/tp/tp426_450.htm;https://www.papersera.net/vilaxurupita/tp/br_tp_0431a.gif;200;image/gif;204;312;50017;18c5e75f64813b43e55ee0eadb210d522821e557cb38e6d60ab828331c465af1;image/jpeg;49250;7034bdab8bdd33b4ccb484b0e7bb3e2026bf278a0d381a77bf86ff1e475d9a7b;backend/src/main/resources/META-INF/resources/capas/tio-patinhas-abril-v1/431.jpg;
432;Tio Patinhas;Abril;1;https://www.guiadosquadrinhos.com/capas/tio-patinhas/tph0031;https://www.papersera.net/vilaxurupita/tp/tp426_450.htm;https://www.papersera.net/vilaxurupita/tp/br_tp_0432a.gif;200;image/gif;204;312;37238;3fdc2b82cec51c72fcdc59386db6ad4605ccc9936f4354ee72322a4126287dd4;image/jpeg;56110;6bfe1d058c627feba4ba261b65caee7b752ad4bb95f3ef64f6b895a955eea375;backend/src/main/resources/META-INF/resources/capas/tio-patinhas-abril-v1/432.jpg;
433;Tio Patinhas;Abril;1;https://www.guiadosquadrinhos.com/capas/tio-patinhas/tph0031;https://www.papersera.net/vilaxurupita/tp/tp426_450.htm;https://www.papersera.net/vilaxurupita/tp/br_tp_0433a.gif;200;image/gif;204;312;33938;377b498adbd1af62639ac907e1d1ce5d5dc5ce56d58b320ead0f1e2a88275f4f;image/jpeg;50709;221a9eafd5d5f9f35130df65d3d6a9966d07aa2328738b23c51742469b505b44;backend/src/main/resources/META-INF/resources/capas/tio-patinhas-abril-v1/433.jpg;
434;Tio Patinhas;Abril;1;https://www.guiadosquadrinhos.com/capas/tio-patinhas/tph0031;https://www.papersera.net/vilaxurupita/tp/tp426_450.htm;https://www.papersera.net/vilaxurupita/tp/br_tp_0434a.gif;200;image/gif;204;312;39885;535d2dcc25f046674ffe94f8232d275375c79094add8b2799334f837c7c09d37;image/jpeg;46889;0d6f9481deff72b3ece0c371e9f1aca7160327edef0d5d48258e189c82cedd4e;backend/src/main/resources/META-INF/resources/capas/tio-patinhas-abril-v1/434.jpg;
435;Tio Patinhas;Abril;1;https://www.guiadosquadrinhos.com/capas/tio-patinhas/tph0031;https://www.papersera.net/vilaxurupita/tp/tp426_450.htm;https://www.papersera.net/vilaxurupita/tp/br_tp_0435a.gif;200;image/gif;204;312;34452;e00dd169f877a84154957c81d643a509355bb1f95dc463a82df13175016a433e;image/jpeg;49413;e87a0db8de63e9c749471586c1baf8b1c4681d3c5fceb38bdd94c3cab92590ad;backend/src/main/resources/META-INF/resources/capas/tio-patinhas-abril-v1/435.jpg;
436;Tio Patinhas;Abril;1;https://www.guiadosquadrinhos.com/capas/tio-patinhas/tph0031;https://www.papersera.net/vilaxurupita/tp/tp426_450.htm;https://www.papersera.net/vilaxurupita/tp/br_tp_0436a.jpg;200;image/jpeg;204;312;36674;3079f87b2c6d6383b28708537e9469c86d2dfaee60ff648c6d9c6658d1e4726f;image/jpeg;43097;e95e25bc8f92c48decfd39f918b76f208e7920809afeb1f3fae544ca36a37c0c;backend/src/main/resources/META-INF/resources/capas/tio-patinhas-abril-v1/436.jpg;
437;Tio Patinhas;Abril;1;https://www.guiadosquadrinhos.com/capas/tio-patinhas/tph0031;https://www.papersera.net/vilaxurupita/tp/tp426_450.htm;https://www.papersera.net/vilaxurupita/tp/br_tp_0437a.jpg;200;image/jpeg;204;312;39615;6f229c9e2a02d90b8ae357d3807ab1b9bd972aeb2177d83334ce6806a24f1621;image/jpeg;50874;eb73d9376e092c17dd717694ba8d44235cb35f02998c9afb88aa26031affaeb5;backend/src/main/resources/META-INF/resources/capas/tio-patinhas-abril-v1/437.jpg;
438;Tio Patinhas;Abril;1;https://www.guiadosquadrinhos.com/capas/tio-patinhas/tph0031;https://www.papersera.net/vilaxurupita/tp/tp426_450.htm;https://www.papersera.net/vilaxurupita/tp/br_tp_0438a.jpg;200;image/jpeg;204;312;39061;02e3a5e3d2173fc5a4cd46bb2926a78418ec636be7212ad9cd327400d860dd36;image/jpeg;47832;d6298f71684bdf4cc2f772dd30948ba3b59a0008267d1f8b2963cfdde3255d08;backend/src/main/resources/META-INF/resources/capas/tio-patinhas-abril-v1/438.jpg;
439;Tio Patinhas;Abril;1;https://www.guiadosquadrinhos.com/capas/tio-patinhas/tph0031;https://www.papersera.net/vilaxurupita/tp/tp426_450.htm;https://www.papersera.net/vilaxurupita/tp/br_tp_0439a.jpg;200;image/jpeg;204;312;40004;6ed39b0577efd0d0b6e930abcf6ce2d7681d6267d9563e3c0367c97cb46c5a38;image/jpeg;52907;7d861e07d64875dbf186f5069fbcdfcc5de0baf9d32a3c2b19f5c5fe8e56277f;backend/src/main/resources/META-INF/resources/capas/tio-patinhas-abril-v1/439.jpg;
440;Tio Patinhas;Abril;1;https://www.guiadosquadrinhos.com/capas/tio-patinhas/tph0031;https://www.papersera.net/vilaxurupita/tp/tp426_450.htm;https://www.papersera.net/vilaxurupita/tp/br_tp_0440a.jpg;200;image/jpeg;204;312;34801;b93ab8fcfaf4b652901fd75ed107b724263113d3fd4976220ebffd1050d3c69c;image/jpeg;42813;d5ecf5cd95a845adfb461d5a5f7c15fcbec4353fc08f6612544a6fc6e08054f7;backend/src/main/resources/META-INF/resources/capas/tio-patinhas-abril-v1/440.jpg;
441;Tio Patinhas;Abril;1;https://www.guiadosquadrinhos.com/capas/tio-patinhas/tph0031;https://www.papersera.net/vilaxurupita/tp/tp426_450.htm;https://www.papersera.net/vilaxurupita/tp/br_tp_0441a.jpg;200;image/jpeg;204;312;38286;4041eeb44ed465cbf8c32c551401d225ffc35f068328ae54d816ec9db8359642;image/jpeg;45063;72c6be08c5e2345efd2003a3db0f7f1eaebf5567ff6bcb9c59ae45e393f18880;backend/src/main/resources/META-INF/resources/capas/tio-patinhas-abril-v1/441.jpg;
442;Tio Patinhas;Abril;1;https://www.guiadosquadrinhos.com/capas/tio-patinhas/tph0031;https://www.papersera.net/vilaxurupita/tp/tp426_450.htm;https://www.papersera.net/vilaxurupita/tp/br_tp_0442a.jpg;200;image/jpeg;204;312;33891;bd2494952975c190d3a43235c6e90ba262e1a801339ae6bd1cc3bd334b77f58c;image/jpeg;40159;7e5fc7e124ca1bf14d8bef3fbb9738dfc468ebeda9744cd24f7ee098d5e43941;backend/src/main/resources/META-INF/resources/capas/tio-patinhas-abril-v1/442.jpg;
443;Tio Patinhas;Abril;1;https://www.guiadosquadrinhos.com/capas/tio-patinhas/tph0031;https://www.papersera.net/vilaxurupita/tp/tp426_450.htm;https://www.papersera.net/vilaxurupita/tp/br_tp_0443a.jpg;200;image/jpeg;204;312;39000;3e29b5401655563291756b7426a1f97d556fac49f200e37cff5586723eafb052;image/jpeg;45789;d7b5aacd892b83513f0ee567253ca76983989bf2ef6125d4b9d32f0cc358f989;backend/src/main/resources/META-INF/resources/capas/tio-patinhas-abril-v1/443.jpg;
444;Tio Patinhas;Abril;1;https://www.guiadosquadrinhos.com/capas/tio-patinhas/tph0031;https://www.papersera.net/vilaxurupita/tp/tp426_450.htm;https://www.papersera.net/vilaxurupita/tp/br_tp_0444a.jpg;200;image/jpeg;204;312;39469;305421035523b20331d195c6f4527a59e12c79a4590286babef232fe034d2fe5;image/jpeg;48478;2e80664b3718e880b5a9b7120819e6f022e14e49af0c24a11534adef07a4d536;backend/src/main/resources/META-INF/resources/capas/tio-patinhas-abril-v1/444.jpg;
445;Tio Patinhas;Abril;1;https://www.guiadosquadrinhos.com/capas/tio-patinhas/tph0031;https://www.papersera.net/vilaxurupita/tp/tp426_450.htm;https://www.papersera.net/vilaxurupita/tp/br_tp_0445a.jpg;200;image/jpeg;204;312;41660;1b45465f6f318d8623ea742f048bf4378a26960e7c98b14ccc731414440479fd;image/jpeg;48866;c482d83a76b749b979d28fc56a19a277dc65dd1ba99a37a081990c52c65d3637;backend/src/main/resources/META-INF/resources/capas/tio-patinhas-abril-v1/445.jpg;
446;Tio Patinhas;Abril;1;https://www.guiadosquadrinhos.com/capas/tio-patinhas/tph0031;https://www.papersera.net/vilaxurupita/tp/tp426_450.htm;https://www.papersera.net/vilaxurupita/tp/br_tp_0446a.jpg;200;image/jpeg;204;312;61547;6d3203947dc311cdb955c83a1c819d7662eb71c69bf8391042de1ef86a9ce39d;image/jpeg;53507;0c90c228398d063e4699f2f7f8c54eb6fa83eca9f80598e0b5ecfe6f6544e157;backend/src/main/resources/META-INF/resources/capas/tio-patinhas-abril-v1/446.jpg;
447;Tio Patinhas;Abril;1;https://www.guiadosquadrinhos.com/capas/tio-patinhas/tph0031;https://www.papersera.net/vilaxurupita/tp/tp426_450.htm;https://www.papersera.net/vilaxurupita/tp/br_tp_0447a.jpg;200;image/jpeg;204;312;38431;ab5459ed5cd293593b52a3a338a776d6dd9f7b5e0dc7b5f65ea8df29c04e510a;image/jpeg;45122;a769f3254bd606aadab89b97f7e62e9e4af68d09b107612e02061a8ba47a0437;backend/src/main/resources/META-INF/resources/capas/tio-patinhas-abril-v1/447.jpg;
448;Tio Patinhas;Abril;1;https://www.guiadosquadrinhos.com/capas/tio-patinhas/tph0031;https://www.papersera.net/vilaxurupita/tp/tp426_450.htm;https://www.papersera.net/vilaxurupita/tp/br_tp_0448a.jpg;200;image/jpeg;204;312;38838;77904ee7a9a04b8c5b4070169766b0e81796c5e1e06617eb6872753806ce5b4a;image/jpeg;45642;c16ea34dbbda1f4303a2049ab510421e81d32961aa5c7f01ef6a61dbc3e9e2bb;backend/src/main/resources/META-INF/resources/capas/tio-patinhas-abril-v1/448.jpg;
449;Tio Patinhas;Abril;1;https://www.guiadosquadrinhos.com/capas/tio-patinhas/tph0031;https://www.papersera.net/vilaxurupita/tp/tp426_450.htm;https://www.papersera.net/vilaxurupita/tp/br_tp_0449a.jpg;200;image/jpeg;204;312;39399;135380bfdd9075240d25e78464d766e739a4945284cc95bd2aed5532e53a3da2;image/jpeg;47528;caae73fe9e6eb562fa55136040d66f27f0122bc14a40f31bc2c4aaf4d0013732;backend/src/main/resources/META-INF/resources/capas/tio-patinhas-abril-v1/449.jpg;
450;Tio Patinhas;Abril;1;https://www.guiadosquadrinhos.com/capas/tio-patinhas/tph0031;https://www.papersera.net/vilaxurupita/tp/tp426_450.htm;https://www.papersera.net/vilaxurupita/tp/br_tp_0450a.jpg;200;image/jpeg;204;312;42087;4dbeafbac43a44afdd70755c9af66d07172b3c2e124ed2e50e7017355a2f941e;image/jpeg;49280;c3faff310ba26ab8e78d948da1b92eeeb8f712a28f38364d6f5c83572381edc6;backend/src/main/resources/META-INF/resources/capas/tio-patinhas-abril-v1/450.jpg;
451;Tio Patinhas;Abril;1;https://www.guiadosquadrinhos.com/capas/tio-patinhas/tph0031;https://www.papersera.net/vilaxurupita/tp/tp451_475.htm;https://www.papersera.net/vilaxurupita/tp/br_tp_0451a.jpg;200;image/jpeg;204;312;37178;b48885904c4351a879d44dc019570a71051a41d19ff0fff47cb09af89d524615;image/jpeg;43683;a8e478a2a8f8a83f78cc39a0ddb03f6f5fb0cf5b80bcbbc04123028ae1b0e33b;backend/src/main/resources/META-INF/resources/capas/tio-patinhas-abril-v1/451.jpg;
452;Tio Patinhas;Abril;1;https://www.guiadosquadrinhos.com/capas/tio-patinhas/tph0031;https://www.papersera.net/vilaxurupita/tp/tp451_475.htm;https://www.papersera.net/vilaxurupita/tp/br_tp_0452a.jpg;200;image/jpeg;204;312;41383;bee5b666f7371e1e5dc4db03f467b47cb9b35c506ab182cf643000eb6ebb7b2e;image/jpeg;42025;daa744f326c8a6621c1952dc12db6dc01c47c3972a152c732605e5f9f0343d50;backend/src/main/resources/META-INF/resources/capas/tio-patinhas-abril-v1/452.jpg;
453;Tio Patinhas;Abril;1;https://www.guiadosquadrinhos.com/capas/tio-patinhas/tph0031;https://www.papersera.net/vilaxurupita/tp/tp451_475.htm;https://www.papersera.net/vilaxurupita/tp/br_tp_0453a.jpg;200;image/jpeg;204;312;39788;3b96c16ca64f939ea50d7341895f646d88cc647bc7c0bdde78ecbd4118b9d489;image/jpeg;45324;d3fac1aeac03235387a76ac3806de87bf6f02a1fe63adf13f368386f70d162dc;backend/src/main/resources/META-INF/resources/capas/tio-patinhas-abril-v1/453.jpg;
454;Tio Patinhas;Abril;1;https://www.guiadosquadrinhos.com/capas/tio-patinhas/tph0031;https://www.papersera.net/vilaxurupita/tp/tp451_475.htm;https://www.papersera.net/vilaxurupita/tp/br_tp_0454a.jpg;200;image/jpeg;204;312;35514;0a0ac5eedd4061781ad48f9220d246b3de17346eb1d212b343a6c5cc188e5a14;image/jpeg;41897;73a6ef75acaecc5ee2fedf1010129836acf5d81f2e7061460b2793bc592eb1f2;backend/src/main/resources/META-INF/resources/capas/tio-patinhas-abril-v1/454.jpg;
455;Tio Patinhas;Abril;1;https://www.guiadosquadrinhos.com/capas/tio-patinhas/tph0031;https://www.papersera.net/vilaxurupita/tp/tp451_475.htm;https://www.papersera.net/vilaxurupita/tp/br_tp_0455a.jpg;200;image/jpeg;204;312;40053;9c12984aa156f05955537f9bdcd15299957913ee46913fa97f4adb0109ef3d40;image/jpeg;46892;f22ed15378a4df9ac575295b77dac96a8ee59ffb458cfd937013aeb54c55c8ae;backend/src/main/resources/META-INF/resources/capas/tio-patinhas-abril-v1/455.jpg;
456;Tio Patinhas;Abril;1;https://www.guiadosquadrinhos.com/capas/tio-patinhas/tph0031;https://www.papersera.net/vilaxurupita/tp/tp451_475.htm;https://www.papersera.net/vilaxurupita/tp/br_tp_0456a.jpg;200;image/jpeg;204;312;40380;267910c6b82417e15f27eb09394bb7ede04bc3f5515baca89f474662ca22487f;image/jpeg;47328;e33cc7b17c7a9112bfb526aa07e5f11eda4e707bf75e06a4de72bcbf2b6910ac;backend/src/main/resources/META-INF/resources/capas/tio-patinhas-abril-v1/456.jpg;
457;Tio Patinhas;Abril;1;https://www.guiadosquadrinhos.com/capas/tio-patinhas/tph0031;https://www.papersera.net/vilaxurupita/tp/tp451_475.htm;https://www.papersera.net/vilaxurupita/tp/br_tp_0457a.jpg;200;image/jpeg;204;312;39940;69fa878fa03b7aefa4494d7238f458b3b811ce57eea936d8f9f84c0969bb8088;image/jpeg;48864;4fb9e41c82cad6f87b0f13070baf5bcf92114ecfa0ce66580a5a9dbc2d549de0;backend/src/main/resources/META-INF/resources/capas/tio-patinhas-abril-v1/457.jpg;
458;Tio Patinhas;Abril;1;https://www.guiadosquadrinhos.com/capas/tio-patinhas/tph0031;https://www.papersera.net/vilaxurupita/tp/tp451_475.htm;https://www.papersera.net/vilaxurupita/tp/br_tp_0458a.jpg;200;image/jpeg;204;312;40463;2cf84c8e2c5a74afe60da8a6e94f0837c84a33642d259b96d95dd48e2527af9c;image/jpeg;49733;2e12970de545a5ddff5d637cfb0d1c6faa818ee2b7cd9576ac4b1384748308ff;backend/src/main/resources/META-INF/resources/capas/tio-patinhas-abril-v1/458.jpg;
459;Tio Patinhas;Abril;1;https://www.guiadosquadrinhos.com/capas/tio-patinhas/tph0031;https://www.papersera.net/vilaxurupita/tp/tp451_475.htm;https://www.papersera.net/vilaxurupita/tp/br_tp_0459a.jpg;200;image/jpeg;204;312;41170;e5c66072a1885749bc382cb96d1c34ed98922096b58895ab5146ec7cf9d03cee;image/jpeg;48217;38aac80dcdb0fc1b8a75f53eb686633ed7a9057bbd0c5485b494ab4e596f2a0d;backend/src/main/resources/META-INF/resources/capas/tio-patinhas-abril-v1/459.jpg;
460;Tio Patinhas;Abril;1;https://www.guiadosquadrinhos.com/capas/tio-patinhas/tph0031;https://www.papersera.net/vilaxurupita/tp/tp451_475.htm;https://www.papersera.net/vilaxurupita/tp/br_tp_0460a.jpg;200;image/jpeg;204;312;38793;f1bf5c244ad0b66acd87fa82875a9cc148f49c18effd0b6cc7fe84ca3b46f698;image/jpeg;47379;0e1d110c6fec18363fa2c639bc2acca93e29876cc2887d55b0a01191577bca51;backend/src/main/resources/META-INF/resources/capas/tio-patinhas-abril-v1/460.jpg;
461;Tio Patinhas;Abril;1;https://www.guiadosquadrinhos.com/capas/tio-patinhas/tph0031;https://www.papersera.net/vilaxurupita/tp/tp451_475.htm;https://www.papersera.net/vilaxurupita/tp/br_tp_0461a.jpg;200;image/jpeg;204;312;40883;9cad44df4b943a578a62b7fd836c7f4aa44097d1fb05139c4705fce10605b3c9;image/jpeg;47829;4c358b7fde80bfe1f6f70582829c3fc14bb94299a4b9cb8e74f5f633fbb6f38a;backend/src/main/resources/META-INF/resources/capas/tio-patinhas-abril-v1/461.jpg;
462;Tio Patinhas;Abril;1;https://www.guiadosquadrinhos.com/capas/tio-patinhas/tph0031;https://www.papersera.net/vilaxurupita/tp/tp451_475.htm;https://www.papersera.net/vilaxurupita/tp/br_tp_0462a.jpg;200;image/jpeg;204;312;40044;97fe89547ed6db51a9a1def9b92926bf5bb80078cc93659f614de7f23eacdc1c;image/jpeg;49175;6023ee9619895fa7cc43ebc6f6843f3ee279c657411a705d62b299d2176888e6;backend/src/main/resources/META-INF/resources/capas/tio-patinhas-abril-v1/462.jpg;
463;Tio Patinhas;Abril;1;https://www.guiadosquadrinhos.com/capas/tio-patinhas/tph0031;https://www.papersera.net/vilaxurupita/tp/tp451_475.htm;https://www.papersera.net/vilaxurupita/tp/br_tp_0463a.jpg;200;image/jpeg;204;312;42386;b4b60eb92571a339642564885eaa68e15a438a097fb951a191dfc79efe59a15e;image/jpeg;49381;7d99b951c16675bda46fabd9ebd7e0ca35f6e9bd4d639dcf2815217a8b0afbc2;backend/src/main/resources/META-INF/resources/capas/tio-patinhas-abril-v1/463.jpg;
464;Tio Patinhas;Abril;1;https://www.guiadosquadrinhos.com/capas/tio-patinhas/tph0031;https://www.papersera.net/vilaxurupita/tp/tp451_475.htm;https://www.papersera.net/vilaxurupita/tp/br_tp_0464a.jpg;200;image/jpeg;204;312;38873;11010a8fc5f09ebc9ae294ac70d185af552032bc0d8d8e0b72c9ccd139f5e758;image/jpeg;46651;cea5f2d0f407ab9046ceceba0fe1e5c138df64fa3e3694be50054dbcf7de3338;backend/src/main/resources/META-INF/resources/capas/tio-patinhas-abril-v1/464.jpg;
465;Tio Patinhas;Abril;1;https://www.guiadosquadrinhos.com/capas/tio-patinhas/tph0031;https://www.papersera.net/vilaxurupita/tp/tp451_475.htm;https://www.papersera.net/vilaxurupita/tp/br_tp_0465a.jpg;200;image/jpeg;204;312;38045;36cf2bfe432384ed5153c8005ff0652678ce4898dd3ff78007d6e1f0982f8902;image/jpeg;44564;17806e5d2f01eb3e02e6ff96deaf836ae1a0196206aa74acc3e2433cad995649;backend/src/main/resources/META-INF/resources/capas/tio-patinhas-abril-v1/465.jpg;
466;Tio Patinhas;Abril;1;https://www.guiadosquadrinhos.com/capas/tio-patinhas/tph0031;https://www.papersera.net/vilaxurupita/tp/tp451_475.htm;https://www.papersera.net/vilaxurupita/tp/br_tp_0466a.jpg;200;image/jpeg;204;312;36237;d0b73963804732e993f5db49df0ee8a5fe3320f55cc0f0930bc58244838e99a3;image/jpeg;42750;ef2d563b1367cdfeda193da507395914e41ae726dc44eb54f3d4f919229c46c7;backend/src/main/resources/META-INF/resources/capas/tio-patinhas-abril-v1/466.jpg;
467;Tio Patinhas;Abril;1;https://www.guiadosquadrinhos.com/capas/tio-patinhas/tph0031;https://www.papersera.net/vilaxurupita/tp/tp451_475.htm;https://www.papersera.net/vilaxurupita/tp/br_tp_0467a.jpg;200;image/jpeg;204;312;38015;b2d688aa1e80b9f6d651aeb403bee257cfb4cd0ec98482c4e3b2b2523cf0cbdc;image/jpeg;44463;73082edda31044b88ca2be0b3c35c4ff8c569cac48cf2b8f07280992ee527845;backend/src/main/resources/META-INF/resources/capas/tio-patinhas-abril-v1/467.jpg;
468;Tio Patinhas;Abril;1;https://www.guiadosquadrinhos.com/capas/tio-patinhas/tph0031;https://www.papersera.net/vilaxurupita/tp/tp451_475.htm;https://www.papersera.net/vilaxurupita/tp/br_tp_0468a.jpg;200;image/jpeg;204;312;38897;975ca633dab29566d03e3a2bfcbf44b875d66afcb75a2fe695fb692d8960e79d;image/jpeg;45617;c2857d19476d76a339c39058a6f09a8c3af8478611da36d2ab7658d71432e757;backend/src/main/resources/META-INF/resources/capas/tio-patinhas-abril-v1/468.jpg;
469;Tio Patinhas;Abril;1;https://www.guiadosquadrinhos.com/capas/tio-patinhas/tph0031;https://www.papersera.net/vilaxurupita/tp/tp451_475.htm;https://www.papersera.net/vilaxurupita/tp/br_tp_0469a.jpg;200;image/jpeg;204;312;37769;a6c70fce0ce66e7cc41475b3b28d1d1c8c182361bd4cc0fc2adf0bf47e57fc6e;image/jpeg;44597;790764e4a7c758354d3bb1d12fca95684d764f3d2f1fe540ebc35a81f769d1b7;backend/src/main/resources/META-INF/resources/capas/tio-patinhas-abril-v1/469.jpg;
470;Tio Patinhas;Abril;1;https://www.guiadosquadrinhos.com/capas/tio-patinhas/tph0031;https://www.papersera.net/vilaxurupita/tp/tp451_475.htm;https://www.papersera.net/vilaxurupita/tp/br_tp_0470a.jpg;200;image/jpeg;204;312;38960;09f094ecc771f37cb79177a1283c7771c2dda9021f4ca0cfb4ff9ed4af17a87d;image/jpeg;45766;c1d946f641eec44913c08c6681db7dc76d84d600b93127cc7eed799f2df2a3f4;backend/src/main/resources/META-INF/resources/capas/tio-patinhas-abril-v1/470.jpg;
471;Tio Patinhas;Abril;1;https://www.guiadosquadrinhos.com/capas/tio-patinhas/tph0031;https://www.papersera.net/vilaxurupita/tp/tp451_475.htm;https://www.papersera.net/vilaxurupita/tp/br_tp_0471a.jpg;200;image/jpeg;204;312;38406;81a83280030f336e7437444ae1b532df4c13b87dd2e31017f3569ac4003d1871;image/jpeg;45067;0239e64bcb0d35c55d19322ecfbfc31a2c14e5a820aa4b7922571424b0a01ab8;backend/src/main/resources/META-INF/resources/capas/tio-patinhas-abril-v1/471.jpg;
472;Tio Patinhas;Abril;1;https://www.guiadosquadrinhos.com/capas/tio-patinhas/tph0031;https://www.papersera.net/vilaxurupita/tp/tp451_475.htm;https://www.papersera.net/vilaxurupita/tp/br_tp_0472a.jpg;200;image/jpeg;204;312;46182;661006c10b5818709be8660a2c8645d90c5908ad467eb8611dd6923c4b4c7c1f;image/jpeg;54110;d9a05e201814a7a85bc7442755d9f758050ef212f42c5a7df511509693580bad;backend/src/main/resources/META-INF/resources/capas/tio-patinhas-abril-v1/472.jpg;
473;Tio Patinhas;Abril;1;https://www.guiadosquadrinhos.com/capas/tio-patinhas/tph0031;https://www.papersera.net/vilaxurupita/tp/tp451_475.htm;https://www.papersera.net/vilaxurupita/tp/br_tp_0473a.jpg;200;image/jpeg;204;312;33366;73799b799be9cbaacbf32035ecb2e19c97e5ba54ed5558ec28172538de7ba4ce;image/jpeg;39368;cb086d3a085009ac2a13d886fd660f58ec02d8e34377d1b460b0ed33fe5f3f73;backend/src/main/resources/META-INF/resources/capas/tio-patinhas-abril-v1/473.jpg;
474;Tio Patinhas;Abril;1;https://www.guiadosquadrinhos.com/capas/tio-patinhas/tph0031;https://www.papersera.net/vilaxurupita/tp/tp451_475.htm;https://www.papersera.net/vilaxurupita/tp/br_tp_0474a.jpg;200;image/jpeg;204;312;40423;b9c2521297330a89667db915fbb996f1cea48750bc396254b59090b4afb5fe9c;image/jpeg;47484;4bcefaccc73c3dd0fb23069dee5d0f64fd43e891888536bb8a5c2c453efb35f8;backend/src/main/resources/META-INF/resources/capas/tio-patinhas-abril-v1/474.jpg;
475;Tio Patinhas;Abril;1;https://www.guiadosquadrinhos.com/capas/tio-patinhas/tph0031;https://www.papersera.net/vilaxurupita/tp/tp451_475.htm;https://www.papersera.net/vilaxurupita/tp/br_tp_0475a.jpg;200;image/jpeg;204;312;38948;4e34be8c9ec3116ddd8f2fe4b8e77f63074537761bfcde71c56b21636a55b79b;image/jpeg;45446;8be8ff320b3d3550703cbd0ec319cb5cb2a3bf951994cf3547d2e1940cfdc2ca;backend/src/main/resources/META-INF/resources/capas/tio-patinhas-abril-v1/475.jpg;
476;Tio Patinhas;Abril;1;https://www.guiadosquadrinhos.com/capas/tio-patinhas/tph0031;https://www.papersera.net/vilaxurupita/tp/tp476_500.htm;https://www.papersera.net/vilaxurupita/tp/br_tp_0476a.jpg;200;image/jpeg;204;312;40615;dba2bd846b4500382266e767b469dffdcd6b52acd1eb7625cd4171326ee918fa;image/jpeg;47381;ca82a479786b53431506cd1497c48b8be8e40cd6e27e805c32131d2b40fb2832;backend/src/main/resources/META-INF/resources/capas/tio-patinhas-abril-v1/476.jpg;
477;Tio Patinhas;Abril;1;https://www.guiadosquadrinhos.com/capas/tio-patinhas/tph0031;https://www.papersera.net/vilaxurupita/tp/tp476_500.htm;https://www.papersera.net/vilaxurupita/tp/br_tp_0477a.jpg;200;image/jpeg;204;312;34472;84fd7a0864517bd2313b4e18ce256c62c4ac0d43ccce6bbd1f94b56fdf9c0527;image/jpeg;40350;84513a041d43c5c35bcd8662d62353183ff79852ea2b0a0930f6c1b7754ee795;backend/src/main/resources/META-INF/resources/capas/tio-patinhas-abril-v1/477.jpg;
478;Tio Patinhas;Abril;1;https://www.guiadosquadrinhos.com/capas/tio-patinhas/tph0031;https://www.papersera.net/vilaxurupita/tp/tp476_500.htm;https://www.papersera.net/vilaxurupita/tp/br_tp_0478a.jpg;200;image/jpeg;204;312;33832;abf1f512ee9879e1941bbc77e7c9d46613e0399efba39e00eb5a1d7e6826996b;image/jpeg;39836;a3630002aa5f5f2b4a7c95711584a8f0efb6e6ad6f18962f0c722a0345444061;backend/src/main/resources/META-INF/resources/capas/tio-patinhas-abril-v1/478.jpg;
479;Tio Patinhas;Abril;1;https://www.guiadosquadrinhos.com/capas/tio-patinhas/tph0031;https://www.papersera.net/vilaxurupita/tp/tp476_500.htm;https://www.papersera.net/vilaxurupita/tp/br_tp_0479a.jpg;200;image/jpeg;204;312;34675;49d0eab74c90d1b63788d7d630d138285247959f329a1c418c719851d6cb9d54;image/jpeg;40714;ea9f807aa4c4b6a1f67d3dbe3f57173c0b69404b9dd28bd146fefc9f6c864817;backend/src/main/resources/META-INF/resources/capas/tio-patinhas-abril-v1/479.jpg;
480;Tio Patinhas;Abril;1;https://www.guiadosquadrinhos.com/capas/tio-patinhas/tph0031;https://www.papersera.net/vilaxurupita/tp/tp476_500.htm;https://www.papersera.net/vilaxurupita/tp/br_tp_0480a.jpg;200;image/jpeg;204;312;37536;b6192fd5697d3122a74dad881b813e41da41d251e0a433953bcba79727c17829;image/jpeg;43847;b507cd206129c4bcfebd0e64f3d334f21169365914bedd128d1397168a396d83;backend/src/main/resources/META-INF/resources/capas/tio-patinhas-abril-v1/480.jpg;
481;Tio Patinhas;Abril;1;https://www.guiadosquadrinhos.com/capas/tio-patinhas/tph0031;https://www.papersera.net/vilaxurupita/tp/tp476_500.htm;https://www.papersera.net/vilaxurupita/tp/br_tp_0481a.jpg;200;image/jpeg;204;312;36250;952fc5b3433c0dfe6966dad02701b1d532348271d91376a09669642e9a8ce7e4;image/jpeg;42393;c997f6057045302e3a1dde73e5041ed9e936f01b4009e7d01c9763a8d5f054c3;backend/src/main/resources/META-INF/resources/capas/tio-patinhas-abril-v1/481.jpg;
482;Tio Patinhas;Abril;1;https://www.guiadosquadrinhos.com/capas/tio-patinhas/tph0031;https://www.papersera.net/vilaxurupita/tp/tp476_500.htm;https://www.papersera.net/vilaxurupita/tp/br_tp_0482a.jpg;200;image/jpeg;204;312;35716;eed2a7ee9f2382418a821d2eb1ff67881109053d9833f63f9fbf9217c828fd38;image/jpeg;42107;6f21ac3045f62c58bc2de56f9f125d84e9d14b96b4cd96b57681ac1ef0690e29;backend/src/main/resources/META-INF/resources/capas/tio-patinhas-abril-v1/482.jpg;
483;Tio Patinhas;Abril;1;https://www.guiadosquadrinhos.com/capas/tio-patinhas/tph0031;https://www.papersera.net/vilaxurupita/tp/tp476_500.htm;https://www.papersera.net/vilaxurupita/tp/br_tp_0483a.jpg;200;image/jpeg;204;312;33425;c76bbdaa00413479d6a83d8ece57a794f219634babb0fea29fc35b55d945b990;image/jpeg;39257;e7392d90b61fa3b250ac1bcfb34cf1667fcd5b78b6c55346c31fd5b9c3000b34;backend/src/main/resources/META-INF/resources/capas/tio-patinhas-abril-v1/483.jpg;
484;Tio Patinhas;Abril;1;https://www.guiadosquadrinhos.com/capas/tio-patinhas/tph0031;https://www.papersera.net/vilaxurupita/tp/tp476_500.htm;https://www.papersera.net/vilaxurupita/tp/br_tp_0484a.jpg;200;image/jpeg;204;312;35539;58e28abe185811b88391acad1f2384a7229c63810189085d4de2e5a0eaaa4b2d;image/jpeg;41562;eacbdbbbe944dbc2030561d9ed2e848e4250e41f1ca271cabc1d4778cb5a891b;backend/src/main/resources/META-INF/resources/capas/tio-patinhas-abril-v1/484.jpg;
485;Tio Patinhas;Abril;1;https://www.guiadosquadrinhos.com/capas/tio-patinhas/tph0031;https://www.papersera.net/vilaxurupita/tp/tp476_500.htm;https://www.papersera.net/vilaxurupita/tp/br_tp_0485a.jpg;200;image/jpeg;204;312;34421;8c049a635cf1a650bd11bf4a7493427eae41425de0df0993e954a309a551717f;image/jpeg;40508;dbf5ed5489eda9388c85c9901d13fc0cb7335ebf301970083802f18ebdc47a90;backend/src/main/resources/META-INF/resources/capas/tio-patinhas-abril-v1/485.jpg;
486;Tio Patinhas;Abril;1;https://www.guiadosquadrinhos.com/capas/tio-patinhas/tph0031;https://www.papersera.net/vilaxurupita/tp/tp476_500.htm;https://www.papersera.net/vilaxurupita/tp/br_tp_0486a.jpg;200;image/jpeg;204;312;30385;89545709f52d1e4b3e8343c4274cc57399ae9e66b5bbb2246e761aecd51c657d;image/jpeg;35750;10c75d287fe96e69ee61b428efe6fdf902102b925d504b8058fc654a15a397c3;backend/src/main/resources/META-INF/resources/capas/tio-patinhas-abril-v1/486.jpg;
487;Tio Patinhas;Abril;1;https://www.guiadosquadrinhos.com/capas/tio-patinhas/tph0031;https://www.papersera.net/vilaxurupita/tp/tp476_500.htm;https://www.papersera.net/vilaxurupita/tp/br_tp_0487a.jpg;200;image/jpeg;204;312;38423;5e8dd39d55c2d0dc9118b5f3e856e865145f10e2a1cfd64d8b75d66b6a493b46;image/jpeg;44871;eef59d8474aef8afc4f612686f5bdd473c5f15c20a7c63ecb0a0a4513bcbf5f2;backend/src/main/resources/META-INF/resources/capas/tio-patinhas-abril-v1/487.jpg;
488;Tio Patinhas;Abril;1;https://www.guiadosquadrinhos.com/capas/tio-patinhas/tph0031;https://www.papersera.net/vilaxurupita/tp/tp476_500.htm;https://www.papersera.net/vilaxurupita/tp/br_tp_0488a.jpg;200;image/jpeg;204;312;37672;54ab1cf9a4ac66198466b8ced9324a5f81cd13b43ba81a0a468abbb75a89dd8e;image/jpeg;44014;f001632c3c795dddf0a94d0a765bc9c35454bd4f93be828016382c1d6117acd5;backend/src/main/resources/META-INF/resources/capas/tio-patinhas-abril-v1/488.jpg;
489;Tio Patinhas;Abril;1;https://www.guiadosquadrinhos.com/capas/tio-patinhas/tph0031;https://www.papersera.net/vilaxurupita/tp/tp476_500.htm;https://www.papersera.net/vilaxurupita/tp/br_tp_0489a.jpg;200;image/jpeg;204;312;32458;148232b1983c872afb5c775f7d5f9d260722c2586b1d4117ad5fec9b2a9e6001;image/jpeg;37940;8cca2f5d9919238d84c04691a547bf466a968ef001974ef2989ef3e6862c8e6f;backend/src/main/resources/META-INF/resources/capas/tio-patinhas-abril-v1/489.jpg;
490;Tio Patinhas;Abril;1;https://www.guiadosquadrinhos.com/capas/tio-patinhas/tph0031;https://www.papersera.net/vilaxurupita/tp/tp476_500.htm;https://www.papersera.net/vilaxurupita/tp/br_tp_0490a.jpg;200;image/jpeg;204;312;39260;f65929fcebd324a8bc432b589edd8c6880a733d145d27c8121a1b67ff6a95569;image/jpeg;46117;8788ac5d6d596db26664b00947a321cc40d11d13e870757aff6058e5ef017f54;backend/src/main/resources/META-INF/resources/capas/tio-patinhas-abril-v1/490.jpg;
491;Tio Patinhas;Abril;1;https://www.guiadosquadrinhos.com/capas/tio-patinhas/tph0031;https://www.papersera.net/vilaxurupita/tp/tp476_500.htm;https://www.papersera.net/vilaxurupita/tp/br_tp_0491a.jpg;200;image/jpeg;204;312;33212;f88b8f632eab82cb408976b6272d0d943a6098db4d8abd096bd64f8870ac5114;image/jpeg;38956;ba9d86cc1d74e7302ff92c084d5bc31c7823adb5b54e67e08b3ab143ac46af6d;backend/src/main/resources/META-INF/resources/capas/tio-patinhas-abril-v1/491.jpg;
492;Tio Patinhas;Abril;1;https://www.guiadosquadrinhos.com/capas/tio-patinhas/tph0031;https://www.papersera.net/vilaxurupita/tp/tp476_500.htm;https://www.papersera.net/vilaxurupita/tp/br_tp_0492a.jpg;200;image/jpeg;204;312;38143;f261e4e990e2b1a789dfd84dd0bbc355e2973dab90c1eeace3b770fac0248759;image/jpeg;44455;92f3964a9260d418c163bb1df930b2b3b23a1e26d5bcfb47dcffa7e4c86467bd;backend/src/main/resources/META-INF/resources/capas/tio-patinhas-abril-v1/492.jpg;
493;Tio Patinhas;Abril;1;https://www.guiadosquadrinhos.com/capas/tio-patinhas/tph0031;https://www.papersera.net/vilaxurupita/tp/tp476_500.htm;https://www.papersera.net/vilaxurupita/tp/br_tp_0493a.jpg;200;image/jpeg;204;312;37988;c1aa601af2d00c15112e1de53de037552d43393f537b2126aecd8455c4fe9bc2;image/jpeg;44439;b7f7e7dbdbe0d8d697212f017673ca39ecf62738144b48a957f251a0049e0095;backend/src/main/resources/META-INF/resources/capas/tio-patinhas-abril-v1/493.jpg;
494;Tio Patinhas;Abril;1;https://www.guiadosquadrinhos.com/capas/tio-patinhas/tph0031;https://www.papersera.net/vilaxurupita/tp/tp476_500.htm;https://www.papersera.net/vilaxurupita/tp/br_tp_0494a.jpg;200;image/jpeg;204;312;43451;015b80d8ac8ae234ef0452715e535f22f9bfca625fa09efec841e3292ec414d2;image/jpeg;50995;32972f0f57d85631ff21e3c3b5e169041ad37331e3f4d18bbeb7e944a75faabd;backend/src/main/resources/META-INF/resources/capas/tio-patinhas-abril-v1/494.jpg;
495;Tio Patinhas;Abril;1;https://www.guiadosquadrinhos.com/capas/tio-patinhas/tph0031;https://www.papersera.net/vilaxurupita/tp/tp476_500.htm;https://www.papersera.net/vilaxurupita/tp/br_tp_0495a.jpg;200;image/jpeg;204;312;42686;39066f011572ce2e4b487a95961a10dc91b308759f24a1a5f526b50e076dbad0;image/jpeg;49990;eb401857a065cb098180dce3c1948b62d70b3162873fc441805b99cfb5ba211f;backend/src/main/resources/META-INF/resources/capas/tio-patinhas-abril-v1/495.jpg;
496;Tio Patinhas;Abril;1;https://www.guiadosquadrinhos.com/capas/tio-patinhas/tph0031;https://www.papersera.net/vilaxurupita/tp/tp476_500.htm;https://www.papersera.net/vilaxurupita/tp/br_tp_0496a.jpg;200;image/jpeg;204;312;31933;0e920aa66fc12d8c3f64a03b8ee62e116e51399a81ed982b40a473f4183183b6;image/jpeg;37337;2550572c150e422074c316b68bbbfde10e1b2452b3c336c933bc42d76247aa8a;backend/src/main/resources/META-INF/resources/capas/tio-patinhas-abril-v1/496.jpg;
497;Tio Patinhas;Abril;1;https://www.guiadosquadrinhos.com/capas/tio-patinhas/tph0031;https://www.papersera.net/vilaxurupita/tp/tp476_500.htm;https://www.papersera.net/vilaxurupita/tp/br_tp_0497a.jpg;200;image/jpeg;204;312;33890;ede807d5af6f3a5252a36677a3801e1e1cc4bac5dbf5bac660ceaa78fb673edf;image/jpeg;39497;741794cb7dda62fc47a70aadd788f220a6e620267aefa8c371f3a302c16fefab;backend/src/main/resources/META-INF/resources/capas/tio-patinhas-abril-v1/497.jpg;
498;Tio Patinhas;Abril;1;https://www.guiadosquadrinhos.com/capas/tio-patinhas/tph0031;https://www.papersera.net/vilaxurupita/tp/tp476_500.htm;https://www.papersera.net/vilaxurupita/tp/br_tp_0498a.jpg;200;image/jpeg;204;312;45405;9fd54249ab1cc4c94c2096447dc2b211c6f271356ea6b76e33e667f2451555d2;image/jpeg;53016;ad80d47ce0a1488946ea0d16a280db390bf61fcaa05f64ac6ded18fe508d152b;backend/src/main/resources/META-INF/resources/capas/tio-patinhas-abril-v1/498.jpg;
499;Tio Patinhas;Abril;1;https://www.guiadosquadrinhos.com/capas/tio-patinhas/tph0031;https://www.papersera.net/vilaxurupita/tp/tp476_500.htm;https://www.papersera.net/vilaxurupita/tp/br_tp_0499a.jpg;200;image/jpeg;204;312;37588;1b42cb023d8fdf8988a93634bc0248d0e32a60182cd20f3d8b3da9f0466ffae3;image/jpeg;43704;4e7ff4d59038fb253cdffeb3a0e4634415089f51763eae2d10169e58b7b1b44c;backend/src/main/resources/META-INF/resources/capas/tio-patinhas-abril-v1/499.jpg;
500;Tio Patinhas;Abril;1;https://www.guiadosquadrinhos.com/capas/tio-patinhas/tph0031;https://www.papersera.net/vilaxurupita/tp/tp476_500.htm;https://www.papersera.net/vilaxurupita/tp/br_tp_0500a.jpg;200;image/jpeg;204;312;33196;3ba5e0f82ac694705ab46e78def402e5bda34195d2a8dd51eb3d28ffecc13827;image/jpeg;38773;54da48e175d61d4cd1f19cc109c29e3fc4865be1d5380f1ed51c06e9b3d42f4a;backend/src/main/resources/META-INF/resources/capas/tio-patinhas-abril-v1/500.jpg;
501;Tio Patinhas;Abril;1;https://www.guiadosquadrinhos.com/capas/tio-patinhas/tph0031;https://www.papersera.net/vilaxurupita/tp/tp501_525.htm;https://www.papersera.net/vilaxurupita/tp/br_tp_0501a.jpg;200;image/jpeg;204;312;39420;a9a478aeb88259f8d86900b468c51936cfb655edd69c4f01a5c5d8fa1d7893ca;image/jpeg;46084;ced0ac54516f264e285cda11f810542e3580b42095a754f2a31ae40b7d9772a8;backend/src/main/resources/META-INF/resources/capas/tio-patinhas-abril-v1/501.jpg;
502;Tio Patinhas;Abril;1;https://www.guiadosquadrinhos.com/capas/tio-patinhas/tph0031;https://www.papersera.net/vilaxurupita/tp/tp501_525.htm;https://www.papersera.net/vilaxurupita/tp/br_tp_0502a.jpg;200;image/jpeg;204;312;36384;97558d66eeaa6c2863a7a51a63c466384ee91ebb036dbdaa87a4aefafca30fe4;image/jpeg;42582;bdc76c8c2fda54dc3599b46e5d6a6ded8d10e128ca4f40f0dedb41665b780c14;backend/src/main/resources/META-INF/resources/capas/tio-patinhas-abril-v1/502.jpg;
503;Tio Patinhas;Abril;1;https://www.guiadosquadrinhos.com/capas/tio-patinhas/tph0031;https://www.papersera.net/vilaxurupita/tp/tp501_525.htm;https://www.papersera.net/vilaxurupita/tp/br_tp_0503a.jpg;200;image/jpeg;204;312;42811;96b5fe9f4dccfd3b6da542eba0dbb65522234b686ba9ef8d9764562a13c277ec;image/jpeg;49930;a06f8dc96d1ccc9a5416d84f6a8f1449d63c53c881a4ecdf751f9d9c90ad9f97;backend/src/main/resources/META-INF/resources/capas/tio-patinhas-abril-v1/503.jpg;
504;Tio Patinhas;Abril;1;https://www.guiadosquadrinhos.com/capas/tio-patinhas/tph0031;https://www.papersera.net/vilaxurupita/tp/tp501_525.htm;https://www.papersera.net/vilaxurupita/tp/br_tp_0504a.jpg;200;image/jpeg;204;312;35450;770648438f9f8d401816dcb230c10075a6a2a197298fef72a5018bdbc7a846a3;image/jpeg;41340;ed1a3b095f0ff6776a4102b18dc4177a16c24033e2b781d9fabac82e6912700d;backend/src/main/resources/META-INF/resources/capas/tio-patinhas-abril-v1/504.jpg;
505;Tio Patinhas;Abril;1;https://www.guiadosquadrinhos.com/capas/tio-patinhas/tph0031;https://www.papersera.net/vilaxurupita/tp/tp501_525.htm;https://www.papersera.net/vilaxurupita/tp/br_tp_0505a.jpg;200;image/jpeg;204;312;31391;b959e60b6185e5121b44db4592f5271b4fe6aed9cfff6388d47491201db2ef98;image/jpeg;36947;6fe06a7dbb126c8649036574438a18394c889ab6d52d964d81dae6cd88449c93;backend/src/main/resources/META-INF/resources/capas/tio-patinhas-abril-v1/505.jpg;
506;Tio Patinhas;Abril;1;https://www.guiadosquadrinhos.com/capas/tio-patinhas/tph0031;https://www.papersera.net/vilaxurupita/tp/tp501_525.htm;https://www.papersera.net/vilaxurupita/tp/br_tp_0506a.jpg;200;image/jpeg;204;312;38681;2a23bf795c96f2bf47fa7bab52ee1027b5a0a7461a68eeeb78341fb7d950b8b5;image/jpeg;45227;ce2fa41b6bb5726884eee1ffdcb4f85aa2db179ea7b9c636d6c74e6fd0332618;backend/src/main/resources/META-INF/resources/capas/tio-patinhas-abril-v1/506.jpg;
507;Tio Patinhas;Abril;1;https://www.guiadosquadrinhos.com/capas/tio-patinhas/tph0031;https://www.papersera.net/vilaxurupita/tp/tp501_525.htm;https://www.papersera.net/vilaxurupita/tp/br_tp_0507a.jpg;200;image/jpeg;204;312;33743;f642aa4ea601556ba425a51d653acf6823a7f94afdc12cc7e10a14bbdb938ecb;image/jpeg;39736;00f253e3f18a7527fc9e37e475bf271ff74c1102ede4d0a5716668e2e7ed4263;backend/src/main/resources/META-INF/resources/capas/tio-patinhas-abril-v1/507.jpg;
508;Tio Patinhas;Abril;1;https://www.guiadosquadrinhos.com/capas/tio-patinhas/tph0031;https://www.papersera.net/vilaxurupita/tp/tp501_525.htm;https://www.papersera.net/vilaxurupita/tp/br_tp_0508a.jpg;200;image/jpeg;204;312;35269;103b393693cc59677a3daee04053963b1358fab4e948a548d9c65f752fb057d8;image/jpeg;41409;dee378aacbc6e97cc8a35ea5568cec4a194538e4870223a75eedc4c9d6286bff;backend/src/main/resources/META-INF/resources/capas/tio-patinhas-abril-v1/508.jpg;
509;Tio Patinhas;Abril;1;https://www.guiadosquadrinhos.com/capas/tio-patinhas/tph0031;https://www.papersera.net/vilaxurupita/tp/tp501_525.htm;https://www.papersera.net/vilaxurupita/tp/br_tp_0509a.jpg;200;image/jpeg;204;312;34830;bc7b0265666fa2b055eb59a42a34017af2967d018fc54d20c1e2cc59ce6d0e69;image/jpeg;40771;f505469e9ae2dc78772dd772c069f73b3efe2c66813d9770f6010c23cb725e6e;backend/src/main/resources/META-INF/resources/capas/tio-patinhas-abril-v1/509.jpg;
510;Tio Patinhas;Abril;1;https://www.guiadosquadrinhos.com/capas/tio-patinhas/tph0031;https://www.papersera.net/vilaxurupita/tp/tp501_525.htm;https://www.papersera.net/vilaxurupita/tp/br_tp_0510a.jpg;200;image/jpeg;204;312;39634;f066092fa09ec8414b979d0264eec61bac92ceebf576481ad31a22068fafbf28;image/jpeg;46414;fb18e793aaef830625f0c4b8ae5c7fc9cb8ee83155a2acb404b8d718316845cd;backend/src/main/resources/META-INF/resources/capas/tio-patinhas-abril-v1/510.jpg;
511;Tio Patinhas;Abril;1;https://www.guiadosquadrinhos.com/capas/tio-patinhas/tph0031;https://www.papersera.net/vilaxurupita/tp/tp501_525.htm;https://www.papersera.net/vilaxurupita/tp/br_tp_0511a.jpg;200;image/jpeg;204;312;38276;af2770ca623f185cc1c1ee76487b00d9ba66e44e5d7c476cffcc03eb7bc0e013;image/jpeg;45016;90b7c296395fd3ed296e4b1b5f3234b5800a6415491d7541a244586eb2a6abd9;backend/src/main/resources/META-INF/resources/capas/tio-patinhas-abril-v1/511.jpg;
512;Tio Patinhas;Abril;1;https://www.guiadosquadrinhos.com/capas/tio-patinhas/tph0031;https://www.papersera.net/vilaxurupita/tp/tp501_525.htm;https://www.papersera.net/vilaxurupita/tp/br_tp_0512a.jpg;200;image/jpeg;204;312;36262;3baeb9b0b60c7cab22f9cceab6071b4742ad9e3d5844adf0bc092a444a9ca644;image/jpeg;42723;8f5e8e318c3c57543423b8c94921b61c93b73ed8087144d170d4573077ff6df1;backend/src/main/resources/META-INF/resources/capas/tio-patinhas-abril-v1/512.jpg;
513;Tio Patinhas;Abril;1;https://www.guiadosquadrinhos.com/capas/tio-patinhas/tph0031;https://www.papersera.net/vilaxurupita/tp/tp501_525.htm;https://www.papersera.net/vilaxurupita/tp/br_tp_0513a.jpg;200;image/jpeg;204;312;36103;9918bbc5cceba20a8856d6ab4d41305b7cc00fa72986b241db8e7ee7897592da;image/jpeg;42258;409364b2b4318ae8f068fd7a2bcab793fbee6d25ad33a3e1e2870d0dbd27ad16;backend/src/main/resources/META-INF/resources/capas/tio-patinhas-abril-v1/513.jpg;
514;Tio Patinhas;Abril;1;https://www.guiadosquadrinhos.com/capas/tio-patinhas/tph0031;https://www.papersera.net/vilaxurupita/tp/tp501_525.htm;https://www.papersera.net/vilaxurupita/tp/br_tp_0514a.jpg;200;image/jpeg;204;312;39074;972e1feca0fa36bd74dd9d2890dc2162006bef55d3d5df1e053707bde377cdd9;image/jpeg;45734;05b5aede575a4a9d5261a9e03f504004b258ff74ae316c6325f849cedac1d4b4;backend/src/main/resources/META-INF/resources/capas/tio-patinhas-abril-v1/514.jpg;
515;Tio Patinhas;Abril;1;https://www.guiadosquadrinhos.com/capas/tio-patinhas/tph0031;https://www.papersera.net/vilaxurupita/tp/tp501_525.htm;https://www.papersera.net/vilaxurupita/tp/br_tp_0515a.jpg;200;image/jpeg;204;312;32690;86b04c9ce99300c826a7c6f9963007e4beccdefbfd88531dc688146bb131c6c8;image/jpeg;38403;8d6695a7939f999a3afcb0e8ff29f6bfc9febea3a9f00c784690dcf6b9132677;backend/src/main/resources/META-INF/resources/capas/tio-patinhas-abril-v1/515.jpg;
516;Tio Patinhas;Abril;1;https://www.guiadosquadrinhos.com/capas/tio-patinhas/tph0031;https://www.papersera.net/vilaxurupita/tp/tp501_525.htm;https://www.papersera.net/vilaxurupita/tp/br_tp_0516a.jpg;200;image/jpeg;204;312;35311;6ca3ae23a4063099fc666192eac399c174736cdec0a7db7d0c36185bc78bd380;image/jpeg;41665;9515c4b7f3a6ff881bbd19a8ce5f2156ead81623d3e1c8f6af98e23fb9c86711;backend/src/main/resources/META-INF/resources/capas/tio-patinhas-abril-v1/516.jpg;
517;Tio Patinhas;Abril;1;https://www.guiadosquadrinhos.com/capas/tio-patinhas/tph0031;https://www.papersera.net/vilaxurupita/tp/tp501_525.htm;https://www.papersera.net/vilaxurupita/tp/br_tp_0517a.jpg;200;image/jpeg;204;312;33844;6090f906d194b3968b040e82d573f875e5ccf4383d260f235ceefd4831db9667;image/jpeg;39899;a082b8032b07dffed6415f687039d3ed43ca2f1748ac1c2dd92505c92748413b;backend/src/main/resources/META-INF/resources/capas/tio-patinhas-abril-v1/517.jpg;
518;Tio Patinhas;Abril;1;https://www.guiadosquadrinhos.com/capas/tio-patinhas/tph0031;https://www.papersera.net/vilaxurupita/tp/tp501_525.htm;https://www.papersera.net/vilaxurupita/tp/br_tp_0518a.jpg;200;image/jpeg;204;312;34183;cb45a86ab2e643964741a15db5dabbdda8f9ed63fd30c9dedc1c35a7ddaa82b8;image/jpeg;40088;82e8f0749591e84b2160b71f4b8fbddf34dc528a219e3d425862e9cbf026e70b;backend/src/main/resources/META-INF/resources/capas/tio-patinhas-abril-v1/518.jpg;
519;Tio Patinhas;Abril;1;https://www.guiadosquadrinhos.com/capas/tio-patinhas/tph0031;https://www.papersera.net/vilaxurupita/tp/tp501_525.htm;https://www.papersera.net/vilaxurupita/tp/br_tp_0519a.jpg;200;image/jpeg;204;312;30881;3ac89d480555e01373e942fcbd48596e2f2e5c89bce50747ee312912807c38a3;image/jpeg;36389;c8f6d5a104973d19b685b7600bdc879929ac88a9ddc15622b0a8095480f8684f;backend/src/main/resources/META-INF/resources/capas/tio-patinhas-abril-v1/519.jpg;
520;Tio Patinhas;Abril;1;https://www.guiadosquadrinhos.com/capas/tio-patinhas/tph0031;https://www.papersera.net/vilaxurupita/tp/tp501_525.htm;https://www.papersera.net/vilaxurupita/tp/br_tp_0520a.jpg;200;image/jpeg;204;312;33758;1b5b159735b79e3473600ddc3f2df8ee3c297e70c86e680ae405383aa0393222;image/jpeg;39563;16bdd19e8dcf841ce5d3306a673a4b0e6db9d938ff8249865255680c6ff7d81b;backend/src/main/resources/META-INF/resources/capas/tio-patinhas-abril-v1/520.jpg;
521;Tio Patinhas;Abril;1;https://www.guiadosquadrinhos.com/capas/tio-patinhas/tph0031;https://www.papersera.net/vilaxurupita/tp/tp501_525.htm;https://www.papersera.net/vilaxurupita/tp/br_tp_0521a.jpg;200;image/jpeg;204;312;38213;b5466ffe0d82d2ae1c223a0799b3535ceffbfcb5ddd9c4d41164c3d178888323;image/jpeg;44761;091ba1f0f31d70ed7e6e7f1702ffb1b452f84817f68a51a7a157d7767121d52b;backend/src/main/resources/META-INF/resources/capas/tio-patinhas-abril-v1/521.jpg;
522;Tio Patinhas;Abril;1;https://www.guiadosquadrinhos.com/capas/tio-patinhas/tph0031;https://www.papersera.net/vilaxurupita/tp/tp501_525.htm;https://www.papersera.net/vilaxurupita/tp/br_tp_0522a.jpg;200;image/jpeg;204;312;39914;c5617d0c28acd0bf3ee5bbf214ab01f2afff52bb510dd6fb76bca216cf3c9c81;image/jpeg;46745;41fe348f03a82d03ff4423a7418b2c9f1c072256a272bccd697fc683ccc462fc;backend/src/main/resources/META-INF/resources/capas/tio-patinhas-abril-v1/522.jpg;
523;Tio Patinhas;Abril;1;https://www.guiadosquadrinhos.com/capas/tio-patinhas/tph0031;https://www.papersera.net/vilaxurupita/tp/tp501_525.htm;https://www.papersera.net/vilaxurupita/tp/br_tp_0523a.jpg;200;image/jpeg;204;312;33104;124f7424893da35479beedc55f5eb2bc76ba2f1069cdff83bdce0403d261dd0f;image/jpeg;38838;fb996507b7dc4f43ebf737b5160d0a3fc31f47d37bc64b2e6306f0c17aef1f3c;backend/src/main/resources/META-INF/resources/capas/tio-patinhas-abril-v1/523.jpg;
524;Tio Patinhas;Abril;1;https://www.guiadosquadrinhos.com/capas/tio-patinhas/tph0031;https://www.papersera.net/vilaxurupita/tp/tp501_525.htm;https://www.papersera.net/vilaxurupita/tp/br_tp_0524a.jpg;200;image/jpeg;204;312;37287;244e5bf746cd2388074489fe997b3b33122587ef08ba17600fdc134aeb801b87;image/jpeg;43760;56ecf3495740c715159ff4940b6516be64da8f69d70599526abb6389934e2e83;backend/src/main/resources/META-INF/resources/capas/tio-patinhas-abril-v1/524.jpg;
525;Tio Patinhas;Abril;1;https://www.guiadosquadrinhos.com/capas/tio-patinhas/tph0031;https://www.papersera.net/vilaxurupita/tp/tp501_525.htm;https://www.papersera.net/vilaxurupita/tp/br_tp_0525a.jpg;200;image/jpeg;204;312;38294;8fc3bbd7893f4a91a8350bcdcc08ce88542f62dae732226330550620d2b080ef;image/jpeg;45219;74a552264cddbfaac649e925a4ddbf8fa1138fdb0dc7bfaa8a0b73f51eaf0f8b;backend/src/main/resources/META-INF/resources/capas/tio-patinhas-abril-v1/525.jpg;
526;Tio Patinhas;Abril;1;https://www.guiadosquadrinhos.com/capas/tio-patinhas/tph0031;https://www.papersera.net/vilaxurupita/tp/tp526_550.htm;https://www.papersera.net/vilaxurupita/tp/br_tp_0526a.jpg;200;image/jpeg;204;312;42722;a89080b2fd9e667ecce97fd1fcb747045a8a8a9426cb76bb2a16b3c3d9632687;image/jpeg;50135;d634179ab8c06210851481300e452e56d66d6429db5964597b6408f7d4d9cf2f;backend/src/main/resources/META-INF/resources/capas/tio-patinhas-abril-v1/526.jpg;
527;Tio Patinhas;Abril;1;https://www.guiadosquadrinhos.com/capas/tio-patinhas/tph0031;https://www.papersera.net/vilaxurupita/tp/tp526_550.htm;https://www.papersera.net/vilaxurupita/tp/br_tp_0527a.jpg;200;image/jpeg;204;312;38240;0a2f9bea59b5373477b66fe908094769e915f5020690cc0452531b241c651f89;image/jpeg;44887;d21e0e6f5d5a9fdd16e0926533046c2c2e31115eca855004d7d493b6cb9674c1;backend/src/main/resources/META-INF/resources/capas/tio-patinhas-abril-v1/527.jpg;
528;Tio Patinhas;Abril;1;https://www.guiadosquadrinhos.com/capas/tio-patinhas/tph0031;https://www.papersera.net/vilaxurupita/tp/tp526_550.htm;https://www.papersera.net/vilaxurupita/tp/br_tp_0528a.jpg;200;image/jpeg;204;312;39069;70461f13a14df3100a5e3e5bb706894552b8e51e346ba0549c88993c805dd61b;image/jpeg;45706;b7d14164996d8a86d30d5c265a6a6be1c21131e236c53626e1ca1818ba977a67;backend/src/main/resources/META-INF/resources/capas/tio-patinhas-abril-v1/528.jpg;
529;Tio Patinhas;Abril;1;https://www.guiadosquadrinhos.com/capas/tio-patinhas/tph0031;https://www.papersera.net/vilaxurupita/tp/tp526_550.htm;https://www.papersera.net/vilaxurupita/tp/br_tp_0529a.jpg;200;image/jpeg;204;312;34510;947ab7fb9a233be87c5f419f1445ad39c6c12c57aa9eb50122de298ffd486df9;image/jpeg;40687;649228ecd886f94a46e980266e73095a4affce82b38fb20f31be537ab68b5426;backend/src/main/resources/META-INF/resources/capas/tio-patinhas-abril-v1/529.jpg;
530;Tio Patinhas;Abril;1;https://www.guiadosquadrinhos.com/capas/tio-patinhas/tph0031;https://www.papersera.net/vilaxurupita/tp/tp526_550.htm;https://www.papersera.net/vilaxurupita/tp/br_tp_0530a.jpg;200;image/jpeg;204;312;36506;22be85a5afe44b4e239e0e99f702f57f00040ea59c6101ed3b7b3804d7f4cd5f;image/jpeg;43130;5848a314a7ea575bc06d59267953a4b2d40e05ad33bcce14e885e1ebae1fb95b;backend/src/main/resources/META-INF/resources/capas/tio-patinhas-abril-v1/530.jpg;
531;Tio Patinhas;Abril;1;https://www.guiadosquadrinhos.com/capas/tio-patinhas/tph0031;https://www.papersera.net/vilaxurupita/tp/tp526_550.htm;https://www.papersera.net/vilaxurupita/tp/br_tp_0531a.jpg;200;image/jpeg;204;312;33154;434c711bc341547717ea9667c4e4546992fba65d30e6372603b5c2102be911df;image/jpeg;39234;041a905a16ce9744f6c5b967370672ac912ef2f4c35362839b3e57233407dc6d;backend/src/main/resources/META-INF/resources/capas/tio-patinhas-abril-v1/531.jpg;
532;Tio Patinhas;Abril;1;https://www.guiadosquadrinhos.com/capas/tio-patinhas/tph0031;https://www.papersera.net/vilaxurupita/tp/tp526_550.htm;https://www.papersera.net/vilaxurupita/tp/br_tp_0532a.jpg;200;image/jpeg;204;312;43184;2aa38411595fd5e500bb81ea3145883c28715c7d2d83e025a46ce53bc7aaf90f;image/jpeg;50513;e99cc10cde02c06b1a8230e062c1b0997611a45cc0ffd5b840d0af79650ed8a0;backend/src/main/resources/META-INF/resources/capas/tio-patinhas-abril-v1/532.jpg;
533;Tio Patinhas;Abril;1;https://www.guiadosquadrinhos.com/capas/tio-patinhas/tph0031;https://www.papersera.net/vilaxurupita/tp/tp526_550.htm;https://www.papersera.net/vilaxurupita/tp/br_tp_0533a.jpg;200;image/jpeg;204;312;35717;bcb66ad700118c0b658e754ecbdc7c710c2e9ae4c5b3ea39533b611706163c6d;image/jpeg;42034;cb27eb58f735fd7221ce97e207181aef1c15a1565ade9ce40ed6a9dde6bd88af;backend/src/main/resources/META-INF/resources/capas/tio-patinhas-abril-v1/533.jpg;
534;Tio Patinhas;Abril;1;https://www.guiadosquadrinhos.com/capas/tio-patinhas/tph0031;https://www.papersera.net/vilaxurupita/tp/tp526_550.htm;https://www.papersera.net/vilaxurupita/tp/br_tp_0534a.jpg;200;image/jpeg;204;312;36273;502833375d7ca7c70cf4ecd108ebca6db7c39cd92a9b872b3b0289a1231f958e;image/jpeg;42700;7c28d225f834eab003fb66806cfb03103abb98e72c84c7f0c48c287ad2054cd1;backend/src/main/resources/META-INF/resources/capas/tio-patinhas-abril-v1/534.jpg;
535;Tio Patinhas;Abril;1;https://www.guiadosquadrinhos.com/capas/tio-patinhas/tph0031;https://www.papersera.net/vilaxurupita/tp/tp526_550.htm;https://www.papersera.net/vilaxurupita/tp/br_tp_0535a.jpg;200;image/jpeg;204;312;40346;48042a719e48070db3838d36bec95ecfbdd08d1385c19ab03f29b4b09c0fd1a9;image/jpeg;47406;779bc4512fac5c5a371b2c304087f4a52d826c3ade096b4ff3ef7b67266dea73;backend/src/main/resources/META-INF/resources/capas/tio-patinhas-abril-v1/535.jpg;
536;Tio Patinhas;Abril;1;https://www.guiadosquadrinhos.com/capas/tio-patinhas/tph0031;https://www.papersera.net/vilaxurupita/tp/tp526_550.htm;https://www.papersera.net/vilaxurupita/tp/br_tp_0536a.jpg;200;image/jpeg;204;312;34592;1a6a23f33e2fcd94ce3d4dee1b22f15f1f4a236138cfa4b53606eaa5dc9dfd98;image/jpeg;40842;d8e82607cfaa346f321572dd0f4fa7d07224087ee0a03cf4d3609bb892e0ae89;backend/src/main/resources/META-INF/resources/capas/tio-patinhas-abril-v1/536.jpg;
537;Tio Patinhas;Abril;1;https://www.guiadosquadrinhos.com/capas/tio-patinhas/tph0031;https://www.papersera.net/vilaxurupita/tp/tp526_550.htm;https://www.papersera.net/vilaxurupita/tp/br_tp_0537a.jpg;200;image/jpeg;204;312;34247;25b1bcb7f2ef3208731e47209735a073d829c8b7aca25529a489b3b7d3565e8c;image/jpeg;40388;8a5b2293a41412ba83f280dfa0e31b9d496f8680a5db5df20a3f6c24b991d074;backend/src/main/resources/META-INF/resources/capas/tio-patinhas-abril-v1/537.jpg;
538;Tio Patinhas;Abril;1;https://www.guiadosquadrinhos.com/capas/tio-patinhas/tph0031;https://www.papersera.net/vilaxurupita/tp/tp526_550.htm;https://www.papersera.net/vilaxurupita/tp/br_tp_0538a.jpg;200;image/jpeg;204;312;32754;c2062c40726b71fbff265d620f5b9571e9af43f54d7810296fa96a6eb88ec807;image/jpeg;38739;9253d8f3812014d8c78f5784f443e17d3bfa8b8048381479ea3705a853d7b066;backend/src/main/resources/META-INF/resources/capas/tio-patinhas-abril-v1/538.jpg;
539;Tio Patinhas;Abril;1;https://www.guiadosquadrinhos.com/capas/tio-patinhas/tph0031;https://www.papersera.net/vilaxurupita/tp/tp526_550.htm;https://www.papersera.net/vilaxurupita/tp/br_tp_0539a.jpg;200;image/jpeg;204;312;34103;155467f4cba25f79903277612d1a2a3e0265ebbb3d81441b6b05b2bd408731b0;image/jpeg;40163;9495e461bf90e81f34c0b3582ff42ba266a43f92ca6546d12d80049ec3e7f722;backend/src/main/resources/META-INF/resources/capas/tio-patinhas-abril-v1/539.jpg;
540;Tio Patinhas;Abril;1;https://www.guiadosquadrinhos.com/capas/tio-patinhas/tph0031;https://www.papersera.net/vilaxurupita/tp/tp526_550.htm;https://www.papersera.net/vilaxurupita/tp/br_tp_0540a.jpg;200;image/jpeg;204;312;38981;6b48c85f6a55e6a6d24cc1c8a716a47942fe44d1259a06d6d41686998027f6cd;image/jpeg;45623;1d5c96a323e12e61cfc8fea0cd2716e816809ef2bfb2cccf6606bc1f9730eb6c;backend/src/main/resources/META-INF/resources/capas/tio-patinhas-abril-v1/540.jpg;
541;Tio Patinhas;Abril;1;https://www.guiadosquadrinhos.com/capas/tio-patinhas/tph0031;https://www.papersera.net/vilaxurupita/tp/tp526_550.htm;https://www.papersera.net/vilaxurupita/tp/br_tp_0541a.jpg;200;image/jpeg;204;312;36073;791e800230c4eb9759c09301776709d343005fe1a5c4e24d6c7b74c6ecab1f24;image/jpeg;42338;2237bbc67c991964a049ccdd42c87a597df11fefa7745e14494266f7770ddd6b;backend/src/main/resources/META-INF/resources/capas/tio-patinhas-abril-v1/541.jpg;
542;Tio Patinhas;Abril;1;https://www.guiadosquadrinhos.com/capas/tio-patinhas/tph0031;https://www.papersera.net/vilaxurupita/tp/tp526_550.htm;https://www.papersera.net/vilaxurupita/tp/br_tp_0542a.jpg;200;image/jpeg;204;312;31746;a92c0db00feaef474d45d95a2ae5e8aa1eee69cf55b77ffb217f4ff1568e0bbc;image/jpeg;37395;89e06f5f210ad5e931ccf9e5b5927c00ec97c8706553fbd0fc03fb3027936ef7;backend/src/main/resources/META-INF/resources/capas/tio-patinhas-abril-v1/542.jpg;
543;Tio Patinhas;Abril;1;https://www.guiadosquadrinhos.com/capas/tio-patinhas/tph0031;https://www.papersera.net/vilaxurupita/tp/tp526_550.htm;https://www.papersera.net/vilaxurupita/tp/br_tp_0543a.jpg;200;image/jpeg;204;312;36227;86ae39c4b95d9db75c63506611ab7fdde74843480632409698050f470c6fa548;image/jpeg;42569;3a854f864a899b442e91bbad1a29797a75c0d9107c2b70eb603f9d743feca5d8;backend/src/main/resources/META-INF/resources/capas/tio-patinhas-abril-v1/543.jpg;
544;Tio Patinhas;Abril;1;https://www.guiadosquadrinhos.com/capas/tio-patinhas/tph0031;https://www.papersera.net/vilaxurupita/tp/tp526_550.htm;https://www.papersera.net/vilaxurupita/tp/br_tp_0544a.jpg;200;image/jpeg;204;312;35679;ce19dbeeaaa0ed82a9f50668317756c9d1ea25c820219e5a53e89c93c0e76ad6;image/jpeg;41862;3d9f3b9f9b0471c358e1c7d445ef2eeeef54be36290383136d68adf75c63add4;backend/src/main/resources/META-INF/resources/capas/tio-patinhas-abril-v1/544.jpg;
545;Tio Patinhas;Abril;1;https://www.guiadosquadrinhos.com/capas/tio-patinhas/tph0031;https://www.papersera.net/vilaxurupita/tp/tp526_550.htm;https://www.papersera.net/vilaxurupita/tp/br_tp_0545a.jpg;200;image/jpeg;204;312;38955;4a84c39abf4345d7d40dca5f505f97f762476c2416e1eb30207992124df21482;image/jpeg;45560;1e0681e60dfecf7d6d51990e53bc51c8a7bb88d2e01ee93a1eaac9f077956101;backend/src/main/resources/META-INF/resources/capas/tio-patinhas-abril-v1/545.jpg;
546;Tio Patinhas;Abril;1;https://www.guiadosquadrinhos.com/capas/tio-patinhas/tph0031;https://www.papersera.net/vilaxurupita/tp/tp526_550.htm;https://www.papersera.net/vilaxurupita/tp/br_tp_0546a.jpg;200;image/jpeg;204;312;39318;f8bea1eaf800ab90a15455a6a21822ad4ca02bf7a0d376b51ee3c1fbfd8b33ec;image/jpeg;46040;52d4910de11c405c94eae0d46736d849ae30f3e493762bfb7c5c20a5a74391fa;backend/src/main/resources/META-INF/resources/capas/tio-patinhas-abril-v1/546.jpg;
547;Tio Patinhas;Abril;1;https://www.guiadosquadrinhos.com/capas/tio-patinhas/tph0031;https://www.papersera.net/vilaxurupita/tp/tp526_550.htm;https://www.papersera.net/vilaxurupita/tp/br_tp_0547a.jpg;200;image/jpeg;204;312;34355;e65b2bc35a909cf655a98a29a878d48e8d921c10502e0d94b6a904743d29c2e2;image/jpeg;40418;fe6e78d21db8fcbe3e81a3c13179826fdefef68b0c55652cfc88475391d1955a;backend/src/main/resources/META-INF/resources/capas/tio-patinhas-abril-v1/547.jpg;
548;Tio Patinhas;Abril;1;https://www.guiadosquadrinhos.com/capas/tio-patinhas/tph0031;https://www.papersera.net/vilaxurupita/tp/tp526_550.htm;https://www.papersera.net/vilaxurupita/tp/br_tp_0548a.jpg;200;image/jpeg;204;312;36927;fca9626a09cab5d7811d0cadf2024986206380b1cefec468b2e44c37fc400dce;image/jpeg;43406;808198d402e2757c052541bacb332c62099c9164a49309bd727d1ccb1375fcfc;backend/src/main/resources/META-INF/resources/capas/tio-patinhas-abril-v1/548.jpg;
549;Tio Patinhas;Abril;1;https://www.guiadosquadrinhos.com/capas/tio-patinhas/tph0031;https://www.papersera.net/vilaxurupita/tp/tp526_550.htm;https://www.papersera.net/vilaxurupita/tp/br_tp_0549a.jpg;200;image/jpeg;204;312;36554;e51641e741cba172f74bbf649d7be24b9dfb9ba32d5612f3bde61fde40f15e84;image/jpeg;42937;95a8121d89938259a1a839a1fdb0652796bbbc312d27d75988bfdc7bbb691f17;backend/src/main/resources/META-INF/resources/capas/tio-patinhas-abril-v1/549.jpg;
550;Tio Patinhas;Abril;1;https://www.guiadosquadrinhos.com/capas/tio-patinhas/tph0031;https://www.papersera.net/vilaxurupita/tp/tp526_550.htm;https://www.papersera.net/vilaxurupita/tp/br_tp_0550a.jpg;200;image/jpeg;204;312;30307;f61df10a49458fd80078453191a7eface3c750a401515f1c501eee845df044e9;image/jpeg;35524;c728d7c9ab76a51a5bed89c02a85cea90332e8791808abe2acabdb206fbae1c7;backend/src/main/resources/META-INF/resources/capas/tio-patinhas-abril-v1/550.jpg;
551;Tio Patinhas;Abril;1;https://www.guiadosquadrinhos.com/capas/tio-patinhas/tph0031;https://www.papersera.net/vilaxurupita/tp/tp551_575.htm;https://www.papersera.net/vilaxurupita/tp/br_tp_0551a.jpg;200;image/jpeg;204;312;30530;a5083aefae55a1f15fb18b23bb3238c868aee3281770d0d5f1ec176fb8d8d3a0;image/jpeg;35979;1e54294a0665e1929dba7453560664592d430e6dae511dd8f48b7ef28c761625;backend/src/main/resources/META-INF/resources/capas/tio-patinhas-abril-v1/551.jpg;
552;Tio Patinhas;Abril;1;https://www.guiadosquadrinhos.com/capas/tio-patinhas/tph0031;https://www.papersera.net/vilaxurupita/tp/tp551_575.htm;https://www.papersera.net/vilaxurupita/tp/br_tp_0552a.jpg;200;image/jpeg;204;312;34227;23c2237bd59132e51c0c725db31dc2a7d1706708b8a6c3a019d82a4aa3b8f0ca;image/jpeg;40104;f45a774e55d99f860c0cb5c8122fae2a961769d3754ef34e9a289c0a33902c56;backend/src/main/resources/META-INF/resources/capas/tio-patinhas-abril-v1/552.jpg;
553;Tio Patinhas;Abril;1;https://www.guiadosquadrinhos.com/capas/tio-patinhas/tph0031;https://www.papersera.net/vilaxurupita/tp/tp551_575.htm;https://www.papersera.net/vilaxurupita/tp/br_tp_0553a.jpg;200;image/jpeg;204;312;36587;9fdcd734160422248f9ad1752e895bd4e4f04b67fd05406a418886b5ef97edb9;image/jpeg;42841;ec47683e7f3500943c29123a6e1f983fc0db6834379c51bd6d46b9c64f167839;backend/src/main/resources/META-INF/resources/capas/tio-patinhas-abril-v1/553.jpg;
554;Tio Patinhas;Abril;1;https://www.guiadosquadrinhos.com/capas/tio-patinhas/tph0031;https://www.papersera.net/vilaxurupita/tp/tp551_575.htm;https://www.papersera.net/vilaxurupita/tp/br_tp_0554a.jpg;200;image/jpeg;204;312;38770;4c7315a40326f2e82012333308d4f8578df4fd4ccf69b5fea70896f0548d9b00;image/jpeg;45427;9bfe26d23abfdbfcfa5bcc521a7770236a6156b38fb3da1daac7dcab91a7f1e2;backend/src/main/resources/META-INF/resources/capas/tio-patinhas-abril-v1/554.jpg;
555;Tio Patinhas;Abril;1;https://www.guiadosquadrinhos.com/capas/tio-patinhas/tph0031;https://www.papersera.net/vilaxurupita/tp/tp551_575.htm;https://www.papersera.net/vilaxurupita/tp/br_tp_0555a.jpg;200;image/jpeg;204;312;29721;d54ae07a4d58732a571a1b63053d932afd7f1b3c8f89a01909325297d56bc1ce;image/jpeg;34843;f237a45c02b78ccda0e811ec90975a40c331455f83ed07becd40b594146dcc27;backend/src/main/resources/META-INF/resources/capas/tio-patinhas-abril-v1/555.jpg;
556;Tio Patinhas;Abril;1;https://www.guiadosquadrinhos.com/capas/tio-patinhas/tph0031;https://www.papersera.net/vilaxurupita/tp/tp551_575.htm;https://www.papersera.net/vilaxurupita/tp/br_tp_0556a.jpg;200;image/jpeg;204;312;35264;bcfdb3bd60f955638a6ca26042e0696c195b8a0cad78d795a942a8c837b09736;image/jpeg;41556;38c2e9e5d3a46bf7108f3d9f7c8ab5e58d5ef8199734ca054cb1f733b3a434f3;backend/src/main/resources/META-INF/resources/capas/tio-patinhas-abril-v1/556.jpg;
557;Tio Patinhas;Abril;1;https://www.guiadosquadrinhos.com/capas/tio-patinhas/tph0031;https://www.papersera.net/vilaxurupita/tp/tp551_575.htm;https://www.papersera.net/vilaxurupita/tp/br_tp_0557a.jpg;200;image/jpeg;204;312;38266;5fb7625da14547e71758d38be67cf9101ba0ef2c799e6b5e48f7792c936ce84d;image/jpeg;44951;08ebc0a9c325680df7cffba3235f43cfe03a9b933830263e56be20875e9bce4f;backend/src/main/resources/META-INF/resources/capas/tio-patinhas-abril-v1/557.jpg;
558;Tio Patinhas;Abril;1;https://www.guiadosquadrinhos.com/capas/tio-patinhas/tph0031;https://www.papersera.net/vilaxurupita/tp/tp551_575.htm;https://www.papersera.net/vilaxurupita/tp/br_tp_0558a.jpg;200;image/jpeg;204;312;38027;b602b1cdfbd3d05c3fa80e89d2fd9044a22b84970bce6725256188835641678d;image/jpeg;44425;1b144dd9fc0174fb327d1b75746ccaa51ab92eefcd89fcd10be4f4f2b97caa19;backend/src/main/resources/META-INF/resources/capas/tio-patinhas-abril-v1/558.jpg;
559;Tio Patinhas;Abril;1;https://www.guiadosquadrinhos.com/capas/tio-patinhas/tph0031;https://www.papersera.net/vilaxurupita/tp/tp551_575.htm;https://www.papersera.net/vilaxurupita/tp/br_tp_0559a.jpg;200;image/jpeg;204;312;35696;e42c90130c76c9a6e4b99018ea9e60907fc0d5c727dc40271c5ad1833c55cbe0;image/jpeg;41995;bfc48d12a18c3b6223890b8cb3b22a813b0c85580814441c1970880644d55814;backend/src/main/resources/META-INF/resources/capas/tio-patinhas-abril-v1/559.jpg;
560;Tio Patinhas;Abril;1;https://www.guiadosquadrinhos.com/capas/tio-patinhas/tph0031;https://www.papersera.net/vilaxurupita/tp/tp551_575.htm;https://www.papersera.net/vilaxurupita/tp/br_tp_0560a.jpg;200;image/jpeg;204;312;35163;029190d6ccb2b4b50157612735dbc2deff8516d87f55f3ee954288047a57369c;image/jpeg;41096;2f95db4dc3ccccb9c593072c5c1dc50156ea9a5b0838d1f1adf05f34bd2a54b9;backend/src/main/resources/META-INF/resources/capas/tio-patinhas-abril-v1/560.jpg;
561;Tio Patinhas;Abril;1;https://www.guiadosquadrinhos.com/capas/tio-patinhas/tph0031;https://www.papersera.net/vilaxurupita/tp/tp551_575.htm;https://www.papersera.net/vilaxurupita/tp/br_tp_0561a.jpg;200;image/jpeg;204;312;36016;0c8f14432a12770596f04469726983069a888ff39f2923fe7414bb1f0930d077;image/jpeg;42264;cc18068d4686c80859c8dc27933b04d4aadc02d81581630297eb65b487f3cb24;backend/src/main/resources/META-INF/resources/capas/tio-patinhas-abril-v1/561.jpg;
562;Tio Patinhas;Abril;1;https://www.guiadosquadrinhos.com/capas/tio-patinhas/tph0031;https://www.papersera.net/vilaxurupita/tp/tp551_575.htm;https://www.papersera.net/vilaxurupita/tp/br_tp_0562a.jpg;200;image/jpeg;204;312;38470;085659e76118352584d7ccc5a0660daee7aaf0f81a3c2cfd93fb5005c1328637;image/jpeg;45170;2f820bb08530e9b94894a50b0f7082835a967006ec9b64c307476863f78f1d25;backend/src/main/resources/META-INF/resources/capas/tio-patinhas-abril-v1/562.jpg;
563;Tio Patinhas;Abril;1;https://www.guiadosquadrinhos.com/capas/tio-patinhas/tph0031;https://www.papersera.net/vilaxurupita/tp/tp551_575.htm;https://www.papersera.net/vilaxurupita/tp/br_tp_0563a.jpg;200;image/jpeg;204;312;31523;3f6e9b99b791cd1be4d69c8ea65b4da7e8421889efec30bf7ec3eb402ed1c58f;image/jpeg;36929;51935cbb8424c39782373bb7115ac2d73bc33c60e31438ec436c8eef15986aad;backend/src/main/resources/META-INF/resources/capas/tio-patinhas-abril-v1/563.jpg;
564;Tio Patinhas;Abril;1;https://www.guiadosquadrinhos.com/capas/tio-patinhas/tph0031;https://www.papersera.net/vilaxurupita/tp/tp551_575.htm;https://www.papersera.net/vilaxurupita/tp/br_tp_0564a.jpg;200;image/jpeg;204;312;35504;c317bb0f77e773248c5904e7770e4a106f37101cf73ec3bd7327d2e79510b663;image/jpeg;41705;c75894540e6b93cffd1e7a49b1a5d1f9866077dadbdea818449c6955268ddee1;backend/src/main/resources/META-INF/resources/capas/tio-patinhas-abril-v1/564.jpg;
565;Tio Patinhas;Abril;1;https://www.guiadosquadrinhos.com/capas/tio-patinhas/tph0031;https://www.papersera.net/vilaxurupita/tp/tp551_575.htm;https://www.papersera.net/vilaxurupita/tp/br_tp_0565a.jpg;200;image/jpeg;204;312;37304;94113ec8e6823993b17ca14cd206bb9b378fcbddb2fb80a0bdb5371637d177f2;image/jpeg;43629;9774ae7a2359e3e099ae8c8c85449a735d34c8e770c67f221eb3114240e40b12;backend/src/main/resources/META-INF/resources/capas/tio-patinhas-abril-v1/565.jpg;
566;Tio Patinhas;Abril;1;https://www.guiadosquadrinhos.com/capas/tio-patinhas/tph0031;https://www.papersera.net/vilaxurupita/tp/tp551_575.htm;https://www.papersera.net/vilaxurupita/tp/br_tp_0566a.jpg;200;image/jpeg;204;312;41831;c46c806dc63e7884ac6cc6b711a2c487c68bf854e942c5c5d307e3a58bfff6a6;image/jpeg;48725;4600e34698c077009fdedaac396dbccc2913ed3a0369581b6f16263661c155e7;backend/src/main/resources/META-INF/resources/capas/tio-patinhas-abril-v1/566.jpg;
567;Tio Patinhas;Abril;1;https://www.guiadosquadrinhos.com/capas/tio-patinhas/tph0031;https://www.papersera.net/vilaxurupita/tp/tp551_575.htm;https://www.papersera.net/vilaxurupita/tp/br_tp_0567a.jpg;200;image/jpeg;204;312;35009;a1b1b7c4ec59d65bd1ae929f59de0192d5dc6a6b38cbc07eda124e1d74357089;image/jpeg;41070;5614fb82714240512d8396d6e50dbec73d8f2f08047ff4a43389dc24c14793fd;backend/src/main/resources/META-INF/resources/capas/tio-patinhas-abril-v1/567.jpg;
568;Tio Patinhas;Abril;1;https://www.guiadosquadrinhos.com/capas/tio-patinhas/tph0031;https://www.papersera.net/vilaxurupita/tp/tp551_575.htm;https://www.papersera.net/vilaxurupita/tp/br_tp_0568a.jpg;200;image/jpeg;204;312;35087;2620afe0e3d1bdad347918049d0e1bd471575e67997ff6c2b4dc5ecb59594bfc;image/jpeg;41364;046046d1e33836f59819dc1879c84e0eec208566ef188b224308e7198302e9e1;backend/src/main/resources/META-INF/resources/capas/tio-patinhas-abril-v1/568.jpg;
569;Tio Patinhas;Abril;1;https://www.guiadosquadrinhos.com/capas/tio-patinhas/tph0031;https://www.papersera.net/vilaxurupita/tp/tp551_575.htm;https://www.papersera.net/vilaxurupita/tp/br_tp_0569a.jpg;200;image/jpeg;204;312;34329;5427095cd9c75dd0b48da6728b9ce713b67506a66acc2f4d914d570dd086eb58;image/jpeg;40331;3df74750db4ed85b6e1b735b8efbf4808f442e6f0d31376e4744b2a8d706238f;backend/src/main/resources/META-INF/resources/capas/tio-patinhas-abril-v1/569.jpg;
570;Tio Patinhas;Abril;1;https://www.guiadosquadrinhos.com/capas/tio-patinhas/tph0031;https://www.papersera.net/vilaxurupita/tp/tp551_575.htm;https://www.papersera.net/vilaxurupita/tp/br_tp_0570a.jpg;200;image/jpeg;204;312;34298;c20471293650ea6e8fc497cfcadf9e65c5e73fc07bd9e8ba34a7a392c8dbe8df;image/jpeg;40229;1dea06a11107350572b2cfd0f7696931701a45502512f2389922eb24f8626d2f;backend/src/main/resources/META-INF/resources/capas/tio-patinhas-abril-v1/570.jpg;
571;Tio Patinhas;Abril;1;https://www.guiadosquadrinhos.com/capas/tio-patinhas/tph0031;https://www.papersera.net/vilaxurupita/tp/tp551_575.htm;https://www.papersera.net/vilaxurupita/tp/br_tp_0571a.jpg;200;image/jpeg;204;312;35869;3e25339ef45bd85b37df5e5341d31152ac17c036a1f86e82f634493143e1c117;image/jpeg;42001;49648aaf04548ff7446bc03a340b6c88f0936000bc5e499e13ad1656dbe92578;backend/src/main/resources/META-INF/resources/capas/tio-patinhas-abril-v1/571.jpg;
572;Tio Patinhas;Abril;1;https://www.guiadosquadrinhos.com/capas/tio-patinhas/tph0031;https://www.papersera.net/vilaxurupita/tp/tp551_575.htm;https://www.papersera.net/vilaxurupita/tp/br_tp_0572a.jpg;200;image/jpeg;204;312;36775;9f939d7e38649cb8fd976bbb3bf82fab3709c2d68ee5af335382933ad83202ed;image/jpeg;43095;ecdce5169f41be9c2a5333a1e259a646094d5491515d86a73d62322a35794e70;backend/src/main/resources/META-INF/resources/capas/tio-patinhas-abril-v1/572.jpg;
573;Tio Patinhas;Abril;1;https://www.guiadosquadrinhos.com/capas/tio-patinhas/tph0031;https://www.papersera.net/vilaxurupita/tp/tp551_575.htm;https://www.papersera.net/vilaxurupita/tp/br_tp_0573a.jpg;200;image/jpeg;204;312;32884;deeda0ae2c0811361a2822b998eab5d95ef8d794d8d6a996a560495bae8b9094;image/jpeg;38711;5ec69ffaa4e901f2349da57da86a9753588a315b66fe37c49fa946324357f14b;backend/src/main/resources/META-INF/resources/capas/tio-patinhas-abril-v1/573.jpg;
574;Tio Patinhas;Abril;1;https://www.guiadosquadrinhos.com/capas/tio-patinhas/tph0031;https://www.papersera.net/vilaxurupita/tp/tp551_575.htm;https://www.papersera.net/vilaxurupita/tp/br_tp_0574a.jpg;200;image/jpeg;204;312;33466;2fa659ace39173bbc710bf37c3420f96fb9f3ffd4f6c73763233263154c6953b;image/jpeg;39368;48106530229851bdbf24af95886a1890a5bc1bda63ef523de73f9126395e0674;backend/src/main/resources/META-INF/resources/capas/tio-patinhas-abril-v1/574.jpg;
575;Tio Patinhas;Abril;1;https://www.guiadosquadrinhos.com/capas/tio-patinhas/tph0031;https://www.papersera.net/vilaxurupita/tp/tp551_575.htm;https://www.papersera.net/vilaxurupita/tp/br_tp_0575a.jpg;200;image/jpeg;204;312;37720;91d8870c41db91cd2d549f425016ff896203119f49516c098330407d2dea3efa;image/jpeg;43974;f2c27065670eb93e21216f1195308d68501af534633f9d883df7867e80fd8240;backend/src/main/resources/META-INF/resources/capas/tio-patinhas-abril-v1/575.jpg;
576;Tio Patinhas;Abril;1;https://www.guiadosquadrinhos.com/capas/tio-patinhas/tph0031;https://www.papersera.net/vilaxurupita/tp/tp576_600.htm;https://www.papersera.net/vilaxurupita/tp/br_tp_0576a.jpg;200;image/jpeg;204;312;32389;ccbcc0f8dccd9a92125dd0442cf6adea52740e532799ee2408df8a9a192c1a5e;image/jpeg;38065;3d2635ce28ba4d1aa6fb4c5fdbcd1f8f7fd98a67417b71171ff8f5f58e62b39c;backend/src/main/resources/META-INF/resources/capas/tio-patinhas-abril-v1/576.jpg;
577;Tio Patinhas;Abril;1;https://www.guiadosquadrinhos.com/capas/tio-patinhas/tph0031;https://www.papersera.net/vilaxurupita/tp/tp576_600.htm;https://www.papersera.net/vilaxurupita/tp/br_tp_0577a.jpg;200;image/jpeg;204;312;33617;4440a3e95a0e32eeecb7aedd72ad2aaea4b485212994d62d32e59a5a36bf6ae6;image/jpeg;39489;1044d979fd5cf58c092d31f1d4fe2e92b6aeb78afccfd7a90b28efb6a4ab8122;backend/src/main/resources/META-INF/resources/capas/tio-patinhas-abril-v1/577.jpg;
578;Tio Patinhas;Abril;1;https://www.guiadosquadrinhos.com/capas/tio-patinhas/tph0031;https://www.papersera.net/vilaxurupita/tp/tp576_600.htm;https://www.papersera.net/vilaxurupita/tp/br_tp_0578a.jpg;200;image/jpeg;204;312;36379;ad0f4a2ebe113fd75c09308176c587ffcdfb7ec8a67dbc656e7d2f4c5f3f6865;image/jpeg;42612;d21d71442b67883e9b5c46ae54812503fe8bcbf3b45a3d801702ae3d6361ad1e;backend/src/main/resources/META-INF/resources/capas/tio-patinhas-abril-v1/578.jpg;
579;Tio Patinhas;Abril;1;https://www.guiadosquadrinhos.com/capas/tio-patinhas/tph0031;https://www.papersera.net/vilaxurupita/tp/tp576_600.htm;https://www.papersera.net/vilaxurupita/tp/br_tp_0579a.jpg;200;image/jpeg;204;312;33631;a2a90b48aeeb8b3f6580d0b77ce10bfc3e939ee6b62af079b560ebd6955a7d16;image/jpeg;39467;eebde8df66b329295a521d8bfc0ec9f0690744d2e4f009cd04b057324b713490;backend/src/main/resources/META-INF/resources/capas/tio-patinhas-abril-v1/579.jpg;
580;Tio Patinhas;Abril;1;https://www.guiadosquadrinhos.com/capas/tio-patinhas/tph0031;https://www.papersera.net/vilaxurupita/tp/tp576_600.htm;https://www.papersera.net/vilaxurupita/tp/br_tp_0580a.jpg;200;image/jpeg;204;312;38684;3fb1e23750a6f8733a9a76c06864ee8c444057cf24e569730c76c34e4c654b3a;image/jpeg;45343;1ccce283ef84c3ba31c2d4d9af6d48c40c635c248162a6bda01b928b5aafff41;backend/src/main/resources/META-INF/resources/capas/tio-patinhas-abril-v1/580.jpg;
581;Tio Patinhas;Abril;1;https://www.guiadosquadrinhos.com/capas/tio-patinhas/tph0031;https://www.papersera.net/vilaxurupita/tp/tp576_600.htm;https://www.papersera.net/vilaxurupita/tp/br_tp_0581a.jpg;200;image/jpeg;204;312;21872;4416a6267f2194d440f8ebc585de9df2e4f9d886e7893379b7f9163a6b3cba25;image/jpeg;32842;d8af700103575fb2b4d1b73f26f132bbc369d3067da6de7f48b143e88d077e53;backend/src/main/resources/META-INF/resources/capas/tio-patinhas-abril-v1/581.jpg;
582;Tio Patinhas;Abril;1;https://www.guiadosquadrinhos.com/capas/tio-patinhas/tph0031;https://www.papersera.net/vilaxurupita/tp/tp576_600.htm;https://www.papersera.net/vilaxurupita/tp/br_tp_0582a.jpg;200;image/jpeg;204;312;25024;8c3f5b70384b2861223315cf0dc27fbe15c0837779bf1af9001d09f8dbda9bd4;image/jpeg;37523;affe4d030a9dc68540c576e50fb26867463e9ba1333788c7ccf6c54bb5927578;backend/src/main/resources/META-INF/resources/capas/tio-patinhas-abril-v1/582.jpg;"A pagina 576-600 repete por engano o src da 581; o arquivo 0582a.jpg existe na mesma fonte e foi validado individualmente."
583;Tio Patinhas;Abril;1;https://www.guiadosquadrinhos.com/capas/tio-patinhas/tph0031;https://www.papersera.net/vilaxurupita/tp/tp576_600.htm;https://www.papersera.net/vilaxurupita/tp/br_tp_0583a.jpg;200;image/jpeg;204;312;21930;06f5052e464a0eac2eaf00a9149ee743b5fdb6483aaa00a4073acb8c424e62c8;image/jpeg;32705;8b9f699332308bdece8f5bb85186f615a4ccbdeea563597c4a1e0463d3b51f28;backend/src/main/resources/META-INF/resources/capas/tio-patinhas-abril-v1/583.jpg;
584;Tio Patinhas;Abril;1;https://www.guiadosquadrinhos.com/capas/tio-patinhas/tph0031;https://www.papersera.net/vilaxurupita/tp/tp576_600.htm;https://www.papersera.net/vilaxurupita/tp/br_tp_0584a.jpg;200;image/jpeg;204;312;20862;bb741b014adae61ee7e8145c1218090196b5f88d85c5224f0d62f7b973659eb5;image/jpeg;31934;9c59ec52f435f57f9cb990270dd84fd9bfd8a6ec116b35f86f2b96066c803b60;backend/src/main/resources/META-INF/resources/capas/tio-patinhas-abril-v1/584.jpg;
585;Tio Patinhas;Abril;1;https://www.guiadosquadrinhos.com/capas/tio-patinhas/tph0031;https://www.papersera.net/vilaxurupita/tp/tp576_600.htm;https://www.papersera.net/vilaxurupita/tp/br_tp_0585a.jpg;200;image/jpeg;204;312;22681;7d778a296422e853a212c6773988f2c7910ccaf7a8ef3b57dd9d938e8df4f186;image/jpeg;33723;9f5643b55467588ca221f0c4d7b61f4ca69db72c913cf61c383a9a52583ac457;backend/src/main/resources/META-INF/resources/capas/tio-patinhas-abril-v1/585.jpg;
586;Tio Patinhas;Abril;1;https://www.guiadosquadrinhos.com/capas/tio-patinhas/tph0031;https://www.papersera.net/vilaxurupita/tp/tp576_600.htm;https://www.papersera.net/vilaxurupita/tp/br_tp_0586a.jpg;200;image/jpeg;204;312;25634;b2586998d11003b41b2e1cd403758b6e761a33aa03c6de0da866d0466b7e6646;image/jpeg;38365;95da553449234c9b96ee623ac9d4303040fd16c0898ec080aa02b4e79b8beb35;backend/src/main/resources/META-INF/resources/capas/tio-patinhas-abril-v1/586.jpg;
587;Tio Patinhas;Abril;1;https://www.guiadosquadrinhos.com/capas/tio-patinhas/tph0031;https://www.papersera.net/vilaxurupita/tp/tp576_600.htm;https://www.papersera.net/vilaxurupita/tp/br_tp_0587a.jpg;200;image/jpeg;204;312;23352;b3c6a0a88856eb7a77422b3da45a10cb945a0309d4afee52752d327f967f0376;image/jpeg;34675;3260a1dda6b3f1c2d45e9b3dd93660075e3769e3cbc2e46e761ed949ccba5afb;backend/src/main/resources/META-INF/resources/capas/tio-patinhas-abril-v1/587.jpg;
588;Tio Patinhas;Abril;1;https://www.guiadosquadrinhos.com/capas/tio-patinhas/tph0031;https://www.papersera.net/vilaxurupita/tp/tp576_600.htm;https://www.papersera.net/vilaxurupita/tp/br_tp_0588a.jpg;200;image/jpeg;204;312;23777;23246aa52ba0045028a740c58148078295c2f5f5d214361f710e856e1524bf69;image/jpeg;35855;fc90560b7eefb8846e67d2839a165938dc76894605ee3f51ba5e9462d767eb1d;backend/src/main/resources/META-INF/resources/capas/tio-patinhas-abril-v1/588.jpg;
589;Tio Patinhas;Abril;1;https://www.guiadosquadrinhos.com/capas/tio-patinhas/tph0031;https://www.papersera.net/vilaxurupita/tp/tp576_600.htm;https://www.papersera.net/vilaxurupita/tp/br_tp_0589a.jpg;200;image/jpeg;204;312;24627;06ffe0ec0f3f49118456af7ec23fdf8b239c4bbeeb8677c93e55849f6c2b22ae;image/jpeg;36468;80755fd5e45f97a2eb29dbcabba784c25adc7c86a221b3705f0d357268291d68;backend/src/main/resources/META-INF/resources/capas/tio-patinhas-abril-v1/589.jpg;
590;Tio Patinhas;Abril;1;https://www.guiadosquadrinhos.com/capas/tio-patinhas/tph0031;https://www.papersera.net/vilaxurupita/tp/tp576_600.htm;https://www.papersera.net/vilaxurupita/tp/br_tp_0590a.jpg;200;image/jpeg;204;312;25102;d6f4833445874487c730b1a57f8b37b005272fc554b65aad7e4bae6f9bdd0de2;image/jpeg;37639;4b8b9fe2c1212538f2adc09d5ebc76a5e9670c94a3b5003c169c5d872668c5bb;backend/src/main/resources/META-INF/resources/capas/tio-patinhas-abril-v1/590.jpg;
591;Tio Patinhas;Abril;1;https://www.guiadosquadrinhos.com/capas/tio-patinhas/tph0031;https://www.papersera.net/vilaxurupita/tp/tp576_600.htm;https://www.papersera.net/vilaxurupita/tp/br_tp_0591a.jpg;200;image/jpeg;204;312;26928;7948b807c5ad5321258c44d44b7ad871bba98edc18346116f051144b6b52dfc4;image/jpeg;40551;9de02a2b68485df9a2ebd768ddd2f350daf56e6900348729ad26bdb5f987d022;backend/src/main/resources/META-INF/resources/capas/tio-patinhas-abril-v1/591.jpg;
592;Tio Patinhas;Abril;1;https://www.guiadosquadrinhos.com/capas/tio-patinhas/tph0031;https://www.papersera.net/vilaxurupita/tp/tp576_600.htm;https://www.papersera.net/vilaxurupita/tp/br_tp_0592a.jpg;200;image/jpeg;204;312;22302;efb7b38af01bc2df99c5f7e5a1652e59a63fb1ef49915baf86b0c81995bccd92;image/jpeg;33229;3c1bba9657ee1936c2fddea7479f3e392382b2672aab439cdb7ed5346f5160a5;backend/src/main/resources/META-INF/resources/capas/tio-patinhas-abril-v1/592.jpg;
593;Tio Patinhas;Abril;1;https://www.guiadosquadrinhos.com/capas/tio-patinhas/tph0031;https://www.papersera.net/vilaxurupita/tp/tp576_600.htm;https://www.papersera.net/vilaxurupita/tp/br_tp_0593a.jpg;200;image/jpeg;204;312;54297;10bb179c65854241b74a7a2cb05657dfec4f6894870c172927a1d67ce4da7e6d;image/jpeg;35698;830c52d9017887c79ac2ad431f0c99f85cc14076d5c91c1172c90505b1964413;backend/src/main/resources/META-INF/resources/capas/tio-patinhas-abril-v1/593.jpg;
594;Tio Patinhas;Abril;1;https://www.guiadosquadrinhos.com/capas/tio-patinhas/tph0031;https://www.papersera.net/vilaxurupita/tp/tp576_600.htm;https://www.papersera.net/vilaxurupita/tp/br_tp_0594a.jpg;200;image/jpeg;204;312;54550;02f1e769bbb0dc0fd04fc8bc455d58739d6919723845a766de62153b623e25e6;image/jpeg;37646;e9706a6ab6537aaccc1bd032e3f71b36733bab7ec1d54c470c2e590f26641e71;backend/src/main/resources/META-INF/resources/capas/tio-patinhas-abril-v1/594.jpg;
595;Tio Patinhas;Abril;1;https://www.guiadosquadrinhos.com/capas/tio-patinhas/tph0031;https://www.papersera.net/vilaxurupita/tp/tp576_600.htm;https://www.papersera.net/vilaxurupita/tp/br_tp_0595a.jpg;200;image/jpeg;204;312;50694;1fc021d003562a3383fa6440abb7e423f9fcd80e1ba05e8cee8029187bf6abba;image/jpeg;32957;d990a2f0cb448e1224db69dfa731090470de70f015a04a68a7f1da0ad41308ed;backend/src/main/resources/META-INF/resources/capas/tio-patinhas-abril-v1/595.jpg;
596;Tio Patinhas;Abril;1;https://www.guiadosquadrinhos.com/capas/tio-patinhas/tph0031;https://www.papersera.net/vilaxurupita/tp/tp576_600.htm;https://www.papersera.net/vilaxurupita/tp/br_tp_0596a.jpg;200;image/jpeg;204;312;54134;e9f8ade41d758b7daa0fb8445f0cf65976a2ffb32200f3b348febcaaf922cc03;image/jpeg;35433;46ece68bd506ad09b2077a4a651ec98cc76fe2ba7f658c4dc9f07f594b48dbef;backend/src/main/resources/META-INF/resources/capas/tio-patinhas-abril-v1/596.jpg;
597;Tio Patinhas;Abril;1;https://www.guiadosquadrinhos.com/capas/tio-patinhas/tph0031;https://www.papersera.net/vilaxurupita/tp/tp576_600.htm;https://www.papersera.net/vilaxurupita/tp/br_tp_0597a.jpg;200;image/jpeg;204;312;49448;b6252dfc30cc56615b2a5fd374b298b29469e8f8e08d159717ac6034947a5333;image/jpeg;32060;3382921e70ff6bb7db7351b4c956631131597921643b2f743a1dffb7b44282b8;backend/src/main/resources/META-INF/resources/capas/tio-patinhas-abril-v1/597.jpg;
598;Tio Patinhas;Abril;1;https://www.guiadosquadrinhos.com/capas/tio-patinhas/tph0031;https://www.papersera.net/vilaxurupita/tp/tp576_600.htm;https://www.papersera.net/vilaxurupita/tp/br_tp_0598a.jpg;200;image/jpeg;204;312;54542;82cca48b6f34d03c133d1c9f582310b607203c55e332ad972dccbe14ce1142eb;image/jpeg;35426;750bc6486384f9ee9371965752441243d332affc4a5692e3c9d7595e51df2b92;backend/src/main/resources/META-INF/resources/capas/tio-patinhas-abril-v1/598.jpg;
599;Tio Patinhas;Abril;1;https://www.guiadosquadrinhos.com/capas/tio-patinhas/tph0031;https://www.papersera.net/vilaxurupita/tp/tp576_600.htm;https://www.papersera.net/vilaxurupita/tp/br_tp_0599a.jpg;200;image/jpeg;204;312;53198;c4efa902d3e1a976b8d5141a97ea8cfec477a38d3e27595764635f96e987b772;image/jpeg;35477;4962962db4afc62f2de55aaf3c08320fcb5efe20e1641a61c7fd168336cc2f60;backend/src/main/resources/META-INF/resources/capas/tio-patinhas-abril-v1/599.jpg;
600;Tio Patinhas;Abril;1;https://www.guiadosquadrinhos.com/capas/tio-patinhas/tph0031;https://www.papersera.net/vilaxurupita/tp/tp576_600.htm;https://www.papersera.net/vilaxurupita/tp/br_tp_0600a.jpg;200;image/jpeg;204;312;49959;dd3486937d4cc588b75381225cb6a600069248906b7f0ef1a08c04f70282ab6f;image/jpeg;32109;f7053a2e0db2211ff591b263e54366d4f6c38ab9d353dd17c9f4ba2288fe600b;backend/src/main/resources/META-INF/resources/capas/tio-patinhas-abril-v1/600.jpg;
601;Tio Patinhas;Abril;1;https://www.guiadosquadrinhos.com/capas/tio-patinhas/tph0031;https://www.papersera.net/vilaxurupita/tp/tp601_625.htm;https://www.papersera.net/vilaxurupita/tp/br_tp_0601a.jpg;200;image/jpeg;204;312;50073;a3d589ff936162ac2a2e96210018bdcfc8dbc6c38b1782aa543d7e954ab7b612;image/jpeg;32435;d51899ad86786a612ceb59a774967358f480b2386c3f6ced547703838430c97c;backend/src/main/resources/META-INF/resources/capas/tio-patinhas-abril-v1/601.jpg;
602;Tio Patinhas;Abril;1;https://www.guiadosquadrinhos.com/capas/tio-patinhas/tph0031;https://www.papersera.net/vilaxurupita/tp/tp601_625.htm;https://www.papersera.net/vilaxurupita/tp/br_tp_0602a.jpg;200;image/jpeg;204;312;46410;1a9a59ac0aac23a4505d0878c360880807bce5274a0edb0e27cef7639f4fd13a;image/jpeg;30098;3acbdff7bf2e1375ba1c8ebcd83515715ddbb59f365fc01e769cf62dd824e0e9;backend/src/main/resources/META-INF/resources/capas/tio-patinhas-abril-v1/602.jpg;
603;Tio Patinhas;Abril;1;https://www.guiadosquadrinhos.com/capas/tio-patinhas/tph0031;https://www.papersera.net/vilaxurupita/tp/tp601_625.htm;https://www.papersera.net/vilaxurupita/tp/br_tp_0603a.jpg;200;image/jpeg;204;312;58880;2f47bab617eb170ef25d1307a73dab84b513a79a1a47898e425b264c912b80b0;image/jpeg;38814;ef7a8f9106bfd8439f86bb4e7ee14846c437546c1394f535acc75ba12b62de5a;backend/src/main/resources/META-INF/resources/capas/tio-patinhas-abril-v1/603.jpg;
604;Tio Patinhas;Abril;1;https://www.guiadosquadrinhos.com/capas/tio-patinhas/tph0031;https://www.papersera.net/vilaxurupita/tp/tp601_625.htm;https://www.papersera.net/vilaxurupita/tp/br_tp_0604a.jpg;200;image/jpeg;204;312;57336;2ac73e0d5a488624aa96d6e862c1b59deae897fb0cf8d9c610f094183c21d5db;image/jpeg;38742;8ec3575468309f2b58bb53f3b50338aa4027545e43e43ddf675fa627b2400004;backend/src/main/resources/META-INF/resources/capas/tio-patinhas-abril-v1/604.jpg;
605;Tio Patinhas;Abril;1;https://www.guiadosquadrinhos.com/capas/tio-patinhas/tph0031;https://www.papersera.net/vilaxurupita/tp/tp601_625.htm;https://www.papersera.net/vilaxurupita/tp/br_tp_0605a.jpg;200;image/jpeg;204;312;51724;034f44d2a792f9e0ebdceb35c63a4b1cbb5e62d4b049053b651ab6f6018a700c;image/jpeg;33663;d03b5fe80f90243a3b301721f10e94fa4a1fda035eed4d5c5e0b3878b36d7521;backend/src/main/resources/META-INF/resources/capas/tio-patinhas-abril-v1/605.jpg;
606;Tio Patinhas;Abril;1;https://www.guiadosquadrinhos.com/capas/tio-patinhas/tph0031;https://www.papersera.net/vilaxurupita/tp/tp601_625.htm;https://www.papersera.net/vilaxurupita/tp/br_tp_0606a.jpg;200;image/jpeg;204;312;58584;16fb725713669cc867bc9c42e51ff28956e2b36dd1750bd98b9a5f170ec09122;image/jpeg;39282;6692e1cd7b6aad77144d124ed263e39a57056e5cf39231a0ee766782f66b5f97;backend/src/main/resources/META-INF/resources/capas/tio-patinhas-abril-v1/606.jpg;
607;Tio Patinhas;Abril;1;https://www.guiadosquadrinhos.com/capas/tio-patinhas/tph0031;https://www.papersera.net/vilaxurupita/tp/tp601_625.htm;https://www.papersera.net/vilaxurupita/tp/br_tp_0607a.jpg;200;image/jpeg;204;312;45804;940c94391f8e21e8ccd6ccd257d2a35fb8a0d3484950fa5203f2580a5710f2a7;image/jpeg;29105;ea3a19f31fbe9aa519244cac115a57175e1fbab1bb566c37e7ec25fec2df08f2;backend/src/main/resources/META-INF/resources/capas/tio-patinhas-abril-v1/607.jpg;
608;Tio Patinhas;Abril;1;https://www.guiadosquadrinhos.com/capas/tio-patinhas/tph0031;https://www.papersera.net/vilaxurupita/tp/tp601_625.htm;https://www.papersera.net/vilaxurupita/tp/br_tp_0608a.jpg;200;image/jpeg;204;312;54081;ed0d55e75ac2731a72b4e2d282b851921b9e5f8911467ccd7616e63e0b0b97a4;image/jpeg;35363;16b770c3c63dcd7689c6bab9454789ccba83ae8a8fa5b663419408414dd08069;backend/src/main/resources/META-INF/resources/capas/tio-patinhas-abril-v1/608.jpg;
609;Tio Patinhas;Abril;1;https://www.guiadosquadrinhos.com/capas/tio-patinhas/tph0031;https://www.papersera.net/vilaxurupita/tp/tp601_625.htm;https://www.papersera.net/vilaxurupita/tp/br_tp_0609a.jpg;200;image/jpeg;204;312;58054;71a58aecc4a3b7d35a2cb2e8838b7f2d7455595f203d4c5da4a617434ec9b605;image/jpeg;38225;00e6e2048a87a7424c74bd448f5624e783517fdafd2d9e7342a74b98fa901a78;backend/src/main/resources/META-INF/resources/capas/tio-patinhas-abril-v1/609.jpg;
610;Tio Patinhas;Abril;1;https://www.guiadosquadrinhos.com/capas/tio-patinhas/tph0031;https://www.papersera.net/vilaxurupita/tp/tp601_625.htm;https://www.papersera.net/vilaxurupita/tp/br_tp_0610a.jpg;200;image/jpeg;204;312;54178;b40b6bb6ad078aa62d3e7a3c6956792c00966c6975affc769317d31d2286ae86;image/jpeg;34886;f960a661644d21da65783130cc52e41a10fce15f9a4acbc89681ac7775b941ef;backend/src/main/resources/META-INF/resources/capas/tio-patinhas-abril-v1/610.jpg;
611;Tio Patinhas;Abril;1;https://www.guiadosquadrinhos.com/capas/tio-patinhas/tph0031;https://www.papersera.net/vilaxurupita/tp/tp601_625.htm;https://www.papersera.net/vilaxurupita/tp/br_tp_0611a.jpg;200;image/jpeg;204;312;57827;1c54d96b2acc44b342a64dfb3fe4b25dbc3758af5f339fc554c4542a5a2df69b;image/jpeg;37663;34288b8f91b7a0cb9e3df9616057f8c0826a9eb9c570df5ba7264d98d97843d0;backend/src/main/resources/META-INF/resources/capas/tio-patinhas-abril-v1/611.jpg;
612;Tio Patinhas;Abril;1;https://www.guiadosquadrinhos.com/capas/tio-patinhas/tph0031;https://www.papersera.net/vilaxurupita/tp/tp601_625.htm;https://www.papersera.net/vilaxurupita/tp/br_tp_0612a.jpg;200;image/jpeg;204;312;58016;e87ab868d7e4ed820aac79ad11e4505867dae94775dfaf978db110a9cd1edcfe;image/jpeg;38803;ae48e728b869abb1ed7b51f2733590b76148512597a04a56c1ab1b5f37811b93;backend/src/main/resources/META-INF/resources/capas/tio-patinhas-abril-v1/612.jpg;
613;Tio Patinhas;Abril;1;https://www.guiadosquadrinhos.com/capas/tio-patinhas/tph0031;https://www.papersera.net/vilaxurupita/tp/tp601_625.htm;https://www.papersera.net/vilaxurupita/tp/br_tp_0613a.jpg;200;image/jpeg;204;312;50129;e005362a9c51f2ed7418351a1e5b69e94b2469fba72dd9336442e3a4204a61d3;image/jpeg;33018;c35360b5629c0fba763c9c99482a204e3099179413a383b8fee11e660d44ad3a;backend/src/main/resources/META-INF/resources/capas/tio-patinhas-abril-v1/613.jpg;"A pagina 601-625 aponta por engano para 0513a.jpg; o arquivo 0613a.jpg existe na mesma fonte e foi validado individualmente."
614;Tio Patinhas;Abril;1;https://www.guiadosquadrinhos.com/capas/tio-patinhas/tph0031;https://www.papersera.net/vilaxurupita/tp/tp601_625.htm;https://www.papersera.net/vilaxurupita/tp/br_tp_0614a.jpg;200;image/jpeg;204;312;53008;55f5a2c332c68c5fdd1ecfa0bdb768bfeabacafe237b3040a7e7ac54c0234f2b;image/jpeg;35117;cf161cc06bbbbd096d472944e466497ebbf3edabca9bf9e87ad34eb4f834f0bb;backend/src/main/resources/META-INF/resources/capas/tio-patinhas-abril-v1/614.jpg;
615;Tio Patinhas;Abril;1;https://www.guiadosquadrinhos.com/capas/tio-patinhas/tph0031;https://www.papersera.net/vilaxurupita/tp/tp601_625.htm;https://www.papersera.net/vilaxurupita/tp/br_tp_0615a.jpg;200;image/jpeg;204;312;74171;57d1688ef649866c7dd5c9773c068539c5442d1a89104ec5d533e160d9976a61;image/jpeg;41245;918af8666d373d82bf3f905dad34975aee94eaa297add73b7d4b0ca20c29571d;backend/src/main/resources/META-INF/resources/capas/tio-patinhas-abril-v1/615.jpg;
616;Tio Patinhas;Abril;1;https://www.guiadosquadrinhos.com/capas/tio-patinhas/tph0031;https://www.papersera.net/vilaxurupita/tp/tp601_625.htm;https://www.papersera.net/vilaxurupita/tp/br_tp_0616a.jpg;200;image/jpeg;204;312;67976;eab41864e79f3961c9a5513a0db4411d462e134a0240a00f1d788da1dcabc4a5;image/jpeg;36262;80c1e743aea858c40d170fc20cba80a227ebbb1e4c66e01e06718c2c2bbcf492;backend/src/main/resources/META-INF/resources/capas/tio-patinhas-abril-v1/616.jpg;
617;Tio Patinhas;Abril;1;https://www.guiadosquadrinhos.com/capas/tio-patinhas/tph0031;https://www.papersera.net/vilaxurupita/tp/tp601_625.htm;https://www.papersera.net/vilaxurupita/tp/br_tp_0617a.jpg;200;image/jpeg;204;312;79135;9ea80df17f9199fad452e3eec899fc07595fcc6961861f96dea57357513188b7;image/jpeg;43552;a52072455dd2f923f833498c06deb8bd87929261608a03e382b7ff82391bb317;backend/src/main/resources/META-INF/resources/capas/tio-patinhas-abril-v1/617.jpg;
618;Tio Patinhas;Abril;1;https://www.guiadosquadrinhos.com/capas/tio-patinhas/tph0031;https://www.papersera.net/vilaxurupita/tp/tp601_625.htm;https://www.papersera.net/vilaxurupita/tp/br_tp_0618a.jpg;200;image/jpeg;204;312;73354;40385129dbf6afdaa30a7e159382798275055f880ab249cf9fd15a2efd7540a4;image/jpeg;40302;899a1b6bb502b0203a21c29c5924cf2100f79157768454ca1b4b642a76eaeeed;backend/src/main/resources/META-INF/resources/capas/tio-patinhas-abril-v1/618.jpg;
619;Tio Patinhas;Abril;1;https://www.guiadosquadrinhos.com/capas/tio-patinhas/tph0031;https://www.papersera.net/vilaxurupita/tp/tp601_625.htm;https://www.papersera.net/vilaxurupita/tp/br_tp_0619a.jpg;200;image/jpeg;204;312;87674;6aa31e749535ccbd9350abb68ee311c1d5fd24a5fcd10636c58baa4855255500;image/jpeg;47228;6ee4448d14f22033c2f760658fe5f619609bd106fee7afc1e6108f60647085e3;backend/src/main/resources/META-INF/resources/capas/tio-patinhas-abril-v1/619.jpg;
620;Tio Patinhas;Abril;1;https://www.guiadosquadrinhos.com/capas/tio-patinhas/tph0031;https://www.papersera.net/vilaxurupita/tp/tp601_625.htm;https://www.papersera.net/vilaxurupita/tp/br_tp_0620a.jpg;200;image/jpeg;204;312;73788;5d995f44c4cb0976010e7dd2cf15a734e07e39971cff7a7141a53f2493973495;image/jpeg;40618;4acaaa6da62b4f2e03b182b5bb4a8d6b77c8d90d7f2348b16cc7e3540998e882;backend/src/main/resources/META-INF/resources/capas/tio-patinhas-abril-v1/620.jpg;
621;Tio Patinhas;Abril;1;https://www.guiadosquadrinhos.com/capas/tio-patinhas/tph0031;https://www.papersera.net/vilaxurupita/tp/tp601_625.htm;https://www.papersera.net/vilaxurupita/tp/br_tp_0621a.jpg;200;image/jpeg;204;312;83899;e1af855f2ca7ed07f7907bef87c72395bc549ec94f9857904e4bdd4d0ca3a730;image/jpeg;46496;463d198bb63b0401c4d96145317ad430da53d60d6f9af82c9847485339599c96;backend/src/main/resources/META-INF/resources/capas/tio-patinhas-abril-v1/621.jpg;
622;Tio Patinhas;Abril;1;https://www.guiadosquadrinhos.com/capas/tio-patinhas/tph0031;https://www.papersera.net/vilaxurupita/tp/tp601_625.htm;https://www.papersera.net/vilaxurupita/tp/br_tp_0622a.jpg;200;image/jpeg;204;312;71076;50228cf8e302b3aacde02ab58740cf5956bce950ef3879ebaf062dcfd8147668;image/jpeg;39902;29f81e473e7405d885bf1a928157ec78dee5ed10eb02f1e1fbc077899823bd0a;backend/src/main/resources/META-INF/resources/capas/tio-patinhas-abril-v1/622.jpg;
623;Tio Patinhas;Abril;1;https://www.guiadosquadrinhos.com/capas/tio-patinhas/tph0031;https://www.papersera.net/vilaxurupita/tp/tp601_625.htm;https://www.papersera.net/vilaxurupita/tp/br_tp_0623a.jpg;200;image/jpeg;204;312;68970;72e30f41a0bdddce0a289607666394486d1f4c709c3440dfa01d515eed2d6d47;image/jpeg;38181;f9f2cd072d7229d247bf1ec3e1764bda1293b42c20db3c8ec4dcfa46d1f0e13d;backend/src/main/resources/META-INF/resources/capas/tio-patinhas-abril-v1/623.jpg;
624;Tio Patinhas;Abril;1;https://www.guiadosquadrinhos.com/capas/tio-patinhas/tph0031;https://www.papersera.net/vilaxurupita/tp/tp601_625.htm;https://www.papersera.net/vilaxurupita/tp/br_tp_0624a.jpg;200;image/jpeg;204;312;76989;dda4ed20c8cc1cd2be60470dd1820ba22c4821c6c77c661b403985f515c21bd3;image/jpeg;42451;757decf313ac19baee0472e2befba222f69847b680f1d869d0b3989c3d6a0523;backend/src/main/resources/META-INF/resources/capas/tio-patinhas-abril-v1/624.jpg;
625;Tio Patinhas;Abril;1;https://www.guiadosquadrinhos.com/capas/tio-patinhas/tph0031;https://www.papersera.net/vilaxurupita/tp/tp601_625.htm;https://www.papersera.net/vilaxurupita/tp/br_tp_0625a.jpg;200;image/jpeg;204;312;76291;956ce4890f0ba34cad6f63f2e751de74caba325865cdf36cdb6c805c6f3ae6a3;image/jpeg;42113;1c392061474653b6adea61fe0832e22bb5c8c1019287467cf664017fee7e735f;backend/src/main/resources/META-INF/resources/capas/tio-patinhas-abril-v1/625.jpg;
626;Tio Patinhas;Abril;1;https://www.guiadosquadrinhos.com/capas/tio-patinhas/tph0031;https://www.papersera.net/vilaxurupita/tp/tp626_637.htm;https://www.papersera.net/vilaxurupita/tp/br_tp_0626a.jpg;200;image/jpeg;204;312;77824;422791a9c40502faa91493941fbce11fb1f2019041c5ddd94ae56c962f34cc9b;image/jpeg;42111;4ca321ef221bb06c6801c4ea32099ea287d4c593c8eaa0aafe7ebdb253e4640e;backend/src/main/resources/META-INF/resources/capas/tio-patinhas-abril-v1/626.jpg;
627;Tio Patinhas;Abril;1;https://www.guiadosquadrinhos.com/capas/tio-patinhas/tph0031;https://www.papersera.net/vilaxurupita/tp/tp626_637.htm;https://www.papersera.net/vilaxurupita/tp/br_tp_0627a.jpg;200;image/jpeg;204;312;76255;9a41cbc721ee98d2e3ec2837f067be7b5573f92f1655e74357b152b2528a864f;image/jpeg;42049;28c34a03ae08feb59328b35ad6d432bc52767354767e7c048cd6553a5bb7c845;backend/src/main/resources/META-INF/resources/capas/tio-patinhas-abril-v1/627.jpg;
628;Tio Patinhas;Abril;1;https://www.guiadosquadrinhos.com/capas/tio-patinhas/tph0031;https://www.papersera.net/vilaxurupita/tp/tp626_637.htm;https://www.papersera.net/vilaxurupita/tp/br_tp_0628a.jpg;200;image/jpeg;204;312;78780;2434f1b014d6b0e2c0bd35de946d9d2d5f624d484ed3ea443dea827df67bc494;image/jpeg;44285;62de86f7cb082412fcd278fda6abd6637c8d9fcb4deac210f2feb87c15dfad26;backend/src/main/resources/META-INF/resources/capas/tio-patinhas-abril-v1/628.jpg;
629;Tio Patinhas;Abril;1;https://www.guiadosquadrinhos.com/capas/tio-patinhas/tph0031;https://www.papersera.net/vilaxurupita/tp/tp626_637.htm;https://www.papersera.net/vilaxurupita/tp/br_tp_0629a.jpg;200;image/jpeg;204;312;76455;e9a2093de20527787966c31a648f6df4f8867ef0a78116da047abf85d4414298;image/jpeg;41999;a798b10d268ea16a2123aa09d4cb22cbb55d98ce2243588bb1cfa2f9935e2c8c;backend/src/main/resources/META-INF/resources/capas/tio-patinhas-abril-v1/629.jpg;
630;Tio Patinhas;Abril;1;https://www.guiadosquadrinhos.com/capas/tio-patinhas/tph0031;https://www.papersera.net/vilaxurupita/tp/tp626_637.htm;https://www.papersera.net/vilaxurupita/tp/br_tp_0630a.jpg;200;image/jpeg;204;312;87611;89b8a0d21af188e623e9d92ff569cacf35b428e1f4207f1ef3953a4d9c63e563;image/jpeg;48724;46a5a5cc2177273c5833e8a8537afa273fd2ff5e8daa8306dbe2cc4a71addee8;backend/src/main/resources/META-INF/resources/capas/tio-patinhas-abril-v1/630.jpg;
631;Tio Patinhas;Abril;1;https://www.guiadosquadrinhos.com/capas/tio-patinhas/tph0031;https://www.papersera.net/vilaxurupita/tp/tp626_637.htm;https://www.papersera.net/vilaxurupita/tp/br_tp_0631a.jpg;200;image/jpeg;204;312;88485;e3d004c74eacfc02cd0e0d152aa573b357bf10694ba648d317cc848729a36cc0;image/jpeg;50442;ee11a18877f919366213afab29e72d33a6c9368a8723eb34067fdd4618f5cf90;backend/src/main/resources/META-INF/resources/capas/tio-patinhas-abril-v1/631.jpg;
632;Tio Patinhas;Abril;1;https://www.guiadosquadrinhos.com/capas/tio-patinhas/tph0031;https://www.papersera.net/vilaxurupita/tp/tp626_637.htm;https://www.papersera.net/vilaxurupita/tp/br_tp_0632a.jpg;200;image/jpeg;204;312;73026;4f573a99512631c92c5d4725a663adcf3b71c58790a2babfb129d1dc27cb19f5;image/jpeg;39784;964236811c918a9aa6b5e0993d8b435d6e6e98eb7f8e6c41eee0080548c975a2;backend/src/main/resources/META-INF/resources/capas/tio-patinhas-abril-v1/632.jpg;
633;Tio Patinhas;Abril;1;https://www.guiadosquadrinhos.com/capas/tio-patinhas/tph0031;https://www.papersera.net/vilaxurupita/tp/tp626_637.htm;https://www.papersera.net/vilaxurupita/tp/br_tp_0633a.jpg;200;image/jpeg;204;312;92417;f753dd237da4164c3d44e9600a38f38ccb328340477104bf9f89f0cdc243f198;image/jpeg;51296;4d2cb0c181cc1949375067010e393e94ca55ee3c8e770af08d03ad2364b2f936;backend/src/main/resources/META-INF/resources/capas/tio-patinhas-abril-v1/633.jpg;
634;Tio Patinhas;Abril;1;https://www.guiadosquadrinhos.com/capas/tio-patinhas/tph0031;https://www.papersera.net/vilaxurupita/tp/tp626_637.htm;https://www.papersera.net/vilaxurupita/tp/br_tp_0634a.jpg;200;image/jpeg;204;312;80150;ec02ca0ea451c6c7af662b52790c7dbe266551c2a3573d66933ffb709c09587f;image/jpeg;45499;963a3d26c44d954a1d4cb3b80a9e2a8566bb508dc4fb83e4562937b074ef463f;backend/src/main/resources/META-INF/resources/capas/tio-patinhas-abril-v1/634.jpg;
635;Tio Patinhas;Abril;1;https://www.guiadosquadrinhos.com/capas/tio-patinhas/tph0031;https://www.papersera.net/vilaxurupita/tp/tp626_637.htm;https://www.papersera.net/vilaxurupita/tp/br_tp_0635a.jpg;200;image/jpeg;204;312;78948;4468b886d62e7fd5884a6dceeecc61514a76b02380c3f23f8529d31207b4e8b2;image/jpeg;44835;62d64eb13e1b204c83bfc15eecdf319b4f752be598ed9d2c976a6607d6444660;backend/src/main/resources/META-INF/resources/capas/tio-patinhas-abril-v1/635.jpg;
636;Tio Patinhas;Abril;1;https://www.guiadosquadrinhos.com/capas/tio-patinhas/tph0031;https://www.papersera.net/vilaxurupita/tp/tp626_637.htm;https://www.papersera.net/vilaxurupita/tp/br_tp_0636a.jpg;200;image/jpeg;204;312;86895;602c8175a71ca7dbb24bb7dfe43e6f0aced1b6efd92ec012e10f58103ef09fdb;image/jpeg;46551;a001eaaba99df7251a0be3fa91f9352c651a19b717c5b31c86bab6ffffd183c8;backend/src/main/resources/META-INF/resources/capas/tio-patinhas-abril-v1/636.jpg;
637;Tio Patinhas;Abril;1;https://www.guiadosquadrinhos.com/capas/tio-patinhas/tph0031;https://www.papersera.net/vilaxurupita/tp/tp626_637.htm;https://www.papersera.net/vilaxurupita/tp/br_tp_0637a.jpg;200;image/jpeg;204;312;78399;d83e637a82dff66b503483234bc6430882491247123e9a9e186d7ab99db4372c;image/jpeg;40755;f5b760c6a371add06bbe3851e3cc07120934adda3ccc6487ae862aecc1a793e9;backend/src/main/resources/META-INF/resources/capas/tio-patinhas-abril-v1/637.jpg;
